two_theta_deg,intensity_counts
5.0013583099999996,2720
5.0040749199999999,2678
5.0067915299999992,2686
5.0095081399999994,2630
5.0122247499999997,2576
5.0149413599999999,2644
5.0176579699999992,2582
5.0203745799999995,2644
5.0230911899999997,2611
5.0258077999999999,2673
5.0285244099999993,2597
5.0312410199999995,2637
5.0339576299999997,2672
5.03667424,2788
5.0393908499999993,2628
5.0421074599999995,2651
5.0448240699999998,2691
5.04754068,2693
5.0502572899999993,2730
5.0529738999999996,2632
5.0556905099999998,2724
5.05840712,2663
5.0611237299999994,2620
5.0638403399999996,2731
5.0665569499999998,2669
5.0692735600000001,2690
5.0719901699999994,2862
5.0747067799999996,2762
5.0774233899999999,2753
5.0801399999999992,2831
5.0828566099999994,2733
5.0855732199999997,2778
5.0882898299999999,2722
5.0910064399999992,2752
5.0937230499999995,2790
5.0964396599999997,2822
5.0991562699999999,2703
5.1018728799999993,2773
5.1045894899999995,2830
5.1073060999999997,2692
5.11002271,2822
5.1127393199999993,2732
5.1154559299999995,2650
5.1181725399999998,2706
5.12088915,2769
5.1236057599999993,2709
5.1263223699999996,2624
5.1290389799999998,2543
5.13175559,2577
5.1344721999999994,2549
5.1371888099999996,2567
5.1399054199999998,2516
5.1426220300000001,2447
5.1453386399999994,2493
5.1480552499999996,2345
5.1507718599999999,2317
5.1534884699999992,2355
5.1562050799999994,2213
5.1589216899999997,2202
5.1616382999999999,2192
5.1643549099999992,2069
5.1670715199999995,2142
5.1697881299999997,1958
5.1725047399999999,2021
5.1752213499999993,1975
5.1779379599999995,1953
5.1806545699999997,1834
5.18337118,1854
5.1860877899999993,1793
5.1888043999999995,1788
5.1915210099999998,1674
5.19423762,1703
5.1969542299999993,1641
5.1996708399999996,1687
5.2023874499999998,1519
5.20510406,1578
5.2078206699999994,1584
5.2105372799999996,1607
5.2132538899999998,1468
5.2159705000000001,1609
5.2186871099999994,1521
5.2214037199999996,1478
5.2241203299999999,1491
5.2268369399999992,1456
5.2295535499999994,1505
5.2322701599999997,1511
5.2349867699999999,1508
5.2377033799999992,1467
5.2404199899999995,1427
5.2431365999999997,1490
5.2458532099999999,1500
5.2485698199999993,1403
5.2512864299999995,1434
5.2540030399999997,1392
5.25671965,1382
5.2594362599999993,1462
5.2621528699999995,1387
5.2648694799999998,1358
5.26758609,1376
5.2703026999999993,1333
5.2730193099999996,1355
5.2757359199999998,1457
5.27845253,1346
5.2811691399999994,1335
5.2838857499999996,1293
5.2866023599999998,1409
5.2893189700000001,1297
5.2920355799999994,1316
5.2947521899999996,1382
5.2974687999999999,1372
5.3001854099999992,1315
5.3029020199999994,1325
5.3056186299999997,1211
5.3083352399999999,1272
5.3110518499999992,1308
5.3137684599999995,1283
5.3164850699999997,1301
5.3192016799999999,1290
5.3219182899999993,1311
5.3246348999999995,1303
5.3273515099999997,1288
5.33006812,1213
5.3327847299999993,1226
5.3355013399999995,1227
5.3382179499999998,1230
5.34093456,1272
5.3436511699999993,1176
5.3463677799999996,1297
5.3490843899999998,1204
5.351801,1213
5.3545176099999994,1254
5.3572342199999996,1234
5.3599508299999998,1258
5.3626674399999992,1239
5.3653840499999994,1261
5.3681006599999996,1259
5.3708172699999999,1244
5.3735338800000001,1195
5.3762504899999994,1142
5.3789670999999997,1167
5.3816837099999999,1197
5.3844003199999992,1221
5.3871169299999995,1163
5.3898335399999997,1244
5.3925501499999999,1254
5.3952667599999993,1136
5.3979833699999995,1182
5.4006999799999997,1151
5.40341659,1190
5.4061331999999993,1205
5.4088498099999995,1148
5.4115664199999998,1188
5.41428303,1175
5.4169996399999993,1160
5.4197162499999996,1141
5.4224328599999998,1178
5.42514947,1201
5.4278660799999994,1140
5.4305826899999996,1201
5.4332992999999998,1086
5.4360159100000001,1140
5.4387325199999994,1152
5.4414491299999996,1078
5.4441657399999999,1130
5.4468823499999992,1207
5.4495989599999994,1163
5.4523155699999997,1175
5.4550321799999999,1105
5.4577487899999992,1142
5.4604653999999995,1122
5.4631820099999997,1114
5.4658986199999999,1045
5.4686152299999993,1095
5.4713318399999995,1076
5.4740484499999997,1074
5.47676506,1131
5.4794816699999993,1097
5.4821982799999995,1038
5.4849148899999998,1158
5.4876315,1038
5.4903481099999993,1100
5.4930647199999996,1091
5.4957813299999998,1039
5.49849794,1093
5.5012145499999994,1081
5.5039311599999996,1119
5.5066477699999998,1104
5.5093643799999992,1095
5.5120809899999994,1059
5.5147975999999996,1080
5.5175142099999999,1027
5.5202308200000001,1008
5.5229474299999994,1065
5.5256640399999997,1102
5.5283806499999999,1013
5.5310972599999992,1092
5.5338138699999995,1095
5.5365304799999997,1040
5.5392470899999999,1023
5.5419636999999993,1059
5.5446803099999995,992
5.5473969199999997,1008
5.55011353,985
5.5528301399999993,958
5.5555467499999995,1076
5.5582633599999998,1011
5.56097997,1009
5.5636965799999993,1020
5.5664131899999996,918
5.5691297999999998,1057
5.5718464099999991,1005
5.5745630199999994,986
5.5772796299999996,1054
5.5799962399999998,947
5.5827128500000001,1013
5.5854294599999994,940
5.5881460699999996,946
5.5908626799999999,984
5.5935792899999992,956
5.5962958999999994,933
5.5990125099999997,997
5.6017291199999999,973
5.6044457300000001,937
5.6071623399999995,978
5.6098789499999997,974
5.6125955599999999,893
5.6153121699999993,976
5.6180287799999995,970
5.6207453899999997,963
5.623462,962
5.6261786099999993,965
5.6288952199999995,957
5.6316118299999998,958
5.63432844,924
5.6370450499999993,1017
5.6397616599999996,914
5.6424782699999998,977
5.64519488,961
5.6479114899999994,871
5.6506280999999996,946
5.6533447099999998,907
5.6560613199999992,960
5.6587779299999994,987
5.6614945399999996,876
5.6642111499999999,935
5.6669277600000001,924
5.6696443699999994,913
5.6723609799999997,882
5.6750775899999999,870
5.6777941999999992,905
5.6805108099999995,952
5.6832274199999997,899
5.6859440299999999,859
5.6886606399999993,910
5.6913772499999995,869
5.6940938599999997,881
5.69681047,872
5.6995270799999993,931
5.7022436899999995,908
5.7049602999999998,867
5.70767691,833
5.7103935199999993,840
5.7131101299999996,857
5.7158267399999998,810
5.7185433499999991,877
5.7212599599999994,905
5.7239765699999996,849
5.7266931799999998,847
5.7294097900000001,863
5.7321263999999994,869
5.7348430099999996,896
5.7375596199999999,857
5.7402762299999992,887
5.7429928399999994,863
5.7457094499999997,880
5.7484260599999999,814
5.7511426700000001,861
5.7538592799999995,845
5.7565758899999997,836
5.7592924999999999,831
5.7620091099999993,845
5.7647257199999995,893
5.7674423299999997,849
5.77015894,886
5.7728755499999993,851
5.7755921599999995,805
5.7783087699999998,827
5.78102538,877
5.7837419899999993,840
5.7864585999999996,860
5.7891752099999998,807
5.79189182,841
5.7946084299999994,875
5.7973250399999996,792
5.8000416499999998,785
5.8027582599999992,851
5.8054748699999994,816
5.8081914799999996,821
5.8109080899999999,811
5.8136247000000001,845
5.8163413099999994,858
5.8190579199999997,815
5.8217745299999999,859
5.8244911399999992,841
5.8272077499999995,863
5.8299243599999997,822
5.8326409699999999,817
5.8353575799999993,807
5.8380741899999995,829
5.8407907999999997,827
5.84350741,840
5.8462240199999993,841
5.8489406299999995,813
5.8516572399999998,810
5.85437385,828
5.8570904599999993,841
5.8598070699999996,834
5.8625236799999998,878
5.8652402899999991,807
5.8679568999999994,825
5.8706735099999996,759
5.8733901199999998,811
5.8761067300000001,839
5.8788233399999994,809
5.8815399499999996,849
5.8842565599999999,824
5.8869731699999992,839
5.8896897799999994,788
5.8924063899999997,849
5.8951229999999999,841
5.8978396100000001,779
5.9005562199999995,838
5.9032728299999997,794
5.9059894399999999,813
5.9087060499999993,832
5.9114226599999995,778
5.9141392699999997,804
5.91685588,800
5.9195724899999993,819
5.9222890999999995,857
5.9250057099999998,849
5.92772232,816
5.9304389299999993,789
5.9331555399999996,845
5.9358721499999998,790
5.93858876,816
5.9413053699999994,795
5.9440219799999996,826
5.9467385899999998,828
5.9494551999999992,804
5.9521718099999994,895
5.9548884199999996,809
5.9576050299999999,829
5.9603216400000001,801
5.9630382499999994,814
5.9657548599999997,836
5.9684714699999999,816
5.9711880799999992,784
5.9739046899999995,770
5.9766212999999997,819
5.9793379099999999,766
5.9820545199999993,808
5.9847711299999995,773
5.9874877399999997,873
5.99020435,786
5.9929209599999993,782
5.9956375699999995,769
5.9983541799999998,799
6.00107079,769
6.0037873999999993,765
6.0065040099999996,753
6.0092206199999998,805
6.0119372299999991,705
6.0146538399999994,804
6.0173704499999996,799
6.0200870599999998,804
6.0228036700000001,854
6.0255202799999994,746
6.0282368899999996,778
6.0309534999999999,790
6.0336701099999992,831
6.0363867199999994,761
6.0391033299999997,780
6.0418199399999999,820
6.0445365500000001,754
6.0472531599999995,803
6.0499697699999997,819
6.0526863799999999,761
6.0554029899999993,792
6.0581195999999995,826
6.0608362099999997,773
6.06355282,805
6.0662694299999993,835
6.0689860399999995,843
6.0717026499999998,802
6.0744192599999991,767
6.0771358699999993,788
6.0798524799999996,745
6.0825690899999998,760
6.0852857,735
6.0880023099999994,784
6.0907189199999996,761
6.0934355299999998,781
6.0961521399999992,817
6.0988687499999994,754
6.1015853599999996,746
6.1043019699999999,817
6.1070185800000001,727
6.1097351899999994,746
6.1124517999999997,788
6.1151684099999999,747
6.1178850199999992,775
6.1206016299999995,806
6.1233182399999997,756
6.1260348499999999,768
6.1287514600000002,776
6.1314680699999995,696
6.1341846799999997,815
6.1369012899999991,824
6.1396178999999993,779
6.1423345099999995,806
6.1450511199999998,790
6.14776773,801
6.1504843399999993,823
6.1532009499999996,750
6.1559175599999998,799
6.1586341699999991,808
6.1613507799999994,759
6.1640673899999996,771
6.1667839999999998,816
6.1695006100000001,821
6.1722172199999994,750
6.1749338299999996,801
6.1776504399999999,829
6.1803670499999992,767
6.1830836599999994,742
6.1858002699999997,821
6.1885168799999999,813
6.1912334900000001,803
6.1939500999999995,807
6.1966667099999997,772
6.1993833199999999,773
6.2020999299999993,742
6.2048165399999995,779
6.2075331499999997,744
6.21024976,822
6.2129663699999993,818
6.2156829799999995,778
6.2183995899999998,796
6.2211161999999991,820
6.2238328099999993,768
6.2265494199999996,781
6.2292660299999998,784
6.23198264,762
6.2346992499999994,759
6.2374158599999996,771
6.2401324699999998,753
6.2428490799999992,774
6.2455656899999994,796
6.2482822999999996,807
6.2509989099999999,787
6.2537155200000001,793
6.2564321299999994,787
6.2591487399999997,767
6.2618653499999999,803
6.2645819599999992,775
6.2672985699999995,791
6.2700151799999997,768
6.2727317899999999,830
6.2754484000000001,749
6.2781650099999995,822
6.2808816199999997,791
6.2835982299999991,789
6.2863148399999993,794
6.2890314499999995,774
6.2917480599999998,746
6.29446467,758
6.2971812799999993,763
6.2998978899999996,777
6.3026144999999998,787
6.3053311099999991,801
6.3080477199999994,732
6.3107643299999996,697
6.3134809399999998,789
6.31619755,775
6.3189141599999994,767
6.3216307699999996,807
6.3243473799999999,828
6.3270639899999992,784
6.3297805999999994,781
6.3324972099999997,779
6.3352138199999999,764
6.3379304300000001,812
6.3406470399999995,778
6.3433636499999997,814
6.3460802599999999,827
6.3487968699999993,744
6.3515134799999995,788
6.3542300899999997,802
6.3569467,761
6.3596633099999993,792
6.3623799199999995,673
6.3650965299999998,743
6.3678131399999991,794
6.3705297499999993,697
6.3732463599999996,757
6.3759629699999998,829
6.37867958,749
6.3813961899999994,735
6.3841127999999996,786
6.3868294099999998,805
6.3895460199999992,750
6.3922626299999994,748
6.3949792399999996,762
6.3976958499999999,808
6.4004124600000001,770
6.4031290699999994,743
6.4058456799999997,817
6.4085622899999999,773
6.4112788999999992,800
6.4139955099999995,766
6.4167121199999997,751
6.4194287299999999,774
6.4221453400000001,777
6.4248619499999995,794
6.4275785599999997,740
6.4302951699999991,794
6.4330117799999993,757
6.4357283899999995,732
6.4384449999999998,757
6.44116161,747
6.4438782199999993,742
6.4465948299999996,796
6.4493114399999998,773
6.4520280499999991,794
6.4547446599999994,783
6.4574612699999996,778
6.4601778799999998,763
6.46289449,729
6.4656110999999994,771
6.4683277099999996,793
6.4710443199999998,753
6.4737609299999992,782
6.4764775399999994,771
6.4791941499999997,783
6.4819107599999999,873
6.4846273700000001,792
6.4873439799999995,767
6.4900605899999997,797
6.4927771999999999,730
6.4954938099999993,752
6.4982104199999995,775
6.5009270299999997,782
6.5036436399999999,795
6.5063602499999993,745
6.5090768599999995,742
6.5117934699999998,793
6.5145100799999991,766
6.5172266899999993,777
6.5199432999999996,755
6.5226599099999998,814
6.52537652,739
6.5280931299999994,754
6.5308097399999996,801
6.5335263499999998,725
6.5362429599999992,790
6.5389595699999994,753
6.5416761799999996,794
6.5443927899999998,697
6.5471094000000001,755
6.5498260099999994,856
6.5525426199999997,744
6.5552592299999999,739
6.5579758399999992,813
6.5606924499999995,813
6.5634090599999997,772
6.5661256699999999,814
6.5688422800000001,797
6.5715588899999995,707
6.5742754999999997,798
6.5769921099999991,770
6.5797087199999993,816
6.5824253299999995,743
6.5851419399999997,815
6.58785855,765
6.5905751599999993,799
6.5932917699999996,823
6.5960083799999998,813
6.5987249899999991,768
6.6014415999999994,775
6.6041582099999996,809
6.6068748199999998,768
6.60959143,735
6.6123080399999994,799
6.6150246499999996,814
6.6177412599999998,768
6.6204578699999992,798
6.6231744799999994,776
6.6258910899999997,789
6.6286076999999999,747
6.6313243100000001,793
6.6340409199999995,798
6.6367575299999997,776
6.6394741399999999,794
6.6421907499999993,777
6.6449073599999995,781
6.6476239699999997,812
6.6503405799999999,811
6.6530571899999993,800
6.6557737999999995,826
6.6584904099999997,755
6.6612070199999991,777
6.6639236299999993,827
6.6666402399999996,801
6.6693568499999998,723
6.67207346,758
6.6747900699999994,816
6.6775066799999996,817
6.6802232899999998,838
6.6829398999999992,775
6.6856565099999994,807
6.6883731199999996,777
6.6910897299999998,728
6.6938063400000001,734
6.6965229499999994,765
6.6992395599999996,804
6.7019561699999999,770
6.7046727799999992,831
6.7073893899999995,759
6.7101059999999997,760
6.7128226099999999,761
6.7155392200000001,723
6.7182558299999995,798
6.7209724399999997,728
6.7236890499999991,817
6.7264056599999993,791
6.7291222699999995,812
6.7318388799999997,751
6.73455549,737
6.7372720999999993,737
6.7399887099999995,758
6.7427053199999998,757
6.7454219299999991,823
6.7481385399999994,739
6.7508551499999996,772
6.7535717599999998,769
6.75628837,752
6.7590049799999994,792
6.7617215899999996,813
6.7644381999999998,801
6.7671548099999992,826
6.7698714199999994,779
6.7725880299999996,784
6.7753046399999999,799
6.7780212500000001,796
6.7807378599999995,749
6.7834544699999997,809
6.7861710799999999,751
6.7888876899999993,758
6.7916042999999995,723
6.7943209099999997,824
6.7970375199999999,736
6.7997541299999993,851
6.8024707399999995,776
6.8051873499999997,804
6.8079039599999991,765
6.8106205699999993,797
6.8133371799999995,739
6.8160537899999998,815
6.8187704,779
6.8214870099999994,796
6.8242036199999996,742
6.8269202299999998,743
6.8296368399999992,737
6.8323534499999994,822
6.8350700599999996,707
6.8377866699999998,790
6.8405032800000001,783
6.8432198899999994,760
6.8459364999999996,770
6.8486531099999999,738
6.8513697199999992,728
6.8540863299999994,730
6.8568029399999997,808
6.8595195499999999,829
6.8622361600000001,743
6.8649527699999995,790
6.8676693799999997,779
6.8703859899999991,800
6.8731025999999993,760
6.8758192099999995,761
6.8785358199999997,763
6.88125243,802
6.8839690399999993,743
6.8866856499999995,744
6.8894022599999998,732
6.8921188699999991,789
6.8948354799999994,779
6.8975520899999996,785
6.9002686999999998,782
6.90298531,820
6.9057019199999994,790
6.9084185299999996,767
6.9111351399999998,769
6.9138517499999992,774
6.9165683599999994,776
6.9192849699999996,762
6.9220015799999999,840
6.9247181900000001,796
6.9274347999999994,768
6.9301514099999997,818
6.9328680199999999,783
6.9355846299999993,757
6.9383012399999995,783
6.9410178499999997,840
6.9437344599999999,760
6.9464510699999993,820
6.9491676799999995,780
6.9518842899999997,767
6.9546008999999991,783
6.9573175099999993,782
6.9600341199999995,807
6.9627507299999998,775
6.96546734,774
6.9681839499999993,775
6.9709005599999996,805
6.9736171699999998,740
6.9763337799999992,798
6.9790503899999994,800
6.9817669999999996,842
6.9844836099999998,701
6.9872002200000001,825
6.9899168299999994,775
6.9926334399999996,731
6.9953500499999999,746
6.9980666599999992,812
7.0007832699999994,761
7.0034998799999997,765
7.0062164899999999,751
7.0089331000000001,755
7.0116497099999995,742
7.0143663199999997,793
7.0170829299999991,759
7.0197995399999993,814
7.0225161499999995,739
7.0252327599999997,747
7.02794937,775
7.0306659800000002,725
7.0333825899999995,794
7.0360991999999998,768
7.0388158099999991,700
7.0415324199999993,788
7.0442490299999996,760
7.0469656399999998,750
7.04968225,808
7.0523988599999994,800
7.0551154699999996,811
7.057832079999999,760
7.0605486899999992,787
7.0632652999999994,803
7.0659819099999996,701
7.0686985199999999,809
7.0714151300000001,737
7.0741317399999994,742
7.0768483499999997,727
7.079564959999999,766
7.0822815699999992,836
7.0849981799999995,756
7.0877147899999997,724
7.0904313999999999,850
7.0931480100000002,756
7.0958646199999995,787
7.0985812299999997,802
7.1012978399999991,806
7.1040144499999993,757
7.1067310599999995,793
7.1094476699999998,808
7.11216428,772
7.1148808900000002,821
7.1175974999999996,803
7.1203141099999998,813
7.1230307199999991,788
7.1257473299999994,722
7.1284639399999996,771
7.1311805499999998,783
7.1338971600000001,815
7.1366137699999994,813
7.1393303799999996,781
7.142046989999999,783
7.1447635999999992,775
7.1474802099999994,794
7.1501968199999997,826
7.1529134299999999,797
7.1556300400000001,764
7.1583466499999995,854
7.1610632599999997,801
7.1637798699999991,824
7.1664964799999993,773
7.1692130899999995,744
7.1719296999999997,750
7.17464631,815
7.1773629200000002,762
7.1800795299999995,784
7.1827961399999998,716
7.1855127499999991,785
7.1882293599999993,708
7.1909459699999996,805
7.1936625799999998,806
7.19637919,795
7.1990957999999994,808
7.2018124099999996,810
7.204529019999999,840
7.2072456299999992,802
7.2099622399999994,758
7.2126788499999996,766
7.2153954599999999,805
7.2181120700000001,773
7.2208286799999994,788
7.2235452899999997,763
7.226261899999999,757
7.2289785099999992,813
7.2316951199999995,795
7.2344117299999997,831
7.2371283399999999,793
7.2398449500000002,756
7.2425615599999995,755
7.2452781699999997,773
7.2479947799999991,749
7.2507113899999993,776
7.2534279999999995,739
7.2561446099999998,727
7.25886122,756
7.2615778300000002,759
7.2642944399999996,824
7.2670110499999998,753
7.2697276599999991,789
7.2724442699999994,728
7.2751608799999996,738
7.2778774899999998,769
7.2805941000000001,741
7.2833107099999994,762
7.2860273199999996,772
7.288743929999999,810
7.2914605399999992,840
7.2941771499999994,711
7.2968937599999997,729
7.2996103699999999,700
7.3023269800000001,797
7.3050435899999995,805
7.3077601999999997,795
7.310476809999999,805
7.3131934199999993,744
7.3159100299999995,751
7.3186266399999997,781
7.32134325,800
7.3240598600000002,806
7.3267764699999995,832
7.3294930799999998,750
7.3322096899999991,805
7.3349262999999993,766
7.3376429099999996,758
7.3403595199999998,788
7.34307613,832
7.3457927399999994,860
7.3485093499999996,814
7.3512259599999989,785
7.3539425699999992,785
7.3566591799999994,742
7.3593757899999996,806
7.3620923999999999,762
7.3648090100000001,853
7.3675256199999994,761
7.3702422299999997,753
7.372958839999999,780
7.3756754499999992,799
7.3783920599999995,693
7.3811086699999997,834
7.3838252799999999,829
7.3865418900000002,797
7.3892584999999995,773
7.3919751099999997,839
7.3946917199999991,759
7.3974083299999993,804
7.4001249399999995,794
7.4028415499999998,832
7.40555816,792
7.4082747700000002,847
7.4109913799999996,788
7.4137079899999998,853
7.4164245999999991,792
7.4191412099999994,807
7.4218578199999996,786
7.4245744299999998,750
7.4272910400000001,817
7.4300076499999994,820
7.4327242599999996,818
7.435440869999999,761
7.4381574799999992,791
7.4408740899999994,769
7.4435906999999997,829
7.4463073099999999,827
7.4490239200000001,830
7.4517405299999995,807
7.4544571399999997,785
7.457173749999999,846
7.4598903599999993,799
7.4626069699999995,804
7.4653235799999997,786
7.46804019,789
7.4707568000000002,817
7.4734734099999995,782
7.4761900199999998,806
7.4789066299999991,856
7.4816232399999993,793
7.4843398499999996,797
7.4870564599999998,732
7.48977307,763
7.4924896799999994,784
7.4952062899999996,812
7.4979228999999989,760
7.5006395099999992,776
7.5033561199999994,791
7.5060727299999996,866
7.5087893399999999,782
7.5115059500000001,842
7.5142225599999994,732
7.5169391699999997,830
7.519655779999999,796
7.5223723899999992,822
7.5250889999999995,838
7.5278056099999997,762
7.5305222199999999,783
7.5332388300000002,789
7.5359554399999995,772
7.5386720499999997,809
7.5413886599999991,779
7.5441052699999993,841
7.5468218799999995,800
7.5495384899999998,819
7.5522551,798
7.5549717100000002,787
7.5576883199999996,754
7.5604049299999998,801
7.5631215399999991,771
7.5658381499999994,813
7.5685547599999996,787
7.5712713699999998,783
7.5739879800000001,756
7.5767045899999994,741
7.5794211999999996,756
7.582137809999999,749
7.5848544199999992,768
7.5875710299999994,786
7.5902876399999997,785
7.5930042499999999,780
7.5957208600000001,810
7.5984374699999995,833
7.6011540799999997,809
7.603870689999999,841
7.6065872999999993,825
7.6093039099999995,758
7.6120205199999997,782
7.61473713,815
7.6174537400000002,830
7.6201703499999995,850
7.6228869599999998,795
7.6256035699999991,776
7.6283201799999993,795
7.6310367899999996,786
7.6337533999999998,837
7.63647001,781
7.6391866199999994,748
7.6419032299999996,814
7.6446198399999989,781
7.6473364499999992,780
7.6500530599999994,859
7.6527696699999996,805
7.6554862799999999,787
7.6582028900000001,836
7.6609194999999994,751
7.6636361099999997,797
7.666352719999999,790
7.6690693299999992,773
7.6717859399999995,756
7.6745025499999997,776
7.6772191599999999,814
7.6799357700000002,848
7.6826523799999995,819
7.6853689899999997,819
7.6880855999999991,842
7.6908022099999993,789
7.6935188199999995,803
7.6962354299999998,823
7.69895204,804
7.7016686500000002,842
7.7043852599999996,839
7.7071018699999998,834
7.7098184799999991,774
7.7125350899999994,868
7.7152516999999996,820
7.7179683099999998,753
7.7206849200000001,813
7.7234015299999994,797
7.7261181399999996,790
7.728834749999999,824
7.7315513599999992,763
7.7342679699999994,789
7.7369845799999997,800
7.7397011899999999,847
7.7424178000000001,854
7.7451344099999995,797
7.7478510199999997,806
7.750567629999999,792
7.7532842399999993,857
7.7560008499999995,829
7.7587174599999997,854
7.76143407,792
7.7641506800000002,804
7.7668672899999995,880
7.7695838999999998,855
7.7723005099999991,815
7.7750171199999993,847
7.7777337299999996,805
7.7804503399999998,811
7.78316695,769
7.7858835599999994,812
7.7886001699999996,788
7.7913167799999989,842
7.7940333899999992,803
7.7967499999999994,792
7.7994666099999996,808
7.8021832199999999,815
7.8048998300000001,755
7.8076164399999994,836
7.8103330499999997,798
7.813049659999999,836
7.8157662699999992,836
7.8184828799999995,848
7.8211994899999997,778
7.8239160999999999,777
7.8266327100000002,806
7.8293493199999995,747
7.8320659299999997,816
7.8347825399999991,882
7.8374991499999993,833
7.8402157599999995,777
7.8429323699999998,813
7.84564898,824
7.8483655900000002,873
7.8510821999999996,817
7.8537988099999998,744
7.8565154199999991,816
7.8592320299999994,807
7.8619486399999996,799
7.8646652499999998,761
7.8673818600000001,830
7.8700984699999994,797
7.8728150799999996,828
7.875531689999999,801
7.8782482999999992,788
7.8809649099999994,809
7.8836815199999997,757
7.8863981299999999,845
7.8891147400000001,778
7.8918313499999995,783
7.8945479599999997,836
7.897264569999999,756
7.8999811799999993,780
7.9026977899999995,811
7.9054143999999997,844
7.90813101,822
7.9108476200000002,786
7.9135642299999995,878
7.9162808399999998,764
7.9189974499999991,816
7.9217140599999993,776
7.9244306699999996,808
7.9271472799999998,819
7.92986389,836
7.9325804999999994,829
7.9352971099999996,832
7.9380137199999989,813
7.9407303299999992,812
7.9434469399999994,817
7.9461635499999996,755
7.9488801599999999,836
7.9515967700000001,800
7.9543133799999994,823
7.9570299899999997,823
7.959746599999999,849
7.9624632099999992,804
7.9651798199999995,835
7.9678964299999997,803
7.9706130399999999,804
7.9733296500000002,780
7.9760462599999995,835
7.9787628699999997,843
7.9814794799999991,842
7.9841960899999993,817
7.9869126999999995,813
7.9896293099999998,771
7.99234592,828
7.9950625300000002,764
7.9977791399999996,835
8.0004957499999989,769
8.0032123599999991,826
8.0059289699999994,797
8.0086455799999996,815
8.0113621899999998,852
8.0140788000000001,746
8.0167954100000003,791
8.0195120200000005,808
8.022228629999999,824
8.0249452399999992,888
8.0276618499999994,809
8.0303784599999997,824
8.0330950699999999,826
8.0358116800000001,789
8.0385282899999986,794
8.0412448999999988,824
8.043961509999999,841
8.0466781199999993,860
8.0493947299999995,853
8.0521113399999997,835
8.05482795,747
8.0575445600000002,783
8.0602611700000004,821
8.0629777800000006,832
8.0656943899999991,844
8.0684109999999993,804
8.0711276099999996,856
8.0738442199999998,824
8.07656083,827
8.0792774399999985,796
8.0819940499999987,781
8.0847106599999989,843
8.0874272699999992,748
8.0901438799999994,841
8.0928604899999996,834
8.0955770999999999,799
8.0982937100000001,814
8.1010103200000003,790
8.1037269300000006,814
8.106443539999999,822
8.1091601499999992,804
8.1118767599999995,813
8.1145933699999997,759
8.1173099799999999,811
8.1200265900000002,808
8.1227431999999986,839
8.1254598099999988,827
8.1281764199999991,835
8.1308930299999993,813
8.1336096399999995,769
8.1363262499999998,847
8.13904286,769
8.1417594700000002,787
8.1444760800000005,778
8.1471926900000007,815
8.1499092999999991,868
8.1526259099999994,766
8.1553425199999996,798
8.1580591299999998,763
8.1607757400000001,801
8.1634923499999985,797
8.1662089599999987,813
8.168925569999999,800
8.1716421799999992,819
8.1743587899999994,843
8.1770753999999997,755
8.1797920099999999,814
8.1825086200000001,863
8.1852252300000004,819
8.1879418400000006,866
8.190658449999999,789
8.1933750599999993,782
8.1960916699999995,780
8.1988082799999997,874
8.20152489,816
8.2042415000000002,835
8.2069581099999986,800
8.2096747199999989,834
8.2123913299999991,756
8.2151079399999993,784
8.2178245499999996,773
8.2205411599999998,818
8.22325777,805
8.2259743800000003,837
8.2286909900000005,790
8.2314075999999989,811
8.2341242099999992,798
8.2368408199999994,807
8.2395574299999996,755
8.2422740399999999,766
8.2449906500000001,766
8.2477072599999985,816
8.2504238699999988,797
8.253140479999999,782
8.2558570899999992,789
8.2585736999999995,827
8.2612903099999997,863
8.2640069199999999,790
8.2667235300000002,785
8.2694401400000004,790
8.2721567500000006,841
8.2748733599999991,810
8.2775899699999993,819
8.2803065799999995,785
8.2830231899999998,862
8.2857398,811
8.2884564100000002,798
8.2911730199999987,815
8.2938896299999989,803
8.2966062399999991,834
8.2993228499999994,799
8.3020394599999996,822
8.3047560699999998,776
8.3074726800000001,806
8.3101892900000003,875
8.3129059000000005,843
8.315622509999999,808
8.3183391199999992,833
8.3210557299999994,810
8.3237723399999997,854
8.3264889499999999,843
8.3292055600000001,790
8.3319221699999986,828
8.3346387799999988,780
8.337355389999999,791
8.3400719999999993,859
8.3427886099999995,862
8.3455052199999997,801
8.34822183,789
8.3509384400000002,793
8.3536550500000004,781
8.3563716600000006,810
8.3590882699999991,730
8.3618048799999993,856
8.3645214899999996,826
8.3672380999999998,838
8.36995471,807
8.3726713199999985,828
8.3753879299999987,778
8.3781045399999989,841
8.3808211499999992,833
8.3835377599999994,857
8.3862543699999996,788
8.3889709799999999,832
8.3916875900000001,837
8.3944042000000003,819
8.3971208100000005,770
8.399837419999999,830
8.4025540299999992,782
8.4052706399999995,843
8.4079872499999997,764
8.4107038599999999,880
8.4134204700000002,829
8.4161370799999986,817
8.4188536899999988,822
8.4215702999999991,852
8.4242869099999993,858
8.4270035199999995,814
8.4297201299999998,789
8.43243674,774
8.4351533500000002,834
8.4378699600000004,769
8.4405865700000007,825
8.4433031799999991,864
8.4460197899999994,786
8.4487363999999996,823
8.4514530099999998,753
8.4541696200000001,812
8.4568862299999985,839
8.4596028399999987,823
8.462319449999999,827
8.4650360599999992,816
8.4677526699999994,778
8.4704692799999997,848
8.4731858899999999,807
8.4759025000000001,813
8.4786191100000003,793
8.4813357200000006,808
8.484052329999999,889
8.4867689399999993,828
8.4894855499999995,827
8.4922021599999997,817
8.49491877,857
8.4976353800000002,794
8.5003519899999986,823
8.5030685999999989,808
8.5057852099999991,810
8.5085018199999993,921
8.5112184299999996,809
8.5139350399999998,875
8.51665165,892
8.5193682600000002,854
8.5220848700000005,812
8.5248014799999989,808
8.5275180899999992,822
8.5302346999999994,816
8.5329513099999996,817
8.5356679199999999,832
8.5383845300000001,812
8.5411011399999985,849
8.5438177499999988,764
8.546534359999999,818
8.5492509699999992,809
8.5519675799999995,849
8.5546841899999997,812
8.5574007999999999,786
8.5601174100000001,819
8.5628340200000004,832
8.5655506300000006,829
8.5682672399999991,830
8.5709838499999993,793
8.5737004599999995,858
8.5764170699999998,835
8.57913368,839
8.5818502900000002,772
8.5845668999999987,832
8.5872835099999989,784
8.5900001199999991,840
8.5927167299999994,824
8.5954333399999996,861
8.5981499499999998,829
8.60086656,894
8.6035831700000003,777
8.6062997800000005,811
8.609016389999999,838
8.6117329999999992,784
8.6144496099999994,844
8.6171662199999997,844
8.6198828299999999,784
8.6225994400000001,843
8.6253160499999986,859
8.6280326599999988,892
8.630749269999999,851
8.6334658799999993,845
8.6361824899999995,801
8.6388990999999997,883
8.64161571,796
8.6443323200000002,838
8.6470489300000004,830
8.6497655400000006,839
8.6524821499999991,814
8.6551987599999993,847
8.6579153699999996,848
8.6606319799999998,864
8.66334859,861
8.6660651999999985,798
8.6687818099999987,838
8.6714984199999989,774
8.6742150299999992,804
8.6769316399999994,836
8.6796482499999996,890
8.6823648599999999,856
8.6850814700000001,842
8.6877980800000003,880
8.6905146900000005,788
8.693231299999999,822
8.6959479099999992,854
8.6986645199999995,852
8.7013811299999997,861
8.7040977399999999,867
8.7068143500000001,852
8.7095309599999986,896
8.7122475699999988,807
8.7149641799999991,835
8.7176807899999993,770
8.7203973999999995,856
8.7231140099999998,827
8.72583062,829
8.7285472300000002,862
8.7312638400000004,838
8.7339804500000007,863
8.7366970599999991,823
8.7394136699999994,783
8.7421302799999996,837
8.7448468899999998,801
8.7475635,862
8.7502801099999985,881
8.7529967199999987,886
8.755713329999999,802
8.7584299399999992,865
8.7611465499999994,879
8.7638631599999997,814
8.7665797699999999,865
8.7692963800000001,887
8.7720129900000003,837
8.7747296000000006,841
8.777446209999999,828
8.7801628199999993,897
8.7828794299999995,835
8.7855960399999997,807
8.7883126499999999,848
8.7910292600000002,849
8.7937458699999986,759
8.7964624799999989,872
8.7991790899999991,787
8.8018956999999993,875
8.8046123099999996,836
8.8073289199999998,758
8.81004553,840
8.8127621400000002,907
8.8154787500000005,795
8.8181953599999989,853
8.8209119699999992,872
8.8236285799999994,845
8.8263451899999996,846
8.8290617999999998,821
8.8317784100000001,780
8.8344950199999985,791
8.8372116299999988,855
8.839928239999999,779
8.8426448499999992,848
8.8453614599999995,858
8.8480780699999997,820
8.8507946799999999,917
8.8535112900000001,858
8.8562279000000004,867
8.8589445100000006,840
8.8616611199999991,770
8.8643777299999993,857
8.8670943399999995,797
8.8698109499999997,808
8.87252756,906
8.8752441700000002,796
8.8779607799999987,883
8.8806773899999989,829
8.8833939999999991,812
8.8861106099999994,886
8.8888272199999996,861
8.8915438299999998,798
8.89426044,882
8.8969770500000003,815
8.8996936600000005,900
8.902410269999999,845
8.9051268799999992,779
8.9078434899999994,825
8.9105600999999997,790
8.9132767099999999,767
8.9159933200000001,792
8.9187099299999986,812
8.9214265399999988,893
8.924143149999999,823
8.9268597599999993,865
8.9295763699999995,854
8.9322929799999997,802
8.9350095899999999,832
8.9377262000000002,864
8.9404428100000004,783
8.9431594200000006,797
8.9458760299999991,860
8.9485926399999993,867
8.9513092499999996,897
8.9540258599999998,823
8.95674247,852
8.9594590799999985,822
8.9621756899999987,887
8.9648922999999989,847
8.9676089099999992,810
8.9703255199999994,838
8.9730421299999996,810
8.9757587399999998,845
8.9784753500000001,816
8.9811919600000003,875
8.9839085700000005,788
8.986625179999999,898
8.9893417899999992,842
8.9920583999999995,813
8.9947750099999997,834
8.9974916199999999,832
9.0002082300000001,824
9.0029248399999986,788
9.0056414499999988,824
9.0083580599999991,858
9.0110746699999993,816
9.0137912799999995,875
9.0165078899999997,809
9.0192245,816
9.0219411100000002,871
9.0246577200000004,780
9.0273743300000007,847
9.0300909399999991,863
9.0328075499999994,878
9.0355241599999996,936
9.0382407699999998,817
9.0409573799999983,898
9.0436739899999985,904
9.0463905999999987,839
9.049107209999999,845
9.0518238199999992,820
9.0545404299999994,859
9.0572570399999996,876
9.0599736499999999,825
9.0626902600000001,828
9.0654068700000003,858
9.0681234800000006,802
9.0708400900000008,853
9.0735566999999993,917
9.0762733099999995,856
9.0789899199999997,813
9.0817065299999999,880
9.0844231399999984,882
9.0871397499999986,816
9.0898563599999989,852
9.0925729699999991,818
9.0952895799999993,849
9.0980061899999995,904
9.1007227999999998,896
9.10343941,772
9.1061560200000002,824
9.1088726300000005,782
9.1115892400000007,811
9.1143058499999992,843
9.1170224599999994,884
9.1197390699999996,805
9.1224556799999998,816
9.1251722899999983,834
9.1278888999999985,802
9.1306055099999988,876
9.133322119999999,836
9.1360387299999992,855
9.1387553399999994,877
9.1414719499999997,833
9.1441885599999999,864
9.1469051700000001,826
9.1496217800000004,803
9.1523383900000006,830
9.1550550000000008,882
9.1577716099999993,901
9.1604882199999995,825
9.1632048299999997,899
9.16592144,865
9.1686380499999984,853
9.1713546599999987,826
9.1740712699999989,856
9.1767878799999991,869
9.1795044899999994,823
9.1822210999999996,844
9.1849377099999998,859
9.18765432,844
9.1903709300000003,868
9.1930875400000005,859
9.1958041500000007,846
9.1985207599999992,933
9.2012373699999994,844
9.2039539799999996,809
9.2066705899999999,881
9.2093871999999983,884
9.2121038099999986,815
9.2148204199999988,824
9.217537029999999,820
9.2202536399999993,840
9.2229702499999995,850
9.2256868599999997,845
9.2284034699999999,813
9.2311200800000002,849
9.2338366900000004,887
9.2365533000000006,814
9.2392699100000009,860
9.2419865199999993,875
9.2447031299999995,797
9.2474197399999998,825
9.2501363499999982,851
9.2528529599999985,861
9.2555695699999987,881
9.2582861799999989,783
9.2610027899999992,850
9.2637193999999994,888
9.2664360099999996,886
9.2691526199999998,874
9.2718692300000001,841
9.2745858400000003,864
9.2773024500000005,859
9.2800190600000008,857
9.2827356699999992,878
9.2854522799999994,837
9.2881688899999997,864
9.2908854999999999,908
9.2936021099999984,861
9.2963187199999986,806
9.2990353299999988,832
9.3017519399999991,842
9.3044685499999993,810
9.3071851599999995,871
9.3099017699999997,845
9.31261838,857
9.3153349900000002,887
9.3180516000000004,905
9.3207682100000007,826
9.3234848199999991,781
9.3262014299999993,843
9.3289180399999996,864
9.3316346499999998,810
9.3343512599999983,842
9.3370678699999985,896
9.3397844799999987,847
9.342501089999999,797
9.3452176999999992,860
9.3479343099999994,840
9.3506509199999996,811
9.3533675299999999,874
9.3560841400000001,837
9.3588007500000003,838
9.3615173600000006,847
9.3642339700000008,856
9.3669505799999992,876
9.3696671899999995,895
9.3723837999999997,783
9.3751004099999999,853
9.3778170199999984,816
9.3805336299999986,860
9.3832502399999989,875
9.3859668499999991,826
9.3886834599999993,828
9.3914000699999995,877
9.3941166799999998,946
9.39683329,859
9.3995499000000002,811
9.4022665100000005,925
9.4049831200000007,901
9.4076997299999991,823
9.4104163399999994,908
9.4131329499999996,820
9.4158495599999998,828
9.4185661699999983,841
9.4212827799999985,866
9.4239993899999988,847
9.426715999999999,815
9.4294326099999992,834
9.4321492199999994,849
9.4348658299999997,881
9.4375824399999999,861
9.4402990500000001,849
9.4430156600000004,856
9.4457322700000006,858
9.4484488800000008,855
9.4511654899999993,869
9.4538820999999995,899
9.4565987099999997,932
9.45931532,870
9.4620319299999984,853
9.4647485399999987,872
9.4674651499999989,825
9.4701817599999991,841
9.4728983699999993,858
9.4756149799999996,880
9.4783315899999998,865
9.4810482,831
9.4837648100000003,804
9.4864814200000005,820
9.4891980300000007,842
9.4919146399999992,850
9.4946312499999994,917
9.4973478599999996,851
9.5000644699999999,788
9.5027810799999983,808
9.5054976899999986,818
9.5082142999999988,836
9.510930909999999,849
9.5136475199999992,793
9.5163641299999995,804
9.5190807399999997,860
9.5217973499999999,862
9.5245139600000002,835
9.5272305700000004,911
9.5299471800000006,876
9.5326637900000009,841
9.5353803999999993,857
9.5380970099999995,851
9.5408136199999998,842
9.5435302299999982,932
9.5462468399999985,905
9.5489634499999987,881
9.5516800599999989,808
9.5543966699999991,911
9.5571132799999994,900
9.5598298899999996,892
9.5625464999999998,912
9.5652631100000001,883
9.5679797200000003,838
9.5706963300000005,846
9.5734129400000008,824
9.5761295499999992,837
9.5788461599999994,850
9.5815627699999997,869
9.5842793799999999,849
9.5869959899999984,828
9.5897125999999986,877
9.5924292099999988,807
9.595145819999999,875
9.5978624299999993,851
9.6005790399999995,870
9.6032956499999997,865
9.60601226,884
9.6087288700000002,843
9.6114454800000004,816
9.6141620900000007,879
9.6168786999999991,833
9.6195953099999993,931
9.6223119199999996,868
9.6250285299999998,844
9.6277451399999983,864
9.6304617499999985,857
9.6331783599999987,890
9.6358949699999989,853
9.6386115799999992,891
9.6413281899999994,866
9.6440447999999996,887
9.6467614099999999,830
9.6494780200000001,854
9.6521946300000003,852
9.6549112400000006,862
9.6576278500000008,872
9.6603444599999992,867
9.6630610699999995,871
9.6657776799999997,869
9.6684942899999999,878
9.6712108999999984,853
9.6739275099999986,865
9.6766441199999988,784
9.6793607299999991,822
9.6820773399999993,929
9.6847939499999995,914
9.6875105599999998,875
9.69022717,841
9.6929437800000002,844
9.6956603900000005,900
9.6983770000000007,844
9.7010936099999991,903
9.7038102199999994,871
9.7065268299999996,878
9.7092434399999998,880
9.7119600499999983,906
9.7146766599999985,860
9.7173932699999988,907
9.720109879999999,837
9.7228264899999992,852
9.7255430999999994,880
9.7282597099999997,849
9.7309763199999999,863
9.7336929300000001,879
9.7364095400000004,853
9.7391261500000006,891
9.7418427600000008,846
9.7445593699999993,848
9.7472759799999995,887
9.7499925899999997,876
9.7527092,914
9.7554258099999984,876
9.7581424199999987,851
9.7608590299999989,871
9.7635756399999991,816
9.7662922499999993,874
9.7690088599999996,920
9.7717254699999998,828
9.77444208,826
9.7771586900000003,854
9.7798753000000005,869
9.7825919100000007,906
9.7853085199999992,894
9.7880251299999994,891
9.7907417399999996,904
9.7934583499999999,866
9.7961749599999983,838
9.7988915699999986,892
9.8016081799999988,856
9.804324789999999,838
9.8070413999999992,925
9.8097580099999995,882
9.8124746199999997,899
9.8151912299999999,839
9.8179078400000002,855
9.8206244500000004,843
9.8233410600000006,901
9.8260576700000009,890
9.8287742799999993,870
9.8314908899999995,846
9.8342074999999998,855
9.8369241099999982,848
9.8396407199999985,883
9.8423573299999987,849
9.8450739399999989,866
9.8477905499999991,853
9.8505071599999994,868
9.8532237699999996,877
9.8559403799999998,932
9.8586569900000001,838
9.8613736000000003,877
9.8640902100000005,951
9.8668068200000008,870
9.8695234299999992,887
9.8722400399999994,967
9.8749566499999997,883
9.8776732599999999,905
9.8803898699999984,889
9.8831064799999986,878
9.8858230899999988,832
9.888539699999999,875
9.8912563099999993,926
9.8939729199999995,853
9.8966895299999997,936
9.89940614,899
9.9021227500000002,894
9.9048393600000004,934
9.9075559700000007,887
9.9102725799999991,863
9.9129891899999993,921
9.9157057999999996,860
9.9184224099999998,843
9.9211390199999983,903
9.9238556299999985,903
9.9265722399999987,939
9.9292888499999989,875
9.9320054599999992,872
9.9347220699999994,878
9.9374386799999996,873
9.9401552899999999,853
9.9428719000000001,887
9.9455885100000003,917
9.9483051200000006,882
9.9510217300000008,901
9.9537383399999992,888
9.9564549499999995,855
9.9591715599999997,887
9.9618881699999999,874
9.9646047799999984,906
9.9673213899999986,902
9.9700379999999988,903
9.9727546099999991,905
9.9754712199999993,837
9.9781878299999995,833
9.9809044399999998,842
9.98362105,876
9.9863376600000002,946
9.9890542700000005,960
9.9917708800000007,887
9.9944874899999991,846
9.9972040999999994,862
9.9999207099999996,872
10.00263732,824
10.005353929999998,933
10.008070539999999,906
10.010787149999999,855
10.013503759999999,873
10.016220369999999,851
10.018936979999999,864
10.02165359,872
10.0243702,890
10.02708681,914
10.02980342,919
10.032520030000001,840
10.035236640000001,899
10.037953249999999,849
10.04066986,892
10.04338647,931
10.04610308,854
10.048819689999998,876
10.051536299999999,842
10.054252909999999,885
10.056969519999999,872
10.059686129999999,886
10.06240274,913
10.06511935,904
10.06783596,930
10.07055257,979
10.07326918,835
10.075985790000001,899
10.078702399999999,917
10.081419009999999,903
10.08413562,864
10.08685223,895
10.089568839999998,881
10.092285449999999,962
10.095002059999999,871
10.097718669999999,822
10.100435279999999,859
10.103151889999999,867
10.1058685,902
10.10858511,886
10.11130172,861
10.11401833,872
10.116734940000001,903
10.119451550000001,889
10.122168159999999,948
10.12488477,901
10.12760138,926
10.130317989999998,901
10.133034599999998,875
10.135751209999999,892
10.138467819999999,872
10.141184429999999,890
10.143901039999999,885
10.14661765,872
10.14933426,899
10.15205087,892
10.15476748,866
10.157484090000001,826
10.160200700000001,893
10.162917309999999,893
10.165633919999999,916
10.16835053,907
10.17106714,812
10.173783749999998,869
10.176500359999999,878
10.179216969999999,895
10.181933579999999,840
10.184650189999999,894
10.1873668,906
10.19008341,868
10.19280002,852
10.19551663,896
10.19823324,882
10.200949850000001,869
10.203666459999999,908
10.206383069999999,868
10.20909968,934
10.21181629,876
10.214532899999998,882
10.217249509999998,926
10.219966119999999,879
10.222682729999999,850
10.225399339999999,850
10.228115949999999,872
10.23083256,886
10.23354917,867
10.23626578,929
10.23898239,884
10.241699000000001,850
10.244415610000001,810
10.247132219999999,942
10.249848829999999,944
10.25256544,799
10.25528205,847
10.257998659999998,855
10.260715269999999,822
10.263431879999999,884
10.266148489999999,796
10.268865099999999,828
10.27158171,837
10.27429832,823
10.27701493,950
10.27973154,850
10.28244815,923
10.285164760000001,914
10.287881369999999,898
10.290597979999999,892
10.29331459,847
10.2960312,917
10.298747809999998,904
10.301464419999999,872
10.304181029999999,873
10.306897639999999,871
10.309614249999999,851
10.312330859999999,919
10.31504747,855
10.31776408,838
10.32048069,940
10.3231973,894
10.325913910000001,822
10.328630520000001,858
10.331347129999999,886
10.334063739999999,903
10.33678035,837
10.33949696,904
10.342213569999998,850
10.344930179999999,865
10.347646789999999,835
10.350363399999999,956
10.353080009999999,884
10.35579662,943
10.35851323,879
10.36122984,881
10.36394645,913
10.36666306,876
10.369379670000001,850
10.372096279999999,877
10.374812889999999,868
10.3775295,912
10.38024611,870
10.382962719999998,849
10.385679329999999,874
10.388395939999999,843
10.391112549999999,896
10.393829159999999,916
10.396545769999999,920
10.39926238,906
10.40197899,879
10.4046956,857
10.40741221,914
10.410128820000001,887
10.412845430000001,830
10.415562039999999,863
10.41827865,892
10.42099526,897
10.423711869999998,894
10.426428479999998,813
10.429145089999999,855
10.431861699999999,882
10.434578309999999,885
10.437294919999999,846
10.44001153,879
10.44272814,859
10.44544475,840
10.44816136,892
10.450877970000001,928
10.453594580000001,887
10.456311189999999,831
10.459027799999999,873
10.46174441,911
10.46446102,888
10.467177629999998,820
10.469894239999999,821
10.472610849999999,864
10.475327459999999,819
10.478044069999999,890
10.480760679999999,823
10.48347729,844
10.4861939,876
10.48891051,885
10.49162712,908
10.494343730000001,853
10.497060339999999,846
10.499776949999999,821
10.50249356,808
10.50521017,875
10.507926779999998,841
10.510643389999998,828
10.513359999999999,909
10.516076609999999,899
10.518793219999999,846
10.521509829999999,852
10.52422644,831
10.52694305,823
10.52965966,867
10.53237627,851
10.535092880000001,860
10.537809490000001,837
10.540526099999999,885
10.543242709999999,872
10.54595932,855
10.54867593,892
10.551392539999998,901
10.554109149999999,892
10.556825759999999,871
10.559542369999999,851
10.562258979999999,870
10.56497559,869
10.5676922,886
10.57040881,890
10.57312542,886
10.57584203,871
10.578558640000001,899
10.581275249999999,864
10.583991859999999,888
10.58670847,883
10.58942508,902
10.592141689999998,833
10.594858299999999,894
10.597574909999999,911
10.600291519999999,841
10.603008129999999,849
10.605724739999999,892
10.60844135,871
10.61115796,910
10.61387457,878
10.61659118,878
10.619307790000001,864
10.622024400000001,895
10.624741009999999,887
10.627457619999999,887
10.63017423,878
10.63289084,880
10.635607449999998,906
10.638324059999999,860
10.641040669999999,934
10.643757279999999,839
10.646473889999999,901
10.6491905,908
10.65190711,954
10.65462372,890
10.65734033,874
10.66005694,871
10.662773550000001,820
10.665490159999999,907
10.668206769999999,867
10.67092338,834
10.67363999,880
10.676356599999998,859
10.679073209999999,886
10.681789819999999,873
10.684506429999999,867
10.687223039999999,872
10.689939649999999,907
10.69265626,859
10.69537287,867
10.69808948,895
10.70080609,862
10.703522700000001,888
10.706239310000001,880
10.708955919999999,840
10.71167253,871
10.71438914,887
10.717105749999998,867
10.719822359999998,857
10.722538969999999,827
10.725255579999999,905
10.727972189999999,886
10.730688799999999,886
10.73340541,864
10.73612202,914
10.73883863,935
10.74155524,874
10.744271850000001,829
10.746988460000001,885
10.749705069999999,888
10.752421679999999,868
10.75513829,870
10.7578549,944
10.760571509999998,830
10.763288119999999,877
10.766004729999999,870
10.768721339999999,918
10.771437949999999,877
10.774154559999999,839
10.77687117,828
10.77958778,873
10.78230439,833
10.785021,949
10.787737610000001,859
10.790454219999999,872
10.793170829999999,781
10.79588744,787
10.79860405,859
10.801320659999998,860
10.804037269999998,857
10.806753879999999,877
10.809470489999999,918
10.812187099999999,827
10.814903709999999,895
10.81762032,862
10.82033693,889
10.82305354,949
10.82577015,839
10.828486760000001,887
10.831203370000001,920
10.833919979999999,837
10.836636589999999,859
10.8393532,843
10.84206981,894
10.844786419999998,903
10.847503029999999,869
10.850219639999999,843
10.852936249999999,885
10.855652859999999,853
10.85836947,857
10.86108608,861
10.86380269,865
10.8665193,882
10.86923591,924
10.871952520000001,864
10.874669129999999,860
10.877385739999999,874
10.88010235,863
10.88281896,896
10.885535569999998,899
10.888252179999999,911
10.890968789999999,865
10.893685399999999,881
10.896402009999999,889
10.899118619999999,865
10.90183523,883
10.90455184,904
10.90726845,894
10.90998506,868
10.912701670000001,894
10.915418280000001,920
10.918134889999999,911
10.920851499999999,923
10.92356811,831
10.92628472,858
10.929001329999998,888
10.931717939999999,920
10.934434549999999,904
10.937151159999999,850
10.939867769999999,880
10.94258438,884
10.94530099,810
10.9480176,892
10.95073421,909
10.95345082,924
10.956167430000001,879
10.958884039999999,875
10.961600649999999,888
10.96431726,890
10.96703387,915
10.969750479999998,896
10.972467089999999,840
10.975183699999999,856
10.977900309999999,884
10.980616919999999,904
10.983333529999999,892
10.98605014,893
10.98876675,908
10.99148336,942
10.99419997,863
10.996916580000001,932
10.999633190000001,905
11.002349799999999,867
11.00506641,898
11.00778302,896
11.010499629999998,909
11.013216239999998,835
11.015932849999999,949
11.018649459999999,927
11.021366069999999,921
11.024082679999999,873
11.02679929,947
11.0295159,900
11.03223251,900
11.03494912,857
11.037665730000001,840
11.040382340000001,824
11.043098949999999,879
11.045815559999999,911
11.04853217,955
11.05124878,841
11.053965389999998,904
11.056681999999999,902
11.059398609999999,878
11.062115219999999,855
11.064831829999999,918
11.067548439999999,898
11.07026505,884
11.07298166,892
11.07569827,898
11.07841488,879
11.081131490000001,942
11.083848099999999,920
11.086564709999999,892
11.08928132,883
11.09199793,901
11.094714539999998,917
11.097431149999998,891
11.100147759999999,859
11.102864369999999,928
11.105580979999999,929
11.108297589999999,936
11.1110142,928
11.11373081,910
11.11644742,901
11.11916403,840
11.121880640000001,874
11.124597250000001,878
11.127313859999999,936
11.130030469999999,964
11.13274708,912
11.13546369,886
11.138180299999998,915
11.140896909999999,913
11.143613519999999,910
11.146330129999999,896
11.149046739999999,905
11.15176335,943
11.15447996,852
11.15719657,864
11.15991318,987
11.16262979,959
11.165346400000001,941
11.168063009999999,877
11.170779619999999,905
11.17349623,866
11.17621284,923
11.178929449999998,865
11.181646059999998,895
11.184362669999999,947
11.187079279999999,890
11.189795889999999,937
11.192512499999999,892
11.19522911,896
11.19794572,899
11.20066233,914
11.20337894,910
11.206095550000001,920
11.208812160000001,958
11.211528769999999,961
11.214245379999999,880
11.21696199,902
11.2196786,870
11.222395209999998,933
11.225111819999999,910
11.227828429999999,910
11.230545039999999,886
11.233261649999999,899
11.23597826,922
11.23869487,942
11.24141148,878
11.24412809,979
11.2468447,949
11.249561310000001,891
11.252277919999999,891
11.254994529999999,927
11.25771114,873
11.26042775,904
11.263144359999998,890
11.265860969999999,939
11.268577579999999,962
11.271294189999999,909
11.274010799999999,929
11.276727409999999,969
11.27944402,910
11.28216063,866
11.28487724,964
11.28759385,903
11.290310460000001,906
11.293027070000001,895
11.295743679999999,905
11.29846029,905
11.3011769,891
11.303893509999998,913
11.306610119999998,962
11.309326729999999,928
11.312043339999999,901
11.314759949999999,912
11.317476559999999,908
11.32019317,872
11.32290978,927
11.32562639,904
11.328343,898
11.331059610000001,942
11.333776220000001,933
11.336492829999999,897
11.339209439999999,879
11.34192605,904
11.34464266,902
11.347359269999998,952
11.350075879999999,932
11.352792489999999,935
11.355509099999999,914
11.358225709999999,924
11.360942319999999,898
11.36365893,934
11.36637554,904
11.36909215,866
11.37180876,952
11.374525370000001,917
11.377241979999999,872
11.379958589999999,902
11.3826752,922
11.38539181,879
11.388108419999998,845
11.390825029999998,946
11.393541639999999,925
11.396258249999999,862
11.398974859999999,879
11.401691469999999,894
11.40440808,899
11.40712469,905
11.4098413,941
11.41255791,891
11.415274520000001,925
11.417991130000001,887
11.420707739999999,919
11.423424349999999,848
11.42614096,880
11.42885757,883
11.431574179999998,937
11.434290789999999,945
11.437007399999999,989
11.439724009999999,852
11.442440619999999,886
11.44515723,890
11.44787384,858
11.45059045,934
11.45330706,976
11.45602367,948
11.458740280000001,945
11.461456889999999,858
11.464173499999999,853
11.46689011,874
11.46960672,890
11.472323329999998,995
11.475039939999998,918
11.477756549999999,917
11.480473159999999,915
11.483189769999999,925
11.485906379999999,963
11.48862299,937
11.4913396,889
11.49405621,908
11.49677282,919
11.499489430000001,911
11.502206040000001,919
11.504922649999999,939
11.507639259999999,879
11.51035587,936
11.51307248,870
11.515789089999998,923
11.518505699999999,937
11.521222309999999,903
11.523938919999999,936
11.526655529999999,909
11.52937214,892
11.53208875,904
11.53480536,941
11.53752197,967
11.54023858,911
11.542955190000001,926
11.545671799999999,921
11.548388409999999,888
11.55110502,939
11.55382163,904
11.556538239999998,952
11.559254849999999,925
11.561971459999999,910
11.564688069999999,915
11.567404679999999,850
11.570121289999999,904
11.5728379,875
11.57555451,890
11.57827112,880
11.58098773,862
11.583704340000001,947
11.586420950000001,914
11.589137559999999,930
11.59185417,916
11.59457078,963
11.597287389999998,891
11.600003999999998,940
11.602720609999999,944
11.605437219999999,943
11.608153829999999,913
11.610870439999999,929
11.61358705,900
11.61630366,891
11.61902027,961
11.62173688,891
11.62445349,869
11.627170100000001,878
11.629886709999999,900
11.632603319999999,932
11.63531993,871
11.63803654,895
11.640753149999998,861
11.643469759999999,893
11.646186369999999,953
11.648902979999999,934
11.651619589999999,882
11.654336199999999,871
11.65705281,925
11.65976942,915
11.66248603,908
11.66520264,888
11.667919250000001,868
11.670635859999999,879
11.673352469999999,897
11.67606908,880
11.67878569,967
11.681502299999998,911
11.684218909999998,897
11.686935519999999,897
11.689652129999999,872
11.692368739999999,869
11.695085349999999,871
11.69780196,916
11.70051857,961
11.70323518,852
11.70595179,905
11.708668400000001,829
11.711385010000001,914
11.714101619999999,916
11.716818229999999,859
11.71953484,874
11.72225145,949
11.724968059999998,889
11.727684669999999,897
11.730401279999999,903
11.733117889999999,850
11.735834499999999,880
11.73855111,898
11.74126772,903
11.74398433,869
11.74670094,907
11.74941755,931
11.752134160000001,926
11.754850769999999,950
11.757567379999999,933
11.76028399,916
11.7630006,889
11.765717209999998,928
11.768433819999998,923
11.771150429999999,844
11.773867039999999,908
11.776583649999999,861
11.779300259999999,943
11.78201687,859
11.78473348,942
11.78745009,900
11.7901667,947
11.792883310000001,935
11.795599920000001,859
11.798316529999999,852
11.801033139999999,865
11.80374975,903
11.80646636,898
11.809182969999998,974
11.811899579999999,911
11.814616189999999,905
11.817332799999999,932
11.820049409999999,914
11.82276602,841
11.82548263,958
11.82819924,909
11.83091585,916
11.83363246,915
11.836349070000001,889
11.839065679999999,899
11.841782289999999,889
11.8444989,950
11.84721551,890
11.849932119999998,885
11.852648729999999,881
11.855365339999999,866
11.858081949999999,850
11.860798559999999,872
11.863515169999999,899
11.86623178,867
11.86894839,934
11.871665,896
11.87438161,831
11.877098220000001,893
11.879814830000001,883
11.882531439999999,939
11.88524805,944
11.88796466,936
11.890681269999998,900
11.893397879999998,846
11.896114489999999,858
11.898831099999999,919
11.901547709999999,874
11.904264319999999,870
11.90698093,861
11.90969754,883
11.91241415,895
11.91513076,895
11.91784737,913
11.920563980000001,910
11.923280589999999,921
11.925997199999999,861
11.92871381,871
11.93143042,875
11.934147029999998,845
11.936863639999999,904
11.939580249999999,935
11.942296859999999,937
11.945013469999999,846
11.947730079999999,890
11.95044669,844
11.9531633,944
11.95587991,882
11.95859652,897
11.961313130000001,889
11.964029739999999,912
11.966746349999999,964
11.96946296,852
11.97217957,910
11.974896179999998,904
11.977612789999998,841
11.980329399999999,900
11.983046009999999,899
11.985762619999999,910
11.988479229999999,939
11.99119584,901
11.99391245,909
11.99662906,935
11.99934567,919
12.002062280000001,938
12.004778890000001,929
12.007495499999999,966
12.010212109999999,884
12.01292872,860
12.01564533,885
12.018361939999998,938
12.021078549999999,937
12.023795159999999,909
12.026511769999999,949
12.029228379999999,864
12.03194499,927
12.0346616,902
12.03737821,937
12.04009482,893
12.04281143,918
12.045528040000001,888
12.048244649999999,855
12.050961259999999,900
12.05367787,922
12.05639448,860
12.059111089999998,927
12.061827699999998,844
12.064544309999999,843
12.067260919999999,913
12.069977529999999,855
12.072694139999999,913
12.07541075,925
12.07812736,871
12.08084397,884
12.08356058,895
12.086277190000001,927
12.088993800000001,886
12.091710409999999,908
12.094427019999999,871
12.09714363,871
12.09986024,930
12.102576849999998,893
12.105293459999999,936
12.108010069999999,860
12.110726679999999,887
12.113443289999999,886
12.1161599,873
12.11887651,896
12.12159312,900
12.12430973,887
12.12702634,922
12.129742950000001,915
12.132459559999999,933
12.135176169999999,932
12.13789278,852
12.14060939,893
12.143325999999998,898
12.146042609999999,867
12.148759219999999,897
12.151475829999999,887
12.154192439999999,897
12.156909049999999,945
12.15962566,880
12.16234227,897
12.16505888,862
12.16777549,926
12.170492100000001,938
12.173208710000001,879
12.175925319999999,938
12.17864193,936
12.18135854,920
12.184075149999998,957
12.186791759999998,891
12.189508369999999,841
12.192224979999999,884
12.194941589999999,887
12.197658199999999,962
12.20037481,1004
12.20309142,903
12.20580803,925
12.20852464,880
12.21124125,891
12.213957860000001,905
12.216674469999999,926
12.219391079999999,901
12.22210769,873
12.2248243,907
12.227540909999998,924
12.230257519999999,870
12.232974129999999,921
12.235690739999999,889
12.238407349999999,1000
12.241123959999999,932
12.24384057,915
12.24655718,895
12.24927379,877
12.2519904,850
12.254707010000001,963
12.257423619999999,908
12.260140229999999,917
12.26285684,935
12.26557345,916
12.268290059999998,967
12.271006669999998,942
12.273723279999999,890
12.276439889999999,892
12.279156499999999,842
12.281873109999999,954
12.28458972,953
12.28730633,903
12.29002294,864
12.29273955,888
12.295456160000001,914
12.298172770000001,940
12.300889379999999,894
12.303605989999999,902
12.3063226,814
12.30903921,871
12.311755819999998,904
12.314472429999999,889
12.317189039999999,951
12.319905649999999,936
12.322622259999999,918
12.32533887,864
12.32805548,836
12.33077209,939
12.3334887,886
12.33620531,890
12.338921920000001,907
12.341638529999999,950
12.344355139999999,851
12.34707175,907
12.34978836,899
12.352504969999998,889
12.355221579999998,949
12.357938189999999,999
12.360654799999999,893
12.363371409999999,900
12.366088019999999,874
12.36880463,945
12.37152124,898
12.37423785,949
12.37695446,894
12.379671070000001,950
12.382387680000001,881
12.385104289999999,919
12.387820899999999,901
12.39053751,943
12.39325412,878
12.395970729999998,896
12.398687339999999,934
12.401403949999999,938
12.404120559999999,895
12.406837169999999,828
12.40955378,899
12.41227039,911
12.414987,904
12.41770361,868
12.42042022,882
12.423136830000001,893
12.425853439999999,968
12.428570049999999,865
12.43128666,876
12.43400327,918
12.436719879999998,900
12.439436489999999,947
12.442153099999999,861
12.444869709999999,923
12.447586319999999,859
12.450302929999999,919
12.45301954,873
12.45573615,871
12.45845276,991
12.46116937,907
12.463885980000001,980
12.466602590000001,886
12.469319199999999,929
12.47203581,936
12.47475242,865
12.477469029999998,916
12.480185639999998,929
12.482902249999999,917
12.485618859999999,846
12.488335469999999,855
12.491052079999999,929
12.49376869,958
12.4964853,915
12.49920191,849
12.50191852,925
12.50463513,897
12.507351740000001,918
12.510068349999999,887
12.512784959999999,882
12.51550157,891
12.51821818,922
12.520934789999998,927
12.523651399999999,935
12.526368009999999,929
12.529084619999999,922
12.531801229999999,878
12.534517839999999,868
12.53723445,875
12.53995106,927
12.54266767,839
12.54538428,869
12.548100890000001,929
12.550817499999999,911
12.553534109999999,929
12.55625072,920
12.55896733,897
12.561683939999998,932
12.564400549999998,868
12.567117159999999,936
12.569833769999999,901
12.572550379999999,875
12.575266989999999,834
12.5779836,923
12.58070021,881
12.58341682,905
12.58613343,942
12.588850040000001,927
12.591566650000001,891
12.594283259999999,906
12.596999869999999,941
12.59971648,947
12.60243309,972
12.605149699999998,886
12.607866309999999,966
12.610582919999999,937
12.613299529999999,916
12.616016139999999,935
12.618732749999999,919
12.62144936,907
12.62416597,944
12.62688258,936
12.62959919,911
12.632315800000001,897
12.635032409999999,970
12.637749019999999,880
12.64046563,902
12.64318224,902
12.645898849999998,903
12.648615459999998,1036
12.651332069999999,877
12.654048679999999,940
12.656765289999999,892
12.659481899999999,1000
12.66219851,900
12.66491512,939
12.66763173,919
12.67034834,905
12.673064950000001,976
12.675781560000001,941
12.678498169999999,879
12.681214779999999,957
12.68393139,969
12.686648,888
12.689364609999998,950
12.692081219999999,961
12.694797829999999,923
12.697514439999999,912
12.700231049999999,829
12.70294766,937
12.70566427,949
12.70838088,951
12.71109749,901
12.7138141,891
12.716530710000001,955
12.719247319999999,915
12.721963929999999,904
12.72468054,906
12.72739715,913
12.730113759999998,927
12.732830369999999,870
12.735546979999999,861
12.738263589999999,897
12.740980199999999,915
12.743696809999999,892
12.74641342,920
12.74913003,981
12.75184664,956
12.75456325,903
12.757279860000001,866
12.759996470000001,869
12.762713079999999,892
12.765429689999999,954
12.7681463,946
12.770862909999998,887
12.773579519999998,898
12.776296129999999,969
12.779012739999999,915
12.781729349999999,931
12.784445959999999,918
12.78716257,949
12.78987918,945
12.79259579,883
12.7953124,946
12.79802901,1011
12.800745620000001,959
12.803462229999999,935
12.806178839999999,905
12.80889545,966
12.81161206,901
12.814328669999998,890
12.817045279999999,857
12.819761889999999,946
12.822478499999999,916
12.825195109999999,880
12.827911719999999,935
12.83062833,950
12.83334494,948
12.83606155,896
12.83877816,928
12.841494770000001,950
12.844211379999999,939
12.846927989999999,948
12.8496446,895
12.85236121,901
12.855077819999998,932
12.857794429999998,906
12.860511039999999,864
12.863227649999999,922
12.865944259999999,864
12.868660869999999,888
12.87137748,932
12.87409409,899
12.8768107,882
12.87952731,897
12.882243920000001,877
12.884960530000001,914
12.887677139999999,903
12.890393749999999,956
12.89311036,916
12.89582697,872
12.898543579999998,899
12.901260189999999,886
12.903976799999999,919
12.906693409999999,953
12.909410019999999,935
12.912126629999999,947
12.91484324,892
12.91755985,912
12.92027646,926
12.92299307,927
12.925709680000001,967
12.928426289999999,932
12.931142899999999,892
12.93385951,927
12.93657612,936
12.939292729999998,919
12.942009339999998,942
12.944725949999999,915
12.947442559999999,927
12.950159169999999,916
12.952875779999999,914
12.95559239,906
12.958309,881
12.96102561,952
12.96374222,907
12.966458830000001,985
12.969175440000001,932
12.971892049999999,909
12.974608659999999,865
12.97732527,873
12.98004188,931
12.982758489999998,919
12.985475099999999,958
12.988191709999999,894
12.990908319999999,920
12.993624929999999,872
12.99634154,958
12.99905815,940
13.00177476,928
13.00449137,966
13.00720798,925
13.009924590000001,992
13.012641200000001,943
13.015357810000001,983
13.018074419999998,873
13.020791029999998,904
13.023507639999998,901
13.026224249999999,982
13.028940859999999,927
13.031657469999999,924
13.034374079999999,886
13.037090689999999,931
13.0398073,871
13.04252391,925
13.04524052,938
13.04795713,1014
13.050673740000001,934
13.053390350000001,920
13.056106960000001,996
13.058823569999998,946
13.061540179999998,948
13.064256789999998,894
13.066973399999998,937
13.069690009999999,923
13.072406619999999,898
13.075123229999999,967
13.077839839999999,950
13.08055645,936
13.08327306,905
13.08598967,970
13.08870628,861
13.09142289,940
13.094139500000001,962
13.096856110000001,892
13.099572720000001,978
13.102289329999998,920
13.105005939999998,892
13.107722549999998,937
13.110439159999999,934
13.113155769999999,868
13.115872379999999,988
13.118588989999999,944
13.121305599999999,939
13.12402221,977
13.12673882,933
13.12945543,933
13.13217204,936
13.134888650000001,917
13.137605260000001,912
13.140321870000001,925
13.143038479999998,891
13.145755089999998,908
13.148471699999998,897
13.151188309999998,923
13.153904919999999,877
13.156621529999999,973
13.159338139999999,874
13.162054749999999,975
13.16477136,972
13.16748797,910
13.17020458,989
13.17292119,931
13.175637800000001,970
13.178354410000001,984
13.181071020000001,966
13.183787630000001,934
13.186504239999998,905
13.189220849999998,964
13.191937459999998,973
13.194654069999999,969
13.197370679999999,938
13.200087289999999,934
13.202803899999999,938
13.205520509999999,910
13.20823712,928
13.21095373,931
13.21367034,909
13.21638695,951
13.219103560000001,969
13.221820170000001,866
13.224536780000001,889
13.227253389999998,884
13.229969999999998,953
13.232686609999998,940
13.235403219999998,933
13.238119829999999,912
13.240836439999999,950
13.243553049999999,977
13.246269659999999,874
13.24898627,902
13.25170288,935
13.25441949,974
13.2571361,909
13.259852710000001,900
13.262569320000001,948
13.265285930000001,895
13.268002540000001,922
13.270719149999998,940
13.273435759999998,904
13.276152369999998,909
13.278868979999999,937
13.281585589999999,919
13.284302199999999,884
13.287018809999999,970
13.28973542,912
13.29245203,945
13.29516864,971
13.29788525,973
13.30060186,949
13.303318470000001,930
13.306035080000001,946
13.308751690000001,993
13.311468299999998,965
13.314184909999998,929
13.316901519999998,939
13.319618129999999,952
13.322334739999999,926
13.325051349999999,907
13.327767959999999,933
13.330484569999999,901
13.33320118,954
13.33591779,941
13.3386344,997
13.34135101,905
13.344067620000001,934
13.346784230000001,932
13.349500840000001,887
13.352217449999998,968
13.354934059999998,929
13.357650669999998,956
13.360367279999998,956
13.363083889999999,876
13.365800499999999,1004
13.368517109999999,908
13.371233719999999,908
13.37395033,957
13.37666694,946
13.37938355,944
13.38210016,973
13.38481677,937
13.387533380000001,967
13.390249990000001,973
13.392966600000001,938
13.395683209999998,936
13.398399819999998,955
13.401116429999998,958
13.403833039999999,964
13.406549649999999,953
13.409266259999999,912
13.411982869999999,876
13.414699479999999,973
13.41741609,919
13.4201327,956
13.42284931,964
13.42556592,908
13.428282530000001,919
13.430999140000001,962
13.433715750000001,906
13.436432359999998,942
13.439148969999998,936
13.441865579999998,888
13.444582189999998,952
13.447298799999999,985
13.450015409999999,961
13.452732019999999,944
13.455448629999999,884
13.45816524,940
13.46088185,913
13.46359846,944
13.46631507,996
13.469031680000001,955
13.471748290000001,989
13.474464900000001,972
13.477181510000001,950
13.479898119999998,976
13.482614729999998,933
13.485331339999998,884
13.488047949999999,875
13.490764559999999,946
13.493481169999999,922
13.496197779999999,968
13.498914389999999,938
13.501631,987
13.50434761,978
13.50706422,923
13.50978083,893
13.512497440000001,948
13.515214050000001,1011
13.517930660000001,991
13.520647269999998,910
13.523363879999998,892
13.526080489999998,911
13.528797099999998,948
13.531513709999999,933
13.534230319999999,963
13.536946929999999,945
13.539663539999999,975
13.54238015,926
13.54509676,930
13.54781337,893
13.55052998,982
13.553246590000001,912
13.555963200000001,963
13.558679810000001,931
13.561396420000001,932
13.564113029999998,1013
13.566829639999998,1002
13.569546249999998,919
13.572262859999999,931
13.574979469999999,934
13.577696079999999,919
13.580412689999999,933
13.5831293,915
13.58584591,885
13.58856252,1015
13.59127913,925
13.59399574,953
13.596712350000001,906
13.599428960000001,963
13.602145570000001,940
13.604862179999998,934
13.607578789999998,932
13.610295399999998,910
13.613012009999998,912
13.615728619999999,951
13.618445229999999,973
13.621161839999999,893
13.623878449999999,1009
13.62659506,957
13.62931167,979
13.63202828,882
13.63474489,933
13.637461500000001,922
13.640178110000001,937
13.642894720000001,899
13.645611329999998,957
13.648327939999998,960
13.651044549999998,921
13.653761159999998,969
13.656477769999999,984
13.659194379999999,951
13.661910989999999,883
13.664627599999999,959
13.66734421,950
13.67006082,929
13.67277743,911
13.67549404,939
13.67821065,967
13.680927260000001,929
13.683643870000001,923
13.686360480000001,937
13.689077089999998,914
13.691793699999998,975
13.694510309999998,893
13.697226919999999,951
13.699943529999999,960
13.702660139999999,911
13.705376749999999,948
13.708093359999999,948
13.71080997,975
13.71352658,872
13.71624319,918
13.7189598,931
13.721676410000001,986
13.724393020000001,1005
13.727109630000001,924
13.729826239999998,943
13.732542849999998,982
13.735259459999998,961
13.737976069999998,1000
13.740692679999999,972
13.743409289999999,978
13.746125899999999,975
13.748842509999999,1032
13.75155912,989
13.75427573,943
13.75699234,903
13.75970895,965
13.762425560000001,985
13.765142170000001,987
13.767858780000001,960
13.770575390000001,1009
13.773291999999998,970
13.776008609999998,892
13.778725219999998,976
13.781441829999999,959
13.784158439999999,949
13.786875049999999,961
13.789591659999999,985
13.792308269999999,989
13.79502488,950
13.79774149,992
13.8004581,957
13.80317471,938
13.805891320000001,913
13.808607930000001,996
13.811324540000001,980
13.814041149999998,990
13.816757759999998,901
13.819474369999998,975
13.822190979999998,1000
13.824907589999999,963
13.827624199999999,986
13.830340809999999,950
13.833057419999999,1016
13.83577403,968
13.83849064,905
13.84120725,1000
13.84392386,965
13.846640470000001,1000
13.849357080000001,1001
13.852073690000001,945
13.854790300000001,899
13.857506909999998,922
13.860223519999998,944
13.862940129999998,959
13.865656739999999,967
13.868373349999999,1002
13.871089959999999,989
13.873806569999999,940
13.87652318,990
13.87923979,910
13.8819564,916
13.88467301,988
13.88738962,1000
13.890106230000001,966
13.892822840000001,983
13.895539450000001,955
13.898256059999998,969
13.900972669999998,1045
13.903689279999998,959
13.906405889999998,965
13.909122499999999,949
13.911839109999999,945
13.914555719999999,926
13.917272329999999,1017
13.91998894,1007
13.92270555,977
13.92542216,980
13.92813877,1014
13.930855380000001,916
13.933571990000001,968
13.936288600000001,931
13.939005209999998,967
13.941721819999998,1027
13.944438429999998,997
13.947155039999998,981
13.949871649999999,998
13.952588259999999,930
13.955304869999999,1010
13.958021479999999,1003
13.96073809,942
13.9634547,889
13.96617131,972
13.96888792,982
13.97160453,986
13.974321140000001,1059
13.977037750000001,988
13.979754360000001,1000
13.982470969999998,1000
13.985187579999998,989
13.987904189999998,1043
13.990620799999999,966
13.993337409999999,1005
13.996054019999999,1030
13.998770629999999,1004
14.001487239999999,1026
14.00420385,973
14.00692046,1025
14.00963707,1025
14.01235368,947
14.015070290000001,942
14.017786900000001,1001
14.020503510000001,988
14.023220119999998,923
14.025936729999998,955
14.028653339999998,949
14.031369949999998,919
14.034086559999999,1018
14.036803169999999,1045
14.039519779999999,919
14.042236389999999,973
14.044953,1044
14.04766961,1034
14.05038622,1014
14.05310283,908
14.05581944,986
14.058536050000001,936
14.061252660000001,974
14.063969270000001,1000
14.066685879999998,1012
14.069402489999998,947
14.072119099999998,925
14.074835709999999,978
14.077552319999999,985
14.080268929999999,1021
14.082985539999999,1032
14.085702149999999,1009
14.08841876,982
14.09113537,1015
14.09385198,948
14.09656859,1035
14.099285200000001,1052
14.102001810000001,1004
14.104718420000001,979
14.107435029999998,976
14.110151639999998,991
14.112868249999998,975
14.115584859999998,996
14.118301469999999,943
14.121018079999999,925
14.123734689999999,1056
14.126451299999999,1011
14.12916791,1020
14.13188452,971
14.13460113,992
14.13731774,1024
14.140034350000001,1008
14.142750960000001,981
14.145467570000001,1005
14.148184180000001,1008
14.150900789999998,1014
14.153617399999998,984
14.156334009999998,941
14.159050619999999,1003
14.161767229999999,1000
14.164483839999999,1020
14.167200449999999,951
14.16991706,1007
14.17263367,1016
14.17535028,1047
14.17806689,1026
14.1807835,942
14.183500110000001,1004
14.186216720000001,1019
14.188933330000001,949
14.191649939999998,1019
14.194366549999998,1002
14.197083159999998,1000
14.199799769999998,1053
14.202516379999999,1011
14.205232989999999,1044
14.207949599999999,1048
14.210666209999999,971
14.21338282,1002
14.21609943,1023
14.21881604,1008
14.22153265,1007
14.224249260000001,1039
14.226965870000001,1005
14.229682480000001,1017
14.232399089999998,994
14.235115699999998,987
14.237832309999998,1049
14.240548919999998,1058
14.243265529999999,982
14.245982139999999,1017
14.248698749999999,1057
14.251415359999999,982
14.25413197,943
14.25684858,1014
14.25956519,1027
14.2622818,1016
14.26499841,1005
14.267715020000001,1077
14.270431630000001,1031
14.273148240000001,1042
14.275864849999998,1047
14.278581459999998,993
14.281298069999998,999
14.284014679999999,1063
14.286731289999999,983
14.289447899999999,1105
14.292164509999999,1029
14.294881119999999,1013
14.29759773,1022
14.30031434,1030
14.30303095,1002
14.30574756,1002
14.308464170000001,996
14.311180780000001,967
14.313897390000001,1053
14.316613999999998,980
14.319330609999998,1029
14.322047219999998,1053
14.324763829999998,1018
14.327480439999999,1015
14.330197049999999,1056
14.332913659999999,1038
14.335630269999999,959
14.33834688,984
14.34106349,1002
14.3437801,1023
14.34649671,1013
14.34921332,995
14.351929930000001,1051
14.354646540000001,1050
14.357363150000001,1055
14.360079759999998,1071
14.362796369999998,1055
14.365512979999998,1039
14.368229589999999,1049
14.370946199999999,926
14.373662809999999,998
14.376379419999999,1109
14.379096029999999,1057
14.38181264,1078
14.38452925,1028
14.38724586,1000
14.38996247,1035
14.392679080000001,1076
14.395395690000001,1062
14.398112300000001,1038
14.400828909999998,1044
14.403545519999998,1091
14.406262129999998,1107
14.408978739999998,1059
14.411695349999999,1040
14.414411959999999,1069
14.417128569999999,1046
14.419845179999999,1024
14.42256179,990
14.4252784,1068
14.42799501,1058
14.43071162,1079
14.433428230000001,1075
14.436144840000001,1058
14.438861450000001,1056
14.441578060000001,1020
14.444294669999998,1054
14.447011279999998,999
14.449727889999998,1129
14.452444499999999,1062
14.455161109999999,1085
14.457877719999999,1056
14.460594329999999,1038
14.46331094,1061
14.46602755,1077
14.46874416,1048
14.47146077,1026
14.47417738,1053
14.476893990000001,1059
14.479610600000001,1029
14.482327210000001,1058
14.485043819999998,1036
14.487760429999998,1072
14.490477039999998,1035
14.493193649999998,1000
14.495910259999999,1081
14.498626869999999,1067
14.501343479999999,1052
14.504060089999999,1085
14.5067767,1069
14.50949331,1092
14.51220992,1070
14.51492653,1107
14.517643140000001,1074
14.520359750000001,1016
14.523076360000001,1059
14.525792969999998,1002
14.528509579999998,1077
14.531226189999998,1089
14.533942799999998,1096
14.536659409999999,1048
14.539376019999999,1103
14.542092629999999,1123
14.544809239999999,1030
14.54752585,1045
14.55024246,1072
14.55295907,1078
14.55567568,1106
14.55839229,1133
14.561108900000001,1034
14.563825510000001,1072
14.566542120000001,1067
14.569258729999998,1064
14.571975339999998,1137
14.574691949999998,1140
14.577408559999999,1152
14.580125169999999,1162
14.582841779999999,1084
14.585558389999999,1093
14.588274999999999,1093
14.59099161,1091
14.59370822,1090
14.59642483,1127
14.59914144,1138
14.601858050000001,1106
14.604574660000001,1073
14.607291270000001,1102
14.610007879999998,1094
14.612724489999998,1085
14.615441099999998,1100
14.618157709999998,1054
14.620874319999999,1157
14.623590929999999,1096
14.626307539999999,1115
14.629024149999999,1117
14.63174076,1124
14.63445737,1119
14.63717398,1128
14.63989059,1097
14.6426072,1117
14.645323810000001,1119
14.648040420000001,1113
14.650757030000001,1131
14.653473639999998,1077
14.656190249999998,1164
14.658906859999998,1115
14.661623469999999,1089
14.664340079999999,1105
14.667056689999999,1115
14.669773299999999,1105
14.672489909999999,1063
14.67520652,1114
14.67792313,1130
14.68063974,1185
14.68335635,1192
14.686072960000001,1142
14.688789570000001,1137
14.691506180000001,1154
14.694222789999998,1080
14.696939399999998,1154
14.699656009999998,1201
14.702372619999998,1148
14.705089229999999,1150
14.707805839999999,1164
14.710522449999999,1105
14.713239059999999,1169
14.71595567,1103
14.71867228,1117
14.72138889,1081
14.7241055,1102
14.726822110000001,1213
14.729538720000001,1159
14.732255330000001,1218
14.734971940000001,1128
14.737688549999998,1084
14.740405159999998,1195
14.743121769999998,1122
14.745838379999999,1194
14.748554989999999,1120
14.751271599999999,1151
14.753988209999999,1120
14.75670482,1142
14.75942143,1140
14.76213804,1125
14.76485465,1194
14.76757126,1141
14.770287870000001,1237
14.773004480000001,1234
14.775721090000001,1195
14.778437699999998,1131
14.781154309999998,1127
14.783870919999998,1160
14.786587529999998,1162
14.789304139999999,1100
14.792020749999999,1217
14.794737359999999,1159
14.797453969999999,1170
14.80017058,1093
14.80288719,1188
14.8056038,1155
14.80832041,1176
14.811037020000001,1172
14.813753630000001,1179
14.816470240000001,1162
14.819186849999998,1180
14.821903459999998,1106
14.824620069999998,1203
14.827336679999998,1247
14.830053289999999,1229
14.832769899999999,1212
14.835486509999999,1112
14.838203119999999,1231
14.84091973,1221
14.84363634,1194
14.84635295,1175
14.84906956,1162
14.85178617,1202
14.854502780000001,1218
14.857219390000001,1121
14.859936000000001,1226
14.862652609999998,1220
14.865369219999998,1191
14.868085829999998,1251
14.870802439999999,1236
14.873519049999999,1169
14.876235659999999,1220
14.878952269999999,1258
14.881668879999999,1254
14.88438549,1234
14.8871021,1200
14.88981871,1250
14.89253532,1166
14.895251930000001,1157
14.897968540000001,1162
14.900685150000001,1269
14.903401759999998,1209
14.906118369999998,1163
14.908834979999998,1183
14.911551589999998,1180
14.914268199999999,1174
14.916984809999999,1217
14.919701419999999,1221
14.922418029999999,1213
14.92513464,1242
14.92785125,1271
14.93056786,1210
14.93328447,1240
14.93600108,1211
14.938717690000001,1265
14.941434300000001,1249
14.944150910000001,1264
14.946867519999998,1248
14.949584129999998,1247
14.952300739999998,1191
14.955017349999999,1270
14.957733959999999,1179
14.960450569999999,1275
14.963167179999999,1279
14.965883789999999,1314
14.9686004,1222
14.97131701,1246
14.97403362,1270
14.97675023,1251
14.979466840000001,1251
14.982183450000001,1176
14.984900060000001,1301
14.987616669999998,1272
14.990333279999998,1233
14.993049889999998,1257
14.995766499999998,1289
14.998483109999999,1202
15.001199719999999,1242
15.003916329999999,1245
15.006632939999999,1244
15.00934955,1242
15.01206616,1272
15.01478277,1293
15.01749938,1251
15.020215990000001,1281
15.022932600000001,1223
15.025649210000001,1252
15.028365820000001,1184
15.031082429999998,1204
15.033799039999998,1283
15.036515649999998,1299
15.039232259999999,1303
15.041948869999999,1267
15.044665479999999,1256
15.047382089999999,1309
15.050098699999999,1318
15.05281531,1305
15.05553192,1227
15.05824853,1291
15.06096514,1277
15.063681750000001,1297
15.066398360000001,1261
15.069114970000001,1225
15.071831579999998,1286
15.074548189999998,1280
15.077264799999998,1241
15.079981409999998,1327
15.082698019999999,1245
15.085414629999999,1248
15.088131239999999,1308
15.090847849999999,1282
15.09356446,1297
15.09628107,1266
15.09899768,1263
15.10171429,1250
15.104430900000001,1335
15.107147510000001,1341
15.109864120000001,1286
15.112580729999998,1287
15.115297339999998,1299
15.118013949999998,1325
15.120730559999998,1290
15.123447169999999,1283
15.126163779999999,1294
15.128880389999999,1262
15.131596999999999,1281
15.13431361,1216
15.13703022,1256
15.13974683,1285
15.14246344,1236
15.14518005,1275
15.147896660000001,1231
15.150613270000001,1288
15.153329880000001,1278
15.156046489999998,1251
15.158763099999998,1272
15.161479709999998,1361
15.164196319999999,1282
15.166912929999999,1259
15.169629539999999,1306
15.172346149999999,1289
15.175062759999999,1314
15.17777937,1365
15.18049598,1356
15.18321259,1318
15.1859292,1319
15.188645810000001,1232
15.191362420000001,1287
15.194079030000001,1297
15.196795639999998,1208
15.199512249999998,1298
15.202228859999998,1290
15.204945469999998,1326
15.207662079999999,1318
15.210378689999999,1363
15.213095299999999,1369
15.215811909999999,1296
15.21852852,1273
15.22124513,1312
15.22396174,1270
15.22667835,1281
15.22939496,1279
15.232111570000001,1285
15.234828180000001,1307
15.237544790000001,1268
15.240261399999998,1311
15.242978009999998,1310
15.245694619999998,1235
15.248411229999999,1328
15.251127839999999,1321
15.253844449999999,1269
15.256561059999999,1263
15.259277669999999,1262
15.26199428,1290
15.26471089,1268
15.2674275,1345
15.27014411,1275
15.272860720000001,1339
15.275577330000001,1366
15.278293940000001,1281
15.281010549999998,1381
15.283727159999998,1313
15.286443769999998,1370
15.289160379999998,1309
15.291876989999999,1269
15.294593599999999,1262
15.297310209999999,1303
15.300026819999999,1317
15.30274343,1298
15.30546004,1297
15.30817665,1279
15.31089326,1341
15.313609870000001,1293
15.316326480000001,1216
15.319043090000001,1305
15.321759700000001,1307
15.324476309999998,1234
15.327192919999998,1302
15.329909529999998,1275
15.332626139999999,1311
15.335342749999999,1263
15.338059359999999,1213
15.340775969999999,1252
15.343492579999999,1236
15.34620919,1264
15.3489258,1319
15.35164241,1289
15.35435902,1279
15.357075630000001,1245
15.359792240000001,1233
15.362508850000001,1292
15.365225459999998,1245
15.367942069999998,1274
15.370658679999998,1199
15.373375289999998,1289
15.376091899999999,1253
15.378808509999999,1253
15.381525119999999,1266
15.384241729999999,1199
15.38695834,1222
15.38967495,1281
15.39239156,1228
15.39510817,1285
15.397824780000001,1260
15.400541390000001,1337
15.403258000000001,1319
15.405974609999998,1266
15.408691219999998,1337
15.411407829999998,1317
15.414124439999998,1259
15.416841049999999,1248
15.419557659999999,1263
15.422274269999999,1295
15.424990879999999,1300
15.42770749,1209
15.4304241,1226
15.43314071,1284
15.43585732,1229
15.43857393,1226
15.441290540000001,1247
15.444007150000001,1311
15.446723760000001,1276
15.449440369999998,1248
15.452156979999998,1239
15.454873589999998,1227
15.457590199999999,1300
15.460306809999999,1259
15.463023419999999,1206
15.465740029999999,1311
15.468456639999999,1296
15.47117325,1282
15.47388986,1252
15.47660647,1217
15.47932308,1235
15.482039690000001,1214
15.484756300000001,1268
15.487472910000001,1278
15.490189519999998,1224
15.492906129999998,1330
15.495622739999998,1219
15.498339349999998,1185
15.501055959999999,1195
15.503772569999999,1261
15.506489179999999,1299
15.509205789999999,1172
15.5119224,1182
15.51463901,1198
15.51735562,1248
15.52007223,1165
15.52278884,1242
15.525505450000001,1212
15.528222060000001,1216
15.530938670000001,1190
15.533655279999998,1206
15.536371889999998,1213
15.539088499999998,1219
15.541805109999999,1201
15.544521719999999,1223
15.547238329999999,1257
15.549954939999999,1219
15.552671549999999,1179
15.55538816,1247
15.55810477,1242
15.56082138,1190
15.56353799,1213
15.566254600000001,1259
15.568971210000001,1284
15.571687820000001,1194
15.574404429999998,1204
15.577121039999998,1252
15.579837649999998,1203
15.582554259999998,1166
15.585270869999999,1194
15.587987479999999,1241
15.590704089999999,1241
15.593420699999999,1247
15.59613731,1240
15.59885392,1200
15.60157053,1271
15.60428714,1230
15.607003750000001,1241
15.609720360000001,1207
15.612436970000001,1205
15.615153580000001,1199
15.617870189999998,1170
15.620586799999998,1223
15.623303409999998,1214
15.626020019999999,1232
15.628736629999999,1234
15.631453239999999,1259
15.634169849999999,1234
15.636886459999999,1169
15.63960307,1214
15.64231968,1210
15.64503629,1160
15.6477529,1145
15.650469510000001,1207
15.653186120000001,1200
15.655902730000001,1216
15.658619339999998,1205
15.661335949999998,1277
15.664052559999998,1151
15.666769169999998,1229
15.669485779999999,1184
15.672202389999999,1209
15.674918999999999,1147
15.677635609999999,1207
15.68035222,1191
15.68306883,1175
15.68578544,1225
15.68850205,1225
15.691218660000001,1226
15.693935270000001,1310
15.696651880000001,1216
15.699368489999998,1151
15.702085099999998,1189
15.704801709999998,1117
15.707518319999998,1141
15.710234929999999,1202
15.712951539999999,1212
15.715668149999999,1253
15.718384759999999,1143
15.72110137,1167
15.72381798,1151
15.72653459,1173
15.7292512,1224
15.73196781,1207
15.734684420000001,1120
15.737401030000001,1201
15.740117640000001,1153
15.742834249999998,1188
15.745550859999998,1217
15.748267469999998,1176
15.750984079999998,1248
15.753700689999999,1097
15.756417299999999,1221
15.759133909999999,1212
15.761850519999999,1209
15.76456713,1140
15.76728374,1193
15.77000035,1173
15.77271696,1179
15.775433570000001,1249
15.778150180000001,1169
15.780866790000001,1204
15.783583399999998,1126
15.786300009999998,1173
15.789016619999998,1172
15.791733229999998,1147
15.794449839999999,1149
15.797166449999999,1149
15.799883059999999,1251
15.802599669999999,1160
15.80531628,1181
15.80803289,1228
15.8107495,1164
15.81346611,1219
15.81618272,1232
15.818899330000001,1187
15.821615940000001,1278
15.824332550000001,1218
15.827049159999998,1158
15.829765769999998,1180
15.832482379999998,1167
15.835198989999999,1152
15.837915599999999,1158
15.840632209999999,1167
15.843348819999999,1230
15.846065429999999,1195
15.84878204,1199
15.85149865,1252
15.85421526,1174
15.85693187,1153
15.859648480000001,1110
15.862365090000001,1229
15.865081700000001,1140
15.867798309999998,1183
15.870514919999998,1207
15.873231529999998,1179
15.875948139999998,1149
15.878664749999999,1187
15.881381359999999,1212
15.884097969999999,1208
15.886814579999999,1170
15.88953119,1140
15.8922478,1174
15.89496441,1112
15.89768102,1169
15.900397630000001,1193
15.903114240000001,1241
15.905830850000001,1134
15.908547460000001,1155
15.911264069999998,1181
15.913980679999998,1214
15.916697289999998,1173
15.919413899999999,1194
15.922130509999999,1171
15.924847119999999,1156
15.927563729999999,1208
15.930280339999999,1162
15.93299695,1182
15.93571356,1104
15.93843017,1161
15.94114678,1121
15.943863390000001,1195
15.946580000000001,1161
15.949296610000001,1171
15.952013219999998,1171
15.954729829999998,1144
15.957446439999998,1199
15.960163049999998,1139
15.962879659999999,1200
15.965596269999999,1231
15.968312879999999,1135
15.971029489999999,1177
15.9737461,1194
15.97646271,1180
15.97917932,1165
15.98189593,1180
15.984612540000001,1173
15.987329150000001,1143
15.990045760000001,1231
15.992762369999998,1183
15.995478979999998,1211
15.998195589999998,1132
16.000912199999998,1137
16.003628809999999,1173
16.006345419999999,1140
16.009062029999999,1141
16.011778639999999,1146
16.01449525,1141
16.01721186,1178
16.01992847,1183
16.02264508,1133
16.02536169,1186
16.028078300000001,1158
16.030794910000001,1279
16.033511520000001,1129
16.036228129999998,1134
16.038944739999998,1153
16.041661349999998,1170
16.044377959999998,1128
16.047094569999999,1170
16.049811179999999,1124
16.052527789999999,1227
16.055244399999999,1165
16.05796101,1190
16.06067762,1159
16.06339423,1186
16.06611084,1129
16.068827450000001,1190
16.071544060000001,1242
16.074260670000001,1130
16.076977279999998,1215
16.079693889999998,1168
16.082410499999998,1228
16.085127109999998,1211
16.087843719999999,1169
16.090560329999999,1238
16.093276939999999,1188
16.095993549999999,1205
16.09871016,1161
16.10142677,1211
16.10414338,1133
16.10685999,1202
16.1095766,1216
16.112293210000001,1169
16.115009820000001,1162
16.117726430000001,1203
16.120443039999998,1261
16.123159649999998,1164
16.125876259999998,1180
16.128592869999999,1159
16.131309479999999,1133
16.134026089999999,1180
16.136742699999999,1208
16.139459309999999,1202
16.14217592,1169
16.14489253,1222
16.14760914,1165
16.15032575,1210
16.153042360000001,1168
16.155758970000001,1192
16.158475580000001,1181
16.161192189999998,1257
16.163908799999998,1176
16.166625409999998,1173
16.169342019999998,1230
16.172058629999999,1209
16.174775239999999,1227
16.177491849999999,1229
16.180208459999999,1159
16.18292507,1210
16.18564168,1155
16.18835829,1157
16.1910749,1161
16.19379151,1158
16.196508120000001,1184
16.199224730000001,1228
16.201941339999998,1194
16.204657949999998,1242
16.207374559999998,1234
16.210091169999998,1201
16.212807779999999,1193
16.215524389999999,1199
16.218240999999999,1177
16.220957609999999,1214
16.223674219999999,1178
16.22639083,1170
16.22910744,1192
16.23182405,1215
16.23454066,1207
16.237257270000001,1181
16.239973880000001,1191
16.242690490000001,1267
16.245407099999998,1252
16.248123709999998,1140
16.250840319999998,1197
16.253556929999998,1217
16.256273539999999,1233
16.258990149999999,1232
16.261706759999999,1165
16.264423369999999,1195
16.26713998,1177
16.26985659,1242
16.2725732,1218
16.27528981,1203
16.278006420000001,1234
16.280723030000001,1162
16.283439640000001,1192
16.286156249999998,1215
16.288872859999998,1252
16.291589469999998,1258
16.294306079999998,1177
16.297022689999999,1193
16.299739299999999,1231
16.302455909999999,1193
16.305172519999999,1275
16.30788913,1247
16.31060574,1203
16.31332235,1181
16.31603896,1254
16.31875557,1202
16.321472180000001,1217
16.324188790000001,1276
16.326905400000001,1279
16.329622009999998,1242
16.332338619999998,1178
16.335055229999998,1202
16.337771839999998,1211
16.340488449999999,1284
16.343205059999999,1208
16.345921669999999,1188
16.348638279999999,1230
16.35135489,1222
16.3540715,1275
16.35678811,1264
16.35950472,1214
16.362221330000001,1244
16.364937940000001,1249
16.367654550000001,1207
16.370371159999998,1219
16.373087769999998,1263
16.375804379999998,1277
16.378520989999998,1213
16.381237599999999,1247
16.383954209999999,1205
16.386670819999999,1265
16.389387429999999,1192
16.39210404,1230
16.39482065,1230
16.39753726,1212
16.40025387,1301
16.40297048,1255
16.405687090000001,1258
16.408403700000001,1256
16.411120310000001,1241
16.413836919999998,1302
16.416553529999998,1221
16.419270139999998,1230
16.421986749999999,1282
16.424703359999999,1270
16.427419969999999,1269
16.430136579999999,1191
16.432853189999999,1279
16.4355698,1252
16.43828641,1294
16.44100302,1276
16.44371963,1301
16.446436240000001,1272
16.449152850000001,1305
16.451869460000001,1256
16.454586069999998,1261
16.457302679999998,1309
16.460019289999998,1229
16.462735899999998,1246
16.465452509999999,1300
16.468169119999999,1305
16.470885729999999,1292
16.473602339999999,1305
16.47631895,1304
16.47903556,1266
16.48175217,1271
16.48446878,1281
16.48718539,1302
16.489902000000001,1293
16.492618610000001,1228
16.495335219999998,1259
16.498051829999998,1318
16.500768439999998,1245
16.503485049999998,1273
16.506201659999999,1281
16.508918269999999,1301
16.511634879999999,1281
16.514351489999999,1242
16.517068099999999,1274
16.51978471,1296
16.52250132,1284
16.52521793,1307
16.52793454,1317
16.530651150000001,1249
16.533367760000001,1277
16.536084370000001,1324
16.538800979999998,1344
16.541517589999998,1301
16.544234199999998,1326
16.546950809999998,1217
16.549667419999999,1310
16.552384029999999,1369
16.555100639999999,1320
16.557817249999999,1336
16.56053386,1321
16.56325047,1277
16.56596708,1310
16.56868369,1308
16.571400300000001,1318
16.574116910000001,1294
16.576833520000001,1337
16.579550129999998,1274
16.582266739999998,1352
16.584983349999998,1334
16.587699959999998,1340
16.590416569999999,1290
16.593133179999999,1321
16.595849789999999,1321
16.598566399999999,1317
16.60128301,1382
16.60399962,1236
16.60671623,1286
16.60943284,1298
16.61214945,1325
16.614866060000001,1335
16.617582670000001,1380
16.620299280000001,1339
16.623015889999998,1391
16.625732499999998,1358
16.628449109999998,1386
16.631165719999998,1378
16.633882329999999,1337
16.636598939999999,1306
16.639315549999999,1333
16.642032159999999,1396
16.64474877,1382
16.64746538,1346
16.65018199,1339
16.6528986,1363
16.655615210000001,1305
16.658331820000001,1317
16.661048430000001,1348
16.663765039999998,1304
16.666481649999998,1380
16.669198259999998,1272
16.671914869999998,1363
16.674631479999999,1400
16.677348089999999,1395
16.680064699999999,1376
16.682781309999999,1351
16.68549792,1350
16.68821453,1309
16.69093114,1362
16.69364775,1326
16.69636436,1353
16.699080970000001,1269
16.701797580000001,1387
16.704514190000001,1361
16.707230799999998,1345
16.709947409999998,1398
16.712664019999998,1404
16.715380629999999,1296
16.718097239999999,1351
16.720813849999999,1403
16.723530459999999,1408
16.726247069999999,1336
16.72896368,1421
16.73168029,1376
16.7343969,1437
16.73711351,1388
16.739830120000001,1455
16.742546730000001,1326
16.745263340000001,1398
16.747979949999998,1394
16.750696559999998,1369
16.753413169999998,1380
16.756129779999998,1426
16.758846389999999,1417
16.761562999999999,1382
16.764279609999999,1397
16.766996219999999,1455
16.76971283,1367
16.77242944,1355
16.77514605,1431
16.77786266,1351
16.78057927,1435
16.783295880000001,1457
16.786012490000001,1361
16.788729099999998,1540
16.791445709999998,1382
16.794162319999998,1429
16.796878929999998,1404
16.799595539999999,1450
16.802312149999999,1422
16.805028759999999,1443
16.807745369999999,1387
16.810461979999999,1362
16.81317859,1418
16.8158952,1470
16.81861181,1395
16.82132842,1462
16.824045030000001,1450
16.826761640000001,1465
16.829478250000001,1433
16.832194859999998,1415
16.834911469999998,1410
16.837628079999998,1393
16.840344689999998,1418
16.843061299999999,1438
16.845777909999999,1447
16.848494519999999,1398
16.851211129999999,1448
16.85392774,1442
16.85664435,1497
16.85936096,1357
16.86207757,1462
16.864794180000001,1434
16.867510790000001,1438
16.870227400000001,1420
16.872944009999998,1406
16.875660619999998,1460
16.878377229999998,1416
16.881093839999998,1421
16.883810449999999,1454
16.886527059999999,1518
16.889243669999999,1443
16.891960279999999,1431
16.89467689,1482
16.8973935,1509
16.90011011,1360
16.90282672,1514
16.90554333,1482
16.908259940000001,1444
16.910976550000001,1440
16.913693160000001,1514
16.916409769999998,1481
16.919126379999998,1477
16.921842989999998,1438
16.924559599999998,1472
16.927276209999999,1449
16.929992819999999,1493
16.932709429999999,1437
16.935426039999999,1481
16.93814265,1463
16.94085926,1461
16.94357587,1487
16.94629248,1458
16.949009090000001,1471
16.951725700000001,1496
16.954442310000001,1436
16.957158919999998,1492
16.959875529999998,1447
16.962592139999998,1438
16.965308749999998,1489
16.968025359999999,1569
16.970741969999999,1509
16.973458579999999,1462
16.976175189999999,1518
16.9788918,1486
16.98160841,1440
16.98432502,1409
16.98704163,1474
16.98975824,1445
16.992474850000001,1513
16.995191460000001,1446
16.997908070000001,1501
17.000624679999998,1506
17.003341289999998,1476
17.006057899999998,1565
17.008774509999999,1506
17.011491119999999,1474
17.014207729999999,1569
17.016924339999999,1481
17.019640949999999,1484
17.02235756,1493
17.02507417,1481
17.02779078,1428
17.03050739,1513
17.033224000000001,1566
17.035940610000001,1535
17.038657220000001,1435
17.041373829999998,1539
17.044090439999998,1468
17.046807049999998,1475
17.049523659999998,1536
17.052240269999999,1534
17.054956879999999,1561
17.057673489999999,1540
17.060390099999999,1533
17.06310671,1453
17.06582332,1403
17.06853993,1476
17.07125654,1497
17.07397315,1459
17.076689760000001,1439
17.079406370000001,1521
17.082122979999998,1540
17.084839589999998,1546
17.087556199999998,1506
17.090272809999998,1480
17.092989419999999,1530
17.095706029999999,1513
17.098422639999999,1457
17.101139249999999,1500
17.103855859999999,1455
17.10657247,1561
17.10928908,1501
17.11200569,1501
17.1147223,1518
17.117438910000001,1546
17.120155520000001,1523
17.122872130000001,1543
17.125588739999998,1567
17.128305349999998,1512
17.131021959999998,1586
17.133738569999998,1563
17.136455179999999,1513
17.139171789999999,1508
17.141888399999999,1541
17.144605009999999,1516
17.14732162,1432
17.15003823,1500
17.15275484,1535
17.15547145,1608
17.158188060000001,1516
17.160904670000001,1529
17.163621280000001,1532
17.166337889999998,1581
17.169054499999998,1532
17.171771109999998,1576
17.174487719999998,1516
17.177204329999999,1432
17.179920939999999,1518
17.182637549999999,1466
17.185354159999999,1557
17.188070769999999,1561
17.19078738,1489
17.19350399,1552
17.1962206,1549
17.19893721,1514
17.201653820000001,1565
17.204370430000001,1493
17.207087040000001,1509
17.209803649999998,1501
17.212520259999998,1506
17.215236869999998,1540
17.217953479999998,1458
17.220670089999999,1498
17.223386699999999,1552
17.226103309999999,1545
17.228819919999999,1600
17.23153653,1491
17.23425314,1540
17.23696975,1580
17.23968636,1572
17.242402970000001,1513
17.245119580000001,1464
17.247836190000001,1550
17.250552799999998,1503
17.253269409999998,1528
17.255986019999998,1567
17.258702629999998,1587
17.261419239999999,1552
17.264135849999999,1530
17.266852459999999,1515
17.269569069999999,1583
17.27228568,1524
17.27500229,1522
17.2777189,1562
17.28043551,1574
17.28315212,1559
17.285868730000001,1601
17.288585340000001,1487
17.291301950000001,1642
17.294018559999998,1516
17.296735169999998,1588
17.299451779999998,1470
17.302168389999999,1522
17.304884999999999,1572
17.307601609999999,1530
17.310318219999999,1540
17.313034829999999,1535
17.31575144,1577
17.31846805,1532
17.32118466,1502
17.32390127,1614
17.326617880000001,1614
17.329334490000001,1547
17.332051100000001,1519
17.334767709999998,1531
17.337484319999998,1490
17.340200929999998,1491
17.342917539999998,1587
17.345634149999999,1563
17.348350759999999,1572
17.351067369999999,1523
17.353783979999999,1491
17.35650059,1591
17.3592172,1519
17.36193381,1567
17.36465042,1495
17.36736703,1490
17.370083640000001,1658
17.372800250000001,1519
17.375516859999998,1521
17.378233469999998,1595
17.380950079999998,1541
17.383666689999998,1475
17.386383299999999,1502
17.389099909999999,1561
17.391816519999999,1532
17.394533129999999,1476
17.397249739999999,1512
17.39996635,1588
17.40268296,1438
17.40539957,1510
17.40811618,1566
17.410832790000001,1529
17.413549400000001,1557
17.416266010000001,1468
17.418982619999998,1575
17.421699229999998,1445
17.424415839999998,1499
17.427132449999998,1581
17.429849059999999,1459
17.432565669999999,1524
17.435282279999999,1438
17.437998889999999,1642
17.4407155,1582
17.44343211,1537
17.44614872,1531
17.44886533,1467
17.451581940000001,1539
17.454298550000001,1551
17.457015160000001,1483
17.459731769999998,1472
17.462448379999998,1531
17.465164989999998,1523
17.467881599999998,1468
17.470598209999999,1489
17.473314819999999,1490
17.476031429999999,1505
17.478748039999999,1510
17.481464649999999,1514
17.48418126,1529
17.48689787,1515
17.48961448,1503
17.49233109,1542
17.495047700000001,1481
17.497764310000001,1556
17.500480920000001,1513
17.503197529999998,1511
17.505914139999998,1497
17.508630749999998,1585
17.511347359999998,1484
17.514063969999999,1522
17.516780579999999,1538
17.519497189999999,1502
17.522213799999999,1505
17.52493041,1473
17.52764702,1530
17.53036363,1487
17.53308024,1531
17.535796850000001,1479
17.538513460000001,1465
17.541230070000001,1554
17.543946679999998,1465
17.546663289999998,1477
17.549379899999998,1460
17.552096509999998,1564
17.554813119999999,1432
17.557529729999999,1553
17.560246339999999,1500
17.562962949999999,1494
17.56567956,1491
17.56839617,1557
17.57111278,1550
17.57382939,1493
17.576546,1447
17.579262610000001,1532
17.581979220000001,1561
17.584695830000001,1534
17.587412439999998,1491
17.590129049999998,1484
17.592845659999998,1525
17.595562269999999,1519
17.598278879999999,1560
17.600995489999999,1462
17.603712099999999,1493
17.606428709999999,1533
17.60914532,1480
17.61186193,1534
17.61457854,1514
17.61729515,1515
17.620011760000001,1495
17.622728370000001,1535
17.625444980000001,1531
17.628161589999998,1532
17.630878199999998,1521
17.633594809999998,1471
17.636311419999998,1492
17.639028029999999,1553
17.641744639999999,1609
17.644461249999999,1534
17.647177859999999,1534
17.64989447,1570
17.65261108,1518
17.65532769,1525
17.6580443,1500
17.66076091,1507
17.663477520000001,1515
17.666194130000001,1499
17.668910739999998,1523
17.671627349999998,1496
17.674343959999998,1567
17.677060569999998,1525
17.679777179999999,1528
17.682493789999999,1538
17.685210399999999,1466
17.687927009999999,1510
17.690643619999999,1520
17.69336023,1593
17.69607684,1554
17.69879345,1411
17.70151006,1450
17.704226670000001,1456
17.706943280000001,1516
17.709659890000001,1534
17.712376499999998,1511
17.715093109999998,1500
17.717809719999998,1530
17.720526329999998,1474
17.723242939999999,1548
17.725959549999999,1555
17.728676159999999,1535
17.731392769999999,1509
17.73410938,1563
17.73682599,1533
17.7395426,1526
17.74225921,1455
17.744975820000001,1589
17.747692430000001,1569
17.750409040000001,1549
17.753125649999998,1541
17.755842259999998,1576
17.758558869999998,1572
17.761275479999998,1556
17.763992089999999,1607
17.766708699999999,1571
17.769425309999999,1525
17.772141919999999,1645
17.774858529999999,1589
17.77757514,1578
17.78029175,1625
17.78300836,1533
17.78572497,1561
17.788441580000001,1596
17.791158190000001,1578
17.793874800000001,1662
17.796591409999998,1536
17.799308019999998,1499
17.802024629999998,1595
17.804741239999998,1527
17.807457849999999,1572
17.810174459999999,1539
17.812891069999999,1581
17.815607679999999,1513
17.81832429,1548
17.8210409,1517
17.82375751,1619
17.82647412,1520
17.829190730000001,1571
17.831907340000001,1507
17.834623950000001,1537
17.837340559999998,1508
17.840057169999998,1587
17.842773779999998,1586
17.845490389999998,1579
17.848206999999999,1560
17.850923609999999,1501
17.853640219999999,1525
17.856356829999999,1523
17.85907344,1645
17.86179005,1546
17.86450666,1552
17.86722327,1539
17.86993988,1549
17.872656490000001,1569
17.875373100000001,1682
17.878089710000001,1494
17.880806319999998,1587
17.883522929999998,1579
17.886239539999998,1572
17.888956149999999,1463
17.891672759999999,1555
17.894389369999999,1530
17.897105979999999,1580
17.899822589999999,1568
17.9025392,1557
17.90525581,1604
17.90797242,1551
17.91068903,1622
17.913405640000001,1577
17.916122250000001,1599
17.918838860000001,1554
17.921555469999998,1541
17.924272079999998,1569
17.926988689999998,1551
17.929705299999998,1657
17.932421909999999,1598
17.935138519999999,1664
17.937855129999999,1579
17.940571739999999,1567
17.94328835,1560
17.94600496,1660
17.94872157,1560
17.95143818,1587
17.95415479,1553
17.956871400000001,1654
17.959588010000001,1579
17.962304619999998,1605
17.965021229999998,1648
17.967737839999998,1597
17.970454449999998,1652
17.973171059999999,1548
17.975887669999999,1567
17.978604279999999,1592
17.981320889999999,1666
17.984037499999999,1678
17.98675411,1596
17.98947072,1575
17.99218733,1598
17.99490394,1631
17.997620550000001,1583
18.000337160000001,1620
18.003053770000001,1573
18.005770379999998,1559
18.008486989999998,1620
18.011203599999998,1567
18.013920209999998,1624
18.016636819999999,1616
18.019353429999999,1563
18.022070039999999,1608
18.024786649999999,1623
18.02750326,1692
18.03021987,1619
18.03293648,1644
18.03565309,1566
18.038369700000001,1533
18.041086310000001,1632
18.043802920000001,1615
18.046519529999998,1545
18.049236139999998,1539
18.051952749999998,1585
18.054669359999998,1587
18.057385969999999,1610
18.060102579999999,1568
18.062819189999999,1591
18.065535799999999,1580
18.068252409999999,1579
18.07096902,1559
18.07368563,1636
18.07640224,1631
18.07911885,1578
18.081835460000001,1624
18.084552070000001,1618
18.087268680000001,1538
18.089985289999998,1609
18.092701899999998,1535
18.095418509999998,1582
18.098135119999998,1583
18.100851729999999,1589
18.103568339999999,1579
18.106284949999999,1674
18.109001559999999,1607
18.11171817,1615
18.11443478,1593
18.11715139,1606
18.119868,1635
18.122584610000001,1590
18.125301220000001,1649
18.128017830000001,1637
18.130734439999998,1663
18.133451049999998,1552
18.136167659999998,1584
18.138884269999998,1584
18.141600879999999,1624
18.144317489999999,1609
18.147034099999999,1586
18.149750709999999,1571
18.15246732,1654
18.15518393,1685
18.15790054,1593
18.16061715,1517
18.16333376,1598
18.166050370000001,1618
18.168766980000001,1550
18.171483590000001,1639
18.174200199999998,1571
18.176916809999998,1618
18.179633419999998,1597
18.182350029999998,1561
18.185066639999999,1606
18.187783249999999,1486
18.190499859999999,1608
18.193216469999999,1570
18.19593308,1632
18.19864969,1612
18.2013663,1570
18.20408291,1584
18.206799520000001,1597
18.209516130000001,1588
18.212232740000001,1546
18.214949349999998,1569
18.217665959999998,1603
18.220382569999998,1544
18.223099179999998,1596
18.225815789999999,1610
18.228532399999999,1580
18.231249009999999,1576
18.233965619999999,1611
18.23668223,1484
18.23939884,1595
18.24211545,1578
18.24483206,1544
18.24754867,1628
18.250265280000001,1623
18.252981890000001,1523
18.255698499999998,1569
18.258415109999998,1580
18.261131719999998,1615
18.263848329999998,1537
18.266564939999999,1492
18.269281549999999,1579
18.271998159999999,1517
18.274714769999999,1577
18.277431379999999,1636
18.28014799,1516
18.2828646,1537
18.28558121,1557
18.28829782,1579
18.291014430000001,1523
18.293731040000001,1658
18.296447650000001,1607
18.299164259999998,1486
18.301880869999998,1519
18.304597479999998,1598
18.307314089999998,1551
18.310030699999999,1512
18.312747309999999,1595
18.315463919999999,1518
18.318180529999999,1540
18.32089714,1569
18.32361375,1557
18.32633036,1578
18.32904697,1499
18.331763580000001,1541
18.334480190000001,1581
18.337196800000001,1528
18.339913409999998,1519
18.342630019999998,1539
18.345346629999998,1591
18.348063239999998,1559
18.350779849999999,1529
18.353496459999999,1548
18.356213069999999,1563
18.358929679999999,1563
18.361646289999999,1526
18.3643629,1529
18.36707951,1530
18.36979612,1541
18.37251273,1573
18.375229340000001,1528
18.377945950000001,1503
18.380662560000001,1550
18.383379169999998,1511
18.386095779999998,1578
18.388812389999998,1515
18.391528999999998,1523
18.394245609999999,1523
18.396962219999999,1542
18.399678829999999,1540
18.402395439999999,1468
18.40511205,1550
18.40782866,1520
18.41054527,1490
18.41326188,1573
18.415978490000001,1563
18.418695100000001,1507
18.421411710000001,1510
18.424128319999998,1529
18.426844929999998,1572
18.429561539999998,1497
18.432278149999998,1500
18.434994759999999,1524
18.437711369999999,1474
18.440427979999999,1522
18.443144589999999,1606
18.4458612,1483
18.44857781,1515
18.45129442,1536
18.45401103,1506
18.45672764,1472
18.459444250000001,1493
18.462160860000001,1438
18.464877470000001,1545
18.467594079999998,1550
18.470310689999998,1510
18.473027299999998,1574
18.475743909999998,1532
18.478460519999999,1486
18.481177129999999,1478
18.483893739999999,1436
18.486610349999999,1550
18.48932696,1452
18.49204357,1515
18.49476018,1459
18.49747679,1505
18.500193400000001,1513
18.502910010000001,1570
18.505626620000001,1527
18.508343229999998,1459
18.511059839999998,1474
18.513776449999998,1514
18.516493059999998,1519
18.519209669999999,1467
18.521926279999999,1463
18.524642889999999,1496
18.527359499999999,1480
18.53007611,1547
18.53279272,1455
18.53550933,1460
18.53822594,1540
18.54094255,1442
18.543659160000001,1518
18.546375770000001,1483
18.549092379999998,1590
18.551808989999998,1487
18.554525599999998,1547
18.557242209999998,1485
18.559958819999999,1501
18.562675429999999,1490
18.565392039999999,1481
18.568108649999999,1456
18.570825259999999,1477
18.57354187,1491
18.57625848,1505
18.57897509,1432
18.5816917,1485
18.584408310000001,1529
18.587124920000001,1437
18.589841530000001,1491
18.592558139999998,1523
18.595274749999998,1484
18.597991359999998,1495
18.600707969999998,1433
18.603424579999999,1563
18.606141189999999,1503
18.608857799999999,1435
18.611574409999999,1465
18.61429102,1502
18.61700763,1467
18.61972424,1481
18.62244085,1438
18.62515746,1470
18.627874070000001,1425
18.630590680000001,1408
18.633307289999998,1413
18.636023899999998,1517
18.638740509999998,1468
18.641457119999998,1504
18.644173729999999,1471
18.646890339999999,1445
18.649606949999999,1476
18.652323559999999,1448
18.655040169999999,1384
18.65775678,1466
18.66047339,1444
18.66319,1418
18.66590661,1492
18.668623220000001,1473
18.671339830000001,1457
18.674056440000001,1409
18.676773049999998,1412
18.679489659999998,1462
18.682206269999998,1426
18.684922879999998,1479
18.687639489999999,1375
18.690356099999999,1496
18.693072709999999,1462
18.695789319999999,1438
18.69850593,1475
18.70122254,1386
18.70393915,1422
18.70665576,1406
18.709372370000001,1452
18.712088980000001,1399
18.714805590000001,1421
18.717522199999998,1503
18.720238809999998,1431
18.722955419999998,1409
18.725672029999998,1413
18.728388639999999,1408
18.731105249999999,1360
18.733821859999999,1533
18.736538469999999,1398
18.73925508,1375
18.74197169,1461
18.7446883,1388
18.74740491,1437
18.75012152,1338
18.752838130000001,1402
18.755554740000001,1512
18.758271350000001,1388
18.760987959999998,1460
18.763704569999998,1432
18.766421179999998,1397
18.769137789999998,1382
18.771854399999999,1441
18.774571009999999,1397
18.777287619999999,1379
18.780004229999999,1385
18.78272084,1446
18.78543745,1373
18.78815406,1366
18.79087067,1404
18.793587280000001,1390
18.796303890000001,1441
18.799020500000001,1446
18.801737109999998,1397
18.804453719999998,1465
18.807170329999998,1427
18.809886939999998,1363
18.812603549999999,1448
18.815320159999999,1404
18.818036769999999,1409
18.820753379999999,1407
18.82346999,1423
18.8261866,1354
18.82890321,1356
18.83161982,1341
18.83433643,1410
18.837053040000001,1431
18.839769650000001,1424
18.842486259999998,1366
18.845202869999998,1419
18.847919479999998,1367
18.850636089999998,1410
18.853352699999999,1388
18.856069309999999,1341
18.858785919999999,1413
18.861502529999999,1374
18.864219139999999,1414
18.86693575,1447
18.86965236,1443
18.87236897,1368
18.87508558,1441
18.877802190000001,1438
18.880518800000001,1439
18.883235410000001,1336
18.885952019999998,1363
18.888668629999998,1470
18.891385239999998,1351
18.894101849999998,1414
18.896818459999999,1325
18.899535069999999,1384
18.902251679999999,1370
18.904968289999999,1347
18.9076849,1355
18.91040151,1335
18.91311812,1435
18.91583473,1334
18.91855134,1351
18.921267950000001,1425
18.923984560000001,1339
18.926701169999998,1354
18.929417779999998,1312
18.932134389999998,1338
18.934850999999998,1405
18.937567609999999,1365
18.940284219999999,1339
18.943000829999999,1362
18.945717439999999,1340
18.948434049999999,1353
18.95115066,1352
18.95386727,1304
18.95658388,1351
18.95930049,1352
18.962017100000001,1372
18.964733710000001,1353
18.967450320000001,1370
18.970166929999998,1301
18.972883539999998,1390
18.975600149999998,1413
18.978316759999998,1350
18.981033369999999,1366
18.983749979999999,1448
18.986466589999999,1381
18.989183199999999,1423
18.99189981,1384
18.99461642,1327
18.99733303,1371
19.00004964,1331
19.002766250000001,1429
19.005482860000001,1381
19.008199470000001,1355
19.010916079999998,1416
19.013632689999998,1367
19.016349299999998,1431
19.019065909999998,1359
19.021782519999999,1402
19.024499129999999,1325
19.027215739999999,1379
19.029932349999999,1373
19.03264896,1362
19.03536557,1322
19.03808218,1432
19.04079879,1419
19.0435154,1380
19.046232010000001,1364
19.048948620000001,1322
19.051665230000001,1318
19.054381839999998,1327
19.057098449999998,1332
19.059815059999998,1395
19.062531669999998,1356
19.065248279999999,1309
19.067964889999999,1328
19.070681499999999,1356
19.073398109999999,1359
19.07611472,1379
19.07883133,1354
19.08154794,1330
19.08426455,1344
19.086981160000001,1324
19.089697770000001,1366
19.092414380000001,1398
19.095130989999998,1287
19.097847599999998,1356
19.100564209999998,1363
19.103280819999998,1437
19.105997429999999,1387
19.108714039999999,1350
19.111430649999999,1373
19.114147259999999,1327
19.11686387,1376
19.11958048,1336
19.12229709,1400
19.1250137,1352
19.12773031,1366
19.130446920000001,1315
19.133163530000001,1338
19.135880139999998,1331
19.138596749999998,1337
19.141313359999998,1324
19.144029969999998,1344
19.146746579999999,1347
19.149463189999999,1303
19.152179799999999,1335
19.154896409999999,1401
19.157613019999999,1319
19.16032963,1359
19.16304624,1303
19.16576285,1361
19.16847946,1347
19.171196070000001,1319
19.173912680000001,1328
19.176629290000001,1360
19.179345899999998,1347
19.182062509999998,1276
19.184779119999998,1338
19.187495729999998,1290
19.190212339999999,1314
19.192928949999999,1351
19.195645559999999,1310
19.198362169999999,1314
19.20107878,1318
19.20379539,1440
19.206512,1315
19.20922861,1355
19.21194522,1373
19.214661830000001,1332
19.217378440000001,1326
19.220095049999998,1332
19.222811659999998,1383
19.225528269999998,1335
19.228244879999998,1364
19.230961489999999,1304
19.233678099999999,1395
19.236394709999999,1341
19.239111319999999,1414
19.241827929999999,1369
19.24454454,1298
19.24726115,1405
19.24997776,1345
19.25269437,1317
19.255410980000001,1277
19.258127590000001,1319
19.260844200000001,1355
19.263560809999998,1352
19.266277419999998,1309
19.268994029999998,1336
19.271710639999998,1329
19.274427249999999,1388
19.277143859999999,1287
19.279860469999999,1326
19.282577079999999,1352
19.28529369,1294
19.2880103,1365
19.29072691,1438
19.29344352,1341
19.296160130000001,1310
19.298876740000001,1269
19.301593350000001,1377
19.304309959999998,1384
19.307026569999998,1334
19.309743179999998,1302
19.312459789999998,1305
19.315176399999999,1308
19.317893009999999,1291
19.320609619999999,1333
19.323326229999999,1313
19.32604284,1353
19.32875945,1323
19.33147606,1349
19.33419267,1309
19.33690928,1383
19.339625890000001,1347
19.342342500000001,1303
19.345059110000001,1313
19.347775719999998,1323
19.350492329999998,1327
19.353208939999998,1321
19.355925549999998,1351
19.358642159999999,1407
19.361358769999999,1301
19.364075379999999,1311
19.366791989999999,1285
19.3695086,1285
19.37222521,1283
19.37494182,1326
19.37765843,1265
19.380375040000001,1301
19.383091650000001,1302
19.385808260000001,1360
19.388524869999998,1347
19.391241479999998,1375
19.393958089999998,1331
19.396674699999998,1343
19.399391309999999,1319
19.402107919999999,1388
19.404824529999999,1372
19.407541139999999,1358
19.41025775,1284
19.41297436,1317
19.41569097,1385
19.41840758,1352
19.42112419,1365
19.423840800000001,1356
19.426557410000001,1378
19.429274019999998,1276
19.431990629999998,1395
19.434707239999998,1367
19.437423849999998,1335
19.440140459999999,1386
19.442857069999999,1377
19.445573679999999,1358
19.448290289999999,1289
19.451006899999999,1319
19.45372351,1287
19.45644012,1318
19.45915673,1282
19.46187334,1277
19.464589950000001,1373
19.467306560000001,1325
19.470023170000001,1325
19.472739779999998,1314
19.475456389999998,1315
19.478172999999998,1311
19.480889609999998,1321
19.483606219999999,1313
19.486322829999999,1368
19.489039439999999,1290
19.491756049999999,1356
19.49447266,1292
19.49718927,1358
19.49990588,1303
19.50262249,1350
19.5053391,1358
19.508055710000001,1262
19.510772320000001,1303
19.513488929999998,1296
19.516205539999998,1297
19.518922149999998,1320
19.521638759999998,1228
19.524355369999999,1314
19.527071979999999,1338
19.529788589999999,1301
19.532505199999999,1323
19.535221809999999,1395
19.53793842,1343
19.54065503,1252
19.54337164,1340
19.54608825,1345
19.548804860000001,1323
19.551521470000001,1277
19.554238080000001,1309
19.556954689999998,1315
19.559671299999998,1356
19.562387909999998,1403
19.565104519999998,1292
19.567821129999999,1331
19.570537739999999,1247
19.573254349999999,1324
19.575970959999999,1353
19.57868757,1341
19.58140418,1400
19.58412079,1328
19.5868374,1310
19.589554010000001,1371
19.592270620000001,1277
19.594987230000001,1230
19.597703839999998,1345
19.600420449999998,1309
19.603137059999998,1201
19.605853669999998,1277
19.608570279999999,1325
19.611286889999999,1359
19.614003499999999,1337
19.616720109999999,1298
19.619436719999999,1254
19.62215333,1390
19.62486994,1316
19.62758655,1299
19.63030316,1281
19.633019770000001,1323
19.635736380000001,1311
19.638452990000001,1336
19.641169599999998,1326
19.643886209999998,1330
19.646602819999998,1350
19.649319429999998,1288
19.652036039999999,1382
19.654752649999999,1374
19.657469259999999,1247
19.660185869999999,1264
19.66290248,1263
19.66561909,1311
19.6683357,1334
19.67105231,1336
19.673768920000001,1304
19.676485530000001,1322
19.679202140000001,1345
19.681918749999998,1346
19.684635359999998,1265
19.687351969999998,1318
19.690068579999998,1356
19.692785189999999,1287
19.695501799999999,1288
19.698218409999999,1244
19.700935019999999,1350
19.70365163,1347
19.70636824,1278
19.70908485,1333
19.71180146,1329
19.71451807,1317
19.717234680000001,1307
19.719951290000001,1296
19.722667899999998,1287
19.725384509999998,1280
19.728101119999998,1234
19.730817729999998,1337
19.733534339999999,1297
19.736250949999999,1328
19.738967559999999,1288
19.741684169999999,1370
19.744400779999999,1266
19.74711739,1294
19.749834,1324
19.75255061,1261
19.75526722,1369
19.757983830000001,1345
19.760700440000001,1305
19.763417050000001,1315
19.766133659999998,1331
19.768850269999998,1301
19.771566879999998,1346
19.774283489999998,1303
19.777000099999999,1283
19.779716709999999,1325
19.782433319999999,1311
19.785149929999999,1405
19.78786654,1326
19.79058315,1338
19.79329976,1309
19.79601637,1330
19.79873298,1308
19.801449590000001,1277
19.804166200000001,1342
19.806882809999998,1364
19.809599419999998,1311
19.812316029999998,1320
19.815032639999998,1272
19.817749249999999,1369
19.820465859999999,1297
19.823182469999999,1301
19.825899079999999,1386
19.828615689999999,1340
19.8313323,1317
19.83404891,1344
19.83676552,1357
19.83948213,1331
19.842198740000001,1296
19.844915350000001,1264
19.847631960000001,1327
19.850348569999998,1307
19.853065179999998,1233
19.855781789999998,1393
19.858498399999998,1289
19.861215009999999,1345
19.863931619999999,1305
19.866648229999999,1301
19.869364839999999,1289
19.87208145,1370
19.87479806,1288
19.87751467,1290
19.88023128,1240
19.882947890000001,1330
19.885664500000001,1267
19.888381110000001,1286
19.891097719999998,1293
19.893814329999998,1331
19.896530939999998,1314
19.899247549999998,1296
19.901964159999999,1302
19.904680769999999,1278
19.907397379999999,1367
19.910113989999999,1274
19.912830599999999,1256
19.91554721,1301
19.91826382,1313
19.92098043,1356
19.92369704,1318
19.926413650000001,1238
19.929130260000001,1278
19.931846870000001,1346
19.934563479999998,1310
19.937280089999998,1280
19.939996699999998,1300
19.942713309999998,1268
19.945429919999999,1257
19.948146529999999,1244
19.950863139999999,1215
19.953579749999999,1307
19.95629636,1316
19.95901297,1302
19.96172958,1224
19.96444619,1257
19.967162800000001,1341
19.969879410000001,1267
19.972596020000001,1266
19.975312629999998,1362
19.978029239999998,1282
19.980745849999998,1305
19.983462459999998,1248
19.986179069999999,1343
19.988895679999999,1341
19.991612289999999,1281
19.994328899999999,1277
19.99704551,1310
19.99976212,1313
20.00247873,1347
20.00519534,1347
20.00791195,1246
20.010628560000001,1371
20.013345170000001,1308
20.016061779999998,1284
20.018778389999998,1219
20.021494999999998,1377
20.024211609999998,1296
20.026928219999999,1308
20.029644829999999,1236
20.032361439999999,1321
20.035078049999999,1295
20.037794659999999,1256
20.04051127,1264
20.04322788,1303
20.04594449,1268
20.0486611,1264
20.051377710000001,1278
20.054094320000001,1274
20.056810930000001,1240
20.059527539999998,1232
20.062244149999998,1256
20.064960759999998,1275
20.067677369999998,1294
20.070393979999999,1283
20.073110589999999,1311
20.075827199999999,1376
20.078543809999999,1315
20.08126042,1282
20.08397703,1349
20.08669364,1260
20.08941025,1346
20.09212686,1310
20.094843470000001,1265
20.097560080000001,1209
20.100276689999998,1233
20.102993299999998,1315
20.105709909999998,1288
20.108426519999998,1335
20.111143129999999,1286
20.113859739999999,1276
20.116576349999999,1275
20.119292959999999,1238
20.122009569999999,1205
20.12472618,1258
20.12744279,1287
20.1301594,1264
20.13287601,1263
20.135592620000001,1299
20.138309230000001,1277
20.141025840000001,1319
20.143742449999998,1250
20.146459059999998,1353
20.149175669999998,1293
20.151892279999998,1256
20.154608889999999,1316
20.157325499999999,1291
20.160042109999999,1277
20.162758719999999,1319
20.16547533,1280
20.16819194,1240
20.17090855,1304
20.17362516,1267
20.176341770000001,1276
20.179058380000001,1291
20.181774990000001,1244
20.184491599999998,1286
20.187208209999998,1227
20.189924819999998,1309
20.192641429999998,1218
20.195358039999999,1257
20.198074649999999,1335
20.200791259999999,1316
20.203507869999999,1267
20.206224479999999,1303
20.20894109,1279
20.2116577,1236
20.21437431,1243
20.21709092,1248
20.219807530000001,1255
20.222524140000001,1288
20.225240750000001,1173
20.227957359999998,1234
20.230673969999998,1242
20.233390579999998,1227
20.236107189999998,1264
20.238823799999999,1256
20.241540409999999,1248
20.244257019999999,1242
20.246973629999999,1252
20.24969024,1222
20.25240685,1272
20.25512346,1200
20.25784007,1250
20.260556680000001,1283
20.263273290000001,1268
20.265989900000001,1333
20.268706509999998,1303
20.271423119999998,1210
20.274139729999998,1357
20.276856339999998,1279
20.279572949999999,1248
20.282289559999999,1335
20.285006169999999,1255
20.287722779999999,1296
20.29043939,1278
20.293156,1315
20.29587261,1277
20.29858922,1297
20.30130583,1318
20.304022440000001,1285
20.306739050000001,1244
20.309455659999998,1278
20.312172269999998,1247
20.314888879999998,1277
20.317605489999998,1266
20.320322099999998,1264
20.323038709999999,1252
20.325755319999999,1304
20.328471929999999,1317
20.331188539999999,1170
20.33390515,1313
20.33662176,1208
20.33933837,1262
20.34205498,1320
20.344771590000001,1265
20.347488200000001,1245
20.350204810000001,1207
20.352921419999998,1279
20.355638029999998,1283
20.358354639999998,1231
20.361071249999998,1253
20.363787859999999,1249
20.366504469999999,1297
20.369221079999999,1334
20.371937689999999,1181
20.3746543,1227
20.37737091,1291
20.38008752,1252
20.38280413,1277
20.38552074,1288
20.388237350000001,1298
20.390953960000001,1277
20.393670569999998,1331
20.396387179999998,1264
20.399103789999998,1275
20.401820399999998,1204
20.404537009999999,1213
20.407253619999999,1279
20.409970229999999,1221
20.412686839999999,1217
20.415403449999999,1181
20.41812006,1261
20.42083667,1274
20.42355328,1281
20.42626989,1182
20.428986500000001,1321
20.431703110000001,1236
20.434419720000001,1162
20.437136329999998,1240
20.439852939999998,1254
20.442569549999998,1238
20.445286159999998,1247
20.448002769999999,1265
20.450719379999999,1211
20.453435989999999,1187
20.456152599999999,1213
20.45886921,1235
20.46158582,1216
20.46430243,1247
20.46701904,1249
20.469735650000001,1266
20.472452260000001,1210
20.475168870000001,1326
20.477885479999998,1205
20.480602089999998,1205
20.483318699999998,1205
20.486035309999998,1209
20.488751919999999,1198
20.491468529999999,1232
20.494185139999999,1212
20.496901749999999,1212
20.499618359999999,1230
20.50233497,1202
20.50505158,1274
20.50776819,1227
20.5104848,1253
20.513201410000001,1258
20.515918020000001,1266
20.518634630000001,1261
20.521351239999998,1179
20.524067849999998,1222
20.526784459999998,1198
20.529501069999998,1227
20.532217679999999,1286
20.534934289999999,1192
20.537650899999999,1182
20.540367509999999,1195
20.54308412,1278
20.54580073,1199
20.54851734,1267
20.55123395,1253
20.553950560000001,1263
20.556667170000001,1184
20.559383780000001,1258
20.562100389999998,1215
20.564816999999998,1205
20.567533609999998,1205
20.570250219999998,1231
20.572966829999999,1180
20.575683439999999,1219
20.578400049999999,1236
20.581116659999999,1211
20.58383327,1249
20.58654988,1223
20.58926649,1250
20.5919831,1160
20.59469971,1240
20.597416320000001,1211
20.600132930000001,1149
20.602849539999998,1164
20.605566149999998,1214
20.608282759999998,1215
20.610999369999998,1188
20.613715979999998,1208
20.616432589999999,1190
20.619149199999999,1274
20.621865809999999,1230
20.624582419999999,1253
20.62729903,1215
20.63001564,1177
20.63273225,1155
20.63544886,1248
20.638165470000001,1178
20.640882080000001,1183
20.643598690000001,1183
20.646315299999998,1132
20.649031909999998,1251
20.651748519999998,1226
20.654465129999998,1213
20.657181739999999,1205
20.659898349999999,1194
20.662614959999999,1242
20.665331569999999,1183
20.66804818,1193
20.67076479,1213
20.6734814,1184
20.67619801,1201
20.67891462,1238
20.681631230000001,1234
20.684347840000001,1228
20.687064449999998,1264
20.689781059999998,1192
20.692497669999998,1166
20.695214279999998,1252
20.697930889999999,1199
20.700647499999999,1130
20.703364109999999,1173
20.706080719999999,1144
20.708797329999999,1178
20.71151394,1216
20.71423055,1217
20.71694716,1132
20.71966377,1145
20.722380380000001,1257
20.725096990000001,1164
20.727813600000001,1208
20.730530209999998,1200
20.733246819999998,1236
20.735963429999998,1220
20.738680039999998,1177
20.741396649999999,1191
20.744113259999999,1168
20.746829869999999,1138
20.749546479999999,1243
20.75226309,1252
20.7549797,1152
20.75769631,1231
20.76041292,1218
20.76312953,1184
20.765846140000001,1163
20.768562750000001,1182
20.771279359999998,1169
20.773995969999998,1211
20.776712579999998,1244
20.779429189999998,1254
20.782145799999999,1216
20.784862409999999,1205
20.787579019999999,1228
20.790295629999999,1277
20.793012239999999,1258
20.79572885,1202
20.79844546,1169
20.80116207,1147
20.80387868,1197
20.806595290000001,1225
20.809311900000001,1152
20.812028510000001,1208
20.814745119999998,1181
20.817461729999998,1175
20.820178339999998,1234
20.822894949999998,1266
20.825611559999999,1221
20.828328169999999,1206
20.831044779999999,1201
20.833761389999999,1256
20.836478,1191
20.83919461,1158
20.84191122,1244
20.84462783,1190
20.847344440000001,1273
20.850061050000001,1159
20.852777660000001,1224
20.855494269999998,1274
20.858210879999998,1238
20.860927489999998,1277
20.863644099999998,1244
20.866360709999999,1199
20.869077319999999,1225
20.871793929999999,1250
20.874510539999999,1157
20.87722715,1196
20.87994376,1208
20.88266037,1269
20.88537698,1254
20.88809359,1206
20.890810200000001,1214
20.893526810000001,1152
20.896243419999998,1222
20.898960029999998,1232
20.901676639999998,1259
20.904393249999998,1224
20.907109859999998,1275
20.909826469999999,1251
20.912543079999999,1198
20.915259689999999,1234
20.917976299999999,1179
20.92069291,1181
20.92340952,1203
20.92612613,1213
20.92884274,1243
20.931559350000001,1246
20.934275960000001,1239
20.936992570000001,1260
20.939709179999998,1309
20.942425789999998,1246
20.945142399999998,1193
20.947859009999998,1277
20.950575619999999,1291
20.953292229999999,1271
20.956008839999999,1217
20.958725449999999,1265
20.96144206,1249
20.96415867,1324
20.96687528,1213
20.96959189,1230
20.9723085,1236
20.975025110000001,1242
20.977741720000001,1226
20.980458329999998,1266
20.983174939999998,1259
20.985891549999998,1339
20.988608159999998,1256
20.991324769999999,1306
20.994041379999999,1265
20.996757989999999,1241
20.999474599999999,1222
21.002191209999999,1214
21.00490782,1280
21.00762443,1177
21.01034104,1197
21.01305765,1265
21.015774260000001,1324
21.018490870000001,1283
21.021207480000001,1246
21.023924090000001,1238
21.026640700000002,1264
21.029357310000002,1248
21.032073920000002,1272
21.034790529999999,1273
21.037507139999999,1269
21.040223749999999,1265
21.042940359999999,1264
21.04565697,1276
21.04837358,1269
21.05109019,1280
21.0538068,1271
21.05652341,1245
21.059240020000001,1320
21.061956630000001,1263
21.064673240000001,1297
21.067389850000001,1305
21.070106460000002,1307
21.072823070000002,1296
21.075539679999999,1364
21.078256289999999,1284
21.080972899999999,1279
21.083689509999999,1309
21.086406119999999,1280
21.08912273,1295
21.09183934,1345
21.09455595,1327
21.09727256,1306
21.099989170000001,1376
21.102705780000001,1393
21.105422390000001,1340
21.108139000000001,1262
21.110855610000002,1343
21.113572220000002,1336
21.116288829999998,1342
21.119005439999999,1328
21.121722049999999,1346
21.124438659999999,1301
21.127155269999999,1416
21.12987188,1386
21.13258849,1389
21.1353051,1367
21.13802171,1460
21.140738320000001,1380
21.143454930000001,1431
21.146171540000001,1375
21.148888150000001,1381
21.151604760000001,1411
21.154321370000002,1401
21.157037980000002,1396
21.159754589999999,1481
21.162471199999999,1451
21.165187809999999,1433
21.167904419999999,1438
21.17062103,1366
21.17333764,1429
21.17605425,1514
21.17877086,1462
21.18148747,1539
21.184204080000001,1504
21.186920690000001,1484
21.189637300000001,1494
21.192353910000001,1458
21.195070520000002,1532
21.197787130000002,1614
21.200503739999998,1545
21.203220349999999,1513
21.205936959999999,1557
21.208653569999999,1461
21.211370179999999,1548
21.21408679,1476
21.2168034,1561
21.21952001,1564
21.22223662,1545
21.224953230000001,1591
21.227669840000001,1703
21.230386450000001,1630
21.233103060000001,1606
21.235819670000001,1565
21.238536280000002,1716
21.241252890000002,1721
21.243969499999999,1660
21.246686109999999,1722
21.249402719999999,1615
21.252119329999999,1693
21.25483594,1659
21.25755255,1677
21.26026916,1794
21.26298577,1773
21.26570238,1773
21.268418990000001,1768
21.271135600000001,1726
21.273852210000001,1780
21.276568820000001,1815
21.279285430000002,1844
21.282002040000002,1795
21.284718649999999,1797
21.287435259999999,1827
21.290151869999999,1929
21.292868479999999,1874
21.295585089999999,1918
21.2983017,1963
21.30101831,1863
21.30373492,1970
21.30645153,1999
21.309168140000001,2031
21.311884750000001,2027
21.314601360000001,2025
21.317317970000001,2108
21.320034580000002,2082
21.322751190000002,1970
21.325467800000002,2159
21.328184409999999,2118
21.330901019999999,2229
21.333617629999999,2162
21.336334239999999,2156
21.33905085,2155
21.34176746,2303
21.34448407,2299
21.34720068,2280
21.34991729,2329
21.352633900000001,2395
21.355350510000001,2247
21.358067120000001,2309
21.360783730000001,2372
21.363500340000002,2457
21.366216950000002,2408
21.368933559999999,2386
21.371650169999999,2502
21.374366779999999,2503
21.377083389999999,2504
21.379799999999999,2536
21.38251661,2644
21.38523322,2648
21.38794983,2669
21.39066644,2788
21.393383050000001,2776
21.396099660000001,2783
21.398816270000001,2798
21.401532880000001,2890
21.404249490000002,2814
21.406966100000002,2859
21.409682709999998,2955
21.412399319999999,2987
21.415115929999999,3016
21.417832539999999,3003
21.420549149999999,3100
21.42326576,3113
21.42598237,3127
21.42869898,3029
21.43141559,3283
21.434132200000001,3183
21.436848810000001,3225
21.439565420000001,3298
21.442282030000001,3351
21.444998640000001,3400
21.447715250000002,3523
21.450431860000002,3418
21.453148469999999,3545
21.455865079999999,3578
21.458581689999999,3544
21.461298299999999,3541
21.46401491,3753
21.46673152,3753
21.46944813,3801
21.47216474,3815
21.47488135,3789
21.477597960000001,3887
21.480314570000001,3890
21.483031180000001,3999
21.485747790000001,3957
21.488464400000002,4074
21.491181010000002,4089
21.493897619999998,4125
21.496614229999999,4172
21.499330839999999,4146
21.502047449999999,4256
21.504764059999999,4330
21.50748067,4217
21.51019728,4353
21.51291389,4257
21.5156305,4253
21.518347110000001,4263
21.521063720000001,4305
21.523780330000001,4356
21.526496940000001,4444
21.529213550000001,4471
21.531930160000002,4416
21.534646770000002,4475
21.537363379999999,4500
21.540079989999999,4562
21.542796599999999,4353
21.545513209999999,4325
21.54822982,4319
21.55094643,4530
21.55366304,4366
21.55637965,4364
21.55909626,4465
21.561812870000001,4301
21.564529480000001,4287
21.567246090000001,4125
21.569962700000001,4159
21.572679310000002,4200
21.575395920000002,4136
21.578112529999999,4085
21.580829139999999,4037
21.583545749999999,3846
21.586262359999999,3944
21.588978969999999,3847
21.59169558,3765
21.59441219,3696
21.5971288,3717
21.59984541,3622
21.602562020000001,3397
21.605278630000001,3438
21.607995240000001,3358
21.610711850000001,3319
21.613428460000002,3316
21.616145070000002,3085
21.618861680000002,3160
21.621578289999999,3129
21.624294899999999,2928
21.627011509999999,3030
21.629728119999999,2907
21.63244473,2763
21.63516134,2660
21.63787795,2716
21.64059456,2554
21.64331117,2600
21.646027780000001,2488
21.648744390000001,2446
21.651461000000001,2384
21.654177610000001,2307
21.656894220000002,2366
21.659610830000002,2286
21.662327439999999,2158
21.665044049999999,2095
21.667760659999999,2064
21.670477269999999,2018
21.673193879999999,1977
21.67591049,1918
21.6786271,1857
21.68134371,1820
21.68406032,1797
21.686776930000001,1782
21.689493540000001,1741
21.692210150000001,1698
21.694926760000001,1676
21.697643370000002,1665
21.700359980000002,1630
21.703076589999998,1555
21.705793199999999,1525
21.708509809999999,1524
21.711226419999999,1538
21.713943029999999,1554
21.71665964,1472
21.71937625,1503
21.72209286,1451
21.72480947,1443
21.727526080000001,1474
21.730242690000001,1394
21.732959300000001,1441
21.735675910000001,1386
21.738392520000001,1341
21.741109130000002,1327
21.743825740000002,1348
21.746542349999999,1319
21.749258959999999,1391
21.751975569999999,1290
21.754692179999999,1322
21.757408789999999,1328
21.7601254,1339
21.76284201,1325
21.76555862,1312
21.76827523,1270
21.770991840000001,1261
21.773708450000001,1263
21.776425060000001,1250
21.779141670000001,1309
21.781858280000002,1295
21.784574890000002,1282
21.787291499999998,1237
21.790008109999999,1265
21.792724719999999,1320
21.795441329999999,1252
21.798157939999999,1234
21.80087455,1210
21.80359116,1223
21.80630777,1187
21.80902438,1180
21.811740990000001,1238
21.814457600000001,1250
21.817174210000001,1199
21.819890820000001,1243
21.822607430000001,1173
21.825324040000002,1179
21.828040650000002,1215
21.830757259999999,1205
21.833473869999999,1227
21.836190479999999,1195
21.838907089999999,1214
21.8416237,1205
21.84434031,1147
21.84705692,1168
21.84977353,1130
21.85249014,1141
21.855206750000001,1148
21.857923360000001,1202
21.860639970000001,1234
21.863356580000001,1176
21.866073190000002,1211
21.868789800000002,1159
21.871506409999999,1153
21.874223019999999,1150
21.876939629999999,1146
21.879656239999999,1155
21.882372849999999,1180
21.88508946,1166
21.88780607,1138
21.89052268,1176
21.89323929,1170
21.895955900000001,1202
21.898672510000001,1199
21.901389120000001,1167
21.904105730000001,1172
21.906822340000002,1161
21.909538950000002,1192
21.912255559999998,1154
21.914972169999999,1096
21.917688779999999,1113
21.920405389999999,1207
21.923121999999999,1150
21.92583861,1181
21.92855522,1098
21.93127183,1073
21.93398844,1121
21.93670505,1126
21.939421660000001,1237
21.942138270000001,1136
21.944854880000001,1150
21.947571490000001,1126
21.950288100000002,1198
21.953004710000002,1147
21.955721319999999,1152
21.958437929999999,1140
21.961154539999999,1157
21.963871149999999,1118
21.966587759999999,1162
21.96930437,1077
21.97202098,1128
21.97473759,1141
21.9774542,1080
21.980170810000001,1094
21.982887420000001,1153
21.985604030000001,1120
21.988320640000001,1160
21.991037250000002,1142
21.993753860000002,1055
21.996470469999998,1110
21.999187079999999,1065
22.001903689999999,1101
22.004620299999999,1082
22.007336909999999,1081
22.01005352,1071
22.01277013,1070
22.01548674,1118
22.01820335,1104
22.020919960000001,1056
22.023636570000001,1062
22.026353180000001,1121
22.029069790000001,1081
22.031786400000001,1067
22.034503010000002,1117
22.037219620000002,1113
22.039936229999999,1122
22.042652839999999,1099
22.045369449999999,1085
22.048086059999999,1083
22.050802669999999,1079
22.05351928,1187
22.05623589,1040
22.0589525,1078
22.06166911,1104
22.064385720000001,1160
22.067102330000001,1082
22.069818940000001,1067
22.072535550000001,1024
22.075252160000002,1134
22.077968770000002,1067
22.080685379999998,1098
22.083401989999999,1068
22.086118599999999,1076
22.088835209999999,1066
22.091551819999999,1047
22.09426843,1060
22.09698504,1068
22.09970165,1058
22.10241826,1050
22.105134870000001,1082
22.107851480000001,1058
22.110568090000001,1114
22.113284700000001,1056
22.116001310000001,1032
22.118717920000002,1072
22.121434530000002,1082
22.124151139999999,1096
22.126867749999999,1128
22.129584359999999,1060
22.132300969999999,1048
22.13501758,1058
22.13773419,1120
22.1404508,1106
22.14316741,1075
22.14588402,1021
22.148600630000001,1081
22.151317240000001,1056
22.154033850000001,1066
22.156750460000001,1123
22.159467070000002,1112
22.162183680000002,1087
22.164900289999999,1136
22.167616899999999,1075
22.170333509999999,1096
22.173050119999999,1061
22.175766729999999,1083
22.17848334,1019
22.18119995,1075
22.18391656,1110
22.18663317,1114
22.189349780000001,1126
22.192066390000001,1085
22.194783000000001,1024
22.197499610000001,1103
22.200216220000001,1106
22.202932830000002,1068
22.205649439999998,1051
22.208366049999999,1113
22.211082659999999,1079
22.213799269999999,1049
22.216515879999999,1080
22.21923249,1128
22.2219491,1123
22.22466571,1083
22.22738232,1053
22.23009893,1044
22.232815540000001,1133
22.235532150000001,1049
22.238248760000001,1037
22.240965370000001,1110
22.243681980000002,1122
22.246398590000002,1072
22.249115199999999,1060
22.251831809999999,1053
22.254548419999999,1136
22.257265029999999,1056
22.259981639999999,1030
22.26269825,1045
22.26541486,1055
22.26813147,1081
22.27084808,1069
22.273564690000001,1070
22.276281300000001,1047
22.278997910000001,1053
22.281714520000001,1042
22.284431130000002,1005
22.287147740000002,1149
22.289864349999998,1079
22.292580959999999,1022
22.295297569999999,1062
22.298014179999999,1067
22.300730789999999,1093
22.3034474,1043
22.30616401,1050
22.30888062,1101
22.31159723,1054
22.314313840000001,1104
22.317030450000001,1143
22.319747060000001,1095
22.322463670000001,1023
22.325180280000001,1042
22.327896890000002,1101
22.330613500000002,1126
22.333330109999999,1029
22.336046719999999,1085
22.338763329999999,1077
22.341479939999999,1080
22.344196549999999,1156
22.34691316,1098
22.34962977,1047
22.35234638,1080
22.35506299,1147
22.357779600000001,1083
22.360496210000001,1172
22.363212820000001,1134
22.365929430000001,1084
22.368646040000002,1039
22.371362650000002,1065
22.374079259999998,1055
22.376795869999999,1087
22.379512479999999,1059
22.382229089999999,1059
22.384945699999999,1088
22.38766231,1128
22.39037892,1048
22.39309553,1090
22.39581214,1086
22.398528750000001,1109
22.401245360000001,1156
22.403961970000001,1093
22.406678580000001,1100
22.409395190000001,1106
22.412111800000002,1138
22.414828410000002,1072
22.417545019999999,1060
22.420261629999999,1069
22.422978239999999,1077
22.425694849999999,1038
22.42841146,1108
22.43112807,1125
22.43384468,1109
22.43656129,1055
22.4392779,1051
22.441994510000001,1080
22.444711120000001,1093
22.447427730000001,1109
22.450144340000001,1028
22.452860950000002,1130
22.455577560000002,1128
22.458294169999999,1091
22.461010779999999,1047
22.463727389999999,1081
22.466443999999999,1142
22.469160609999999,1116
22.47187722,1082
22.47459383,1100
22.47731044,1033
22.48002705,1073
22.482743660000001,1089
22.485460270000001,1106
22.488176880000001,1166
22.490893490000001,1057
22.493610100000001,1086
22.496326710000002,1087
22.499043319999998,1088
22.501759929999999,1098
22.504476539999999,1071
22.507193149999999,1111
22.509909759999999,1103
22.51262637,1043
22.51534298,1114
22.51805959,1090
22.5207762,1057
22.52349281,1185
22.526209420000001,1093
22.528926030000001,1086
22.531642640000001,1125
22.534359250000001,1143
22.537075860000002,1138
22.539792470000002,1094
22.542509079999999,1020
22.545225689999999,1086
22.547942299999999,1069
22.550658909999999,1067
22.553375519999999,1100
22.55609213,1096
22.55880874,1093
22.56152535,1088
22.56424196,1124
22.566958570000001,1090
22.569675180000001,1099
22.572391790000001,1105
22.575108400000001,1164
22.577825010000002,1146
22.580541620000002,1091
22.583258229999998,1071
22.585974839999999,1100
22.588691449999999,1027
22.591408059999999,1057
22.594124669999999,1076
22.59684128,1120
22.59955789,1059
22.6022745,1114
22.60499111,1127
22.607707720000001,1081
22.610424330000001,1135
22.613140940000001,1092
22.615857550000001,1008
22.618574160000001,1086
22.621290770000002,1119
22.624007380000002,1102
22.626723989999999,1074
22.629440599999999,1071
22.632157209999999,1119
22.634873819999999,1069
22.637590429999999,1112
22.64030704,1044
22.64302365,1140
22.64574026,1106
22.64845687,1130
22.651173480000001,1134
22.653890090000001,1163
22.656606700000001,1113
22.659323310000001,1210
22.662039920000002,1165
22.664756530000002,1136
22.667473139999998,1105
22.670189749999999,1092
22.672906359999999,1099
22.675622969999999,1164
22.678339579999999,1115
22.68105619,1097
22.6837728,1182
22.68648941,1069
22.68920602,1075
22.691922630000001,1094
22.694639240000001,1162
22.697355850000001,1163
22.700072460000001,1110
22.702789070000001,1186
22.705505680000002,1147
22.708222290000002,1123
22.710938899999999,1068
22.713655509999999,1159
22.716372119999999,1089
22.719088729999999,1136
22.72180534,1141
22.72452195,1141
22.72723856,1082
22.72995517,1132
22.73267178,1116
22.735388390000001,1114
22.738105000000001,1125
22.740821610000001,1211
22.743538220000001,1077
22.746254830000002,1155
22.748971440000002,1107
22.751688049999998,1179
22.754404659999999,1196
22.757121269999999,1146
22.759837879999999,1129
22.762554489999999,1170
22.7652711,1163
22.76798771,1146
22.77070432,1129
22.77342093,1106
22.776137540000001,1175
22.778854150000001,1167
22.781570760000001,1149
22.784287370000001,1157
22.787003980000001,1142
22.789720590000002,1163
22.792437199999998,1191
22.795153809999999,1172
22.797870419999999,1104
22.800587029999999,1194
22.803303639999999,1121
22.80602025,1146
22.80873686,1097
22.81145347,1144
22.81417008,1095
22.81688669,1120
22.819603300000001,1168
22.822319910000001,1164
22.825036520000001,1163
22.827753130000001,1142
22.830469740000002,1127
22.833186350000002,1108
22.835902959999999,1155
22.838619569999999,1071
22.841336179999999,1198
22.844052789999999,1116
22.846769399999999,1089
22.84948601,1120
22.85220262,1181
22.85491923,1134
22.85763584,1135
22.860352450000001,1076
22.863069060000001,1163
22.865785670000001,1103
22.868502280000001,1189
22.871218890000002,1161
22.873935500000002,1189
22.876652109999998,1175
22.879368719999999,1125
22.882085329999999,1078
22.884801939999999,1207
22.887518549999999,1123
22.89023516,1154
22.89295177,1179
22.89566838,1172
22.89838499,1126
22.901101600000001,1137
22.903818210000001,1137
22.906534820000001,1130
22.909251430000001,1132
22.911968040000001,1151
22.914684650000002,1203
22.917401260000002,1177
22.920117869999999,1132
22.922834479999999,1198
22.925551089999999,1168
22.928267699999999,1158
22.930984309999999,1121
22.93370092,1158
22.93641753,1172
22.93913414,1137
22.94185075,1182
22.944567360000001,1172
22.947283970000001,1140
22.950000580000001,1160
22.952717190000001,1155
22.955433800000002,1137
22.958150410000002,1175
22.960867019999998,1187
22.963583629999999,1211
22.966300239999999,1128
22.969016849999999,1149
22.971733459999999,1198
22.97445007,1161
22.97716668,1154
22.97988329,1211
22.9825999,1118
22.985316510000001,1146
22.988033120000001,1176
22.990749730000001,1141
22.993466340000001,1135
22.996182950000001,1201
22.998899560000002,1181
23.001616170000002,1149
23.004332779999999,1179
23.007049389999999,1255
23.009765999999999,1091
23.012482609999999,1164
23.01519922,1111
23.01791583,1177
23.02063244,1143
23.02334905,1126
23.02606566,1138
23.028782270000001,1097
23.031498880000001,1167
23.034215490000001,1181
23.036932100000001,1157
23.039648710000002,1233
23.042365320000002,1214
23.045081929999998,1170
23.047798539999999,1143
23.050515149999999,1112
23.053231759999999,1163
23.055948369999999,1149
23.05866498,1163
23.06138159,1162
23.0640982,1200
23.06681481,1161
23.069531420000001,1126
23.072248030000001,1185
23.074964640000001,1209
23.077681250000001,1137
23.080397860000001,1204
23.083114470000002,1141
23.085831079999998,1215
23.088547689999999,1165
23.091264299999999,1184
23.093980909999999,1190
23.096697519999999,1179
23.09941413,1120
23.10213074,1155
23.10484735,1189
23.10756396,1125
23.11028057,1145
23.112997180000001,1163
23.115713790000001,1192
23.118430400000001,1135
23.121147010000001,1162
23.123863620000002,1156
23.126580230000002,1139
23.129296839999999,1155
23.132013449999999,1108
23.134730059999999,1192
23.137446669999999,1133
23.140163279999999,1091
23.14287989,1080
23.1455965,1152
23.14831311,1160
23.15102972,1125
23.153746330000001,1154
23.156462940000001,1138
23.159179550000001,1176
23.161896160000001,1132
23.164612770000002,1214
23.167329380000002,1171
23.170045989999998,1161
23.172762599999999,1146
23.175479209999999,1199
23.178195819999999,1127
23.180912429999999,1117
23.18362904,1147
23.18634565,1171
23.18906226,1083
23.19177887,1162
23.19449548,1172
23.197212090000001,1191
23.199928700000001,1173
23.202645310000001,1135
23.205361920000001,1140
23.208078530000002,1098
23.210795140000002,1186
23.213511749999999,1199
23.216228359999999,1142
23.218944969999999,1161
23.221661579999999,1135
23.224378189999999,1099
23.2270948,1152
23.22981141,1163
23.23252802,1105
23.23524463,1152
23.237961240000001,1171
23.240677850000001,1129
23.243394460000001,1160
23.246111070000001,1139
23.248827680000002,1107
23.251544290000002,1173
23.254260899999998,1082
23.256977509999999,1067
23.259694119999999,1194
23.262410729999999,1098
23.265127339999999,1140
23.26784395,1138
23.27056056,1124
23.27327717,1162
23.27599378,1115
23.278710390000001,1177
23.281427000000001,1159
23.284143610000001,1184
23.286860220000001,1159
23.289576830000001,1118
23.292293440000002,1143
23.295010050000002,1106
23.297726659999999,1156
23.300443269999999,1129
23.303159879999999,1091
23.305876489999999,1094
23.3085931,1118
23.31130971,1161
23.31402632,1092
23.31674293,1115
23.31945954,1115
23.322176150000001,1167
23.324892760000001,1124
23.327609370000001,1069
23.330325980000001,1123
23.333042590000002,1184
23.335759200000002,1119
23.338475809999998,1140
23.341192419999999,1141
23.343909029999999,1164
23.346625639999999,1102
23.349342249999999,1151
23.35205886,1195
23.35477547,1166
23.35749208,1197
23.36020869,1109
23.362925300000001,1178
23.365641910000001,1140
23.368358520000001,1130
23.371075130000001,1125
23.373791740000001,1207
23.376508350000002,1090
23.379224959999998,1145
23.381941569999999,1149
23.384658179999999,1103
23.387374789999999,1172
23.390091399999999,1229
23.39280801,1120
23.39552462,1080
23.39824123,1187
23.40095784,1191
23.40367445,1111
23.406391060000001,1141
23.409107670000001,1175
23.411824280000001,1163
23.414540890000001,1177
23.417257500000002,1126
23.419974110000002,1128
23.422690719999999,1139
23.425407329999999,1195
23.428123939999999,1100
23.430840549999999,1056
23.433557159999999,1104
23.43627377,1178
23.43899038,1141
23.44170699,1115
23.4444236,1162
23.447140210000001,1087
23.449856820000001,1136
23.452573430000001,1134
23.455290040000001,1172
23.458006650000002,1146
23.460723260000002,1110
23.463439869999998,1176
23.466156479999999,1172
23.468873089999999,1118
23.471589699999999,1093
23.474306309999999,1146
23.47702292,1193
23.47973953,1102
23.48245614,1081
23.48517275,1165
23.48788936,1191
23.490605970000001,1153
23.493322580000001,1190
23.496039190000001,1160
23.498755800000001,1169
23.501472410000002,1141
23.504189020000002,1138
23.506905629999999,1203
23.509622239999999,1164
23.512338849999999,1205
23.515055459999999,1143
23.517772069999999,1174
23.52048868,1102
23.52320529,1122
23.5259219,1077
23.52863851,1175
23.531355120000001,1164
23.534071730000001,1180
23.536788340000001,1098
23.539504950000001,1142
23.542221560000002,1149
23.544938170000002,1098
23.547654779999998,1196
23.550371389999999,1192
23.553087999999999,1176
23.555804609999999,1175
23.558521219999999,1163
23.56123783,1151
23.56395444,1155
23.56667105,1123
23.56938766,1184
23.572104270000001,1184
23.574820880000001,1193
23.577537490000001,1184
23.580254100000001,1169
23.582970710000001,1175
23.585687320000002,1141
23.588403930000002,1180
23.591120539999999,1187
23.593837149999999,1179
23.596553759999999,1243
23.599270369999999,1180
23.60198698,1209
23.60470359,1207
23.6074202,1131
23.61013681,1198
23.61285342,1167
23.615570030000001,1196
23.618286640000001,1227
23.621003250000001,1217
23.623719860000001,1206
23.626436470000002,1219
23.629153080000002,1242
23.631869689999998,1255
23.634586299999999,1308
23.637302909999999,1239
23.640019519999999,1292
23.642736129999999,1219
23.64545274,1220
23.64816935,1226
23.65088596,1339
23.65360257,1244
23.656319180000001,1231
23.659035790000001,1248
23.661752400000001,1293
23.664469010000001,1310
23.667185620000001,1318
23.669902230000002,1275
23.672618839999998,1276
23.675335449999999,1266
23.678052059999999,1261
23.680768669999999,1282
23.683485279999999,1294
23.68620189,1282
23.6889185,1325
23.69163511,1331
23.69435172,1322
23.69706833,1348
23.699784940000001,1357
23.702501550000001,1294
23.705218160000001,1354
23.707934770000001,1344
23.710651380000002,1314
23.713367990000002,1370
23.716084599999999,1385
23.718801209999999,1318
23.721517819999999,1350
23.724234429999999,1427
23.726951039999999,1385
23.72966765,1423
23.73238426,1410
23.73510087,1376
23.73781748,1439
23.740534090000001,1399
23.743250700000001,1395
23.745967310000001,1447
23.748683920000001,1450
23.751400530000002,1437
23.754117140000002,1459
23.756833749999998,1415
23.759550359999999,1492
23.762266969999999,1493
23.764983579999999,1554
23.767700189999999,1487
23.7704168,1513
23.77313341,1515
23.77585002,1468
23.77856663,1589
23.78128324,1501
23.783999850000001,1568
23.786716460000001,1580
23.789433070000001,1567
23.792149680000001,1557
23.794866290000002,1551
23.797582900000002,1553
23.800299509999999,1536
23.803016119999999,1502
23.805732729999999,1748
23.808449339999999,1651
23.811165949999999,1732
23.81388256,1665
23.81659917,1716
23.81931578,1610
23.82203239,1745
23.824749000000001,1623
23.827465610000001,1703
23.830182220000001,1667
23.832898830000001,1753
23.835615440000002,1697
23.838332050000002,1734
23.841048659999998,1753
23.843765269999999,1858
23.846481879999999,1721
23.849198489999999,1778
23.851915099999999,1854
23.85463171,1822
23.85734832,1801
23.86006493,1798
23.86278154,1877
23.865498150000001,1855
23.868214760000001,1851
23.870931370000001,2009
23.873647980000001,1947
23.876364590000001,1898
23.879081200000002,1864
23.881797810000002,1982
23.884514419999999,1945
23.887231029999999,1930
23.889947639999999,1965
23.892664249999999,1978
23.89538086,1976
23.89809747,1888
23.90081408,1994
23.90353069,2022
23.9062473,1971
23.908963910000001,1982
23.911680520000001,2028
23.914397130000001,2008
23.917113740000001,1962
23.919830350000002,2026
23.922546960000002,1951
23.925263569999998,2043
23.927980179999999,2018
23.930696789999999,2023
23.933413399999999,1954
23.936130009999999,2048
23.93884662,1994
23.94156323,2034
23.94427984,2027
23.94699645,2020
23.949713060000001,1951
23.952429670000001,2010
23.955146280000001,1897
23.957862890000001,1883
23.960579500000001,1984
23.963296110000002,1933
23.966012719999998,1876
23.968729329999999,1951
23.971445939999999,1795
23.974162549999999,1856
23.976879159999999,1825
23.97959577,1735
23.98231238,1782
23.98502899,1846
23.9877456,1728
23.99046221,1723
23.993178820000001,1716
23.995895430000001,1689
23.998612040000001,1649
24.001328650000001,1673
24.004045260000002,1737
24.006761870000002,1595
24.009478479999999,1614
24.012195089999999,1548
24.014911699999999,1578
24.017628309999999,1482
24.020344919999999,1457
24.02306153,1413
24.02577814,1463
24.02849475,1462
24.03121136,1418
24.033927970000001,1445
24.036644580000001,1317
24.039361190000001,1332
24.042077800000001,1347
24.044794410000002,1360
24.047511020000002,1293
24.050227629999998,1301
24.052944239999999,1234
24.055660849999999,1227
24.058377459999999,1219
24.061094069999999,1207
24.06381068,1202
24.06652729,1207
24.0692439,1179
24.07196051,1241
24.07467712,1159
24.077393730000001,1165
24.080110340000001,1116
24.082826950000001,1084
24.085543560000001,1099
24.088260170000002,1096
24.090976780000002,1111
24.093693389999999,1101
24.096409999999999,1056
24.099126609999999,1121
24.101843219999999,1063
24.104559829999999,1035
24.10727644,1045
24.10999305,1046
24.11270966,1014
24.11542627,1046
24.118142880000001,1038
24.120859490000001,1065
24.123576100000001,975
24.126292710000001,1001
24.129009320000002,980
24.131725930000002,1010
24.134442539999998,1011
24.137159149999999,1030
24.139875759999999,1004
24.142592369999999,994
24.145308979999999,982
24.14802559,1035
24.1507422,977
24.15345881,1010
24.15617542,982
24.158892030000001,984
24.161608640000001,955
24.164325250000001,1034
24.167041860000001,951
24.169758470000001,1057
24.172475080000002,976
24.175191690000002,985
24.177908299999999,953
24.180624909999999,932
24.183341519999999,962
24.186058129999999,1016
24.188774739999999,982
24.19149135,939
24.19420796,988
24.19692457,898
24.19964118,1019
24.202357790000001,926
24.205074400000001,960
24.207791010000001,957
24.210507620000001,941
24.213224230000002,959
24.215940840000002,939
24.218657449999998,968
24.221374059999999,963
24.224090669999999,949
24.226807279999999,931
24.229523889999999,964
24.2322405,931
24.23495711,956
24.23767372,937
24.24039033,943
24.243106940000001,953
24.245823550000001,928
24.248540160000001,939
24.251256770000001,935
24.253973380000001,930
24.256689990000002,1004
24.259406599999998,974
24.262123209999999,924
24.264839819999999,902
24.267556429999999,919
24.270273039999999,946
24.27298965,916
24.27570626,969
24.27842287,980
24.28113948,933
24.28385609,905
24.286572700000001,929
24.289289310000001,905
24.292005920000001,950
24.294722530000001,939
24.297439140000002,897
24.300155750000002,991
24.302872359999999,957
24.305588969999999,909
24.308305579999999,865
24.311022189999999,914
24.313738799999999,949
24.31645541,934
24.31917202,921
24.32188863,922
24.32460524,900
24.327321850000001,908
24.330038460000001,925
24.332755070000001,865
24.335471680000001,928
24.338188290000002,938
24.340904900000002,899
24.343621509999998,914
24.346338119999999,874
24.349054729999999,878
24.351771339999999,909
24.354487949999999,907
24.35720456,913
24.35992117,918
24.36263778,936
24.36535439,870
24.368071,921
24.370787610000001,885
24.373504220000001,911
24.376220830000001,931
24.378937440000001,881
24.381654050000002,876
24.384370660000002,895
24.387087269999999,927
24.389803879999999,903
24.392520489999999,871
24.395237099999999,925
24.397953709999999,892
24.40067032,856
24.40338693,843
24.40610354,928
24.40882015,875
24.411536760000001,875
24.414253370000001,856
24.416969980000001,881
24.419686590000001,886
24.422403200000002,866
24.425119810000002,857
24.427836419999998,905
24.430553029999999,868
24.433269639999999,867
24.435986249999999,863
24.438702859999999,879
24.44141947,851
24.44413608,917
24.44685269,843
24.4495693,917
24.452285910000001,818
24.455002520000001,903
24.457719130000001,879
24.460435740000001,834
24.463152350000001,846
24.465868960000002,854
24.468585570000002,882
24.471302179999999,847
24.474018789999999,833
24.476735399999999,820
24.479452009999999,823
24.482168619999999,913
24.48488523,863
24.48760184,872
24.49031845,876
24.49303506,799
24.495751670000001,833
24.498468280000001,873
24.501184890000001,841
24.503901500000001,915
24.506618110000002,856
24.509334720000002,848
24.512051329999998,836
24.514767939999999,852
24.517484549999999,859
24.520201159999999,855
24.522917769999999,820
24.52563438,833
24.52835099,826
24.5310676,836
24.53378421,878
24.536500820000001,843
24.539217430000001,830
24.541934040000001,834
24.544650650000001,901
24.547367260000001,875
24.550083870000002,806
24.552800479999998,842
24.555517089999999,839
24.558233699999999,840
24.560950309999999,847
24.563666919999999,807
24.56638353,827
24.56910014,920
24.57181675,869
24.57453336,797
24.57724997,869
24.579966580000001,845
24.582683190000001,893
24.585399800000001,845
24.588116410000001,830
24.590833020000002,780
24.593549630000002,890
24.596266239999999,813
24.598982849999999,801
24.601699459999999,832
24.604416069999999,881
24.607132679999999,825
24.60984929,808
24.6125659,842
24.61528251,843
24.61799912,860
24.620715730000001,823
24.623432340000001,857
24.626148950000001,840
24.628865560000001,845
24.631582170000001,914
24.634298780000002,812
24.637015389999998,844
24.639731999999999,770
24.642448609999999,803
24.645165219999999,802
24.647881829999999,820
24.65059844,845
24.65331505,842
24.65603166,789
24.65874827,814
24.66146488,829
24.664181490000001,791
24.666898100000001,799
24.669614710000001,872
24.672331320000001,794
24.675047930000002,841
24.677764540000002,821
24.680481149999999,822
24.683197759999999,811
24.685914369999999,844
24.688630979999999,816
24.691347589999999,832
24.6940642,844
24.69678081,801
24.69949742,827
24.70221403,766
24.704930640000001,825
24.707647250000001,761
24.710363860000001,884
24.713080470000001,794
24.715797080000002,827
24.718513690000002,801
24.721230299999998,796
24.723946909999999,815
24.726663519999999,781
24.729380129999999,822
24.732096739999999,815
24.73481335,822
24.73752996,853
24.74024657,834
24.74296318,805
24.745679790000001,755
24.748396400000001,836
24.751113010000001,808
24.753829620000001,771
24.756546230000001,791
24.759262840000002,776
24.761979450000002,761
24.764696059999999,859
24.767412669999999,833
24.770129279999999,792
24.772845889999999,808
24.775562499999999,782
24.77827911,793
24.78099572,804
24.78371233,798
24.78642894,795
24.789145550000001,840
24.791862160000001,793
24.794578770000001,761
24.797295380000001,787
24.800011990000002,790
24.802728600000002,832
24.805445209999998,794
24.808161819999999,809
24.810878429999999,794
24.813595039999999,781
24.816311649999999,811
24.81902826,824
24.82174487,720
24.82446148,779
24.82717809,812
24.829894700000001,768
24.832611310000001,781
24.835327920000001,781
24.838044530000001,821
24.840761140000001,782
24.843477750000002,772
24.846194359999998,749
24.848910969999999,815
24.851627579999999,800
24.854344189999999,760
24.857060799999999,818
24.85977741,758
24.86249402,802
24.86521063,709
24.86792724,792
24.87064385,790
24.873360460000001,762
24.876077070000001,815
24.878793680000001,809
24.881510290000001,757
24.884226900000002,788
24.886943510000002,821
24.889660119999998,802
24.892376729999999,802
24.895093339999999,769
24.897809949999999,752
24.900526559999999,752
24.90324317,802
24.90595978,766
24.90867639,760
24.911393,757
24.914109610000001,818
24.916826220000001,766
24.919542830000001,810
24.922259440000001,817
24.924976050000001,770
24.927692660000002,772
24.930409269999998,826
24.933125879999999,755
24.935842489999999,754
24.938559099999999,747
24.941275709999999,780
24.94399232,772
24.94670893,792
24.94942554,797
24.95214215,785
24.95485876,756
24.957575370000001,777
24.960291980000001,766
24.963008590000001,805
24.965725200000001,793
24.968441810000002,789
24.971158420000002,740
24.973875029999999,753
24.976591639999999,722
24.979308249999999,791
24.982024859999999,740
24.984741469999999,760
24.98745808,778
24.99017469,770
24.9928913,735
24.99560791,715
24.998324520000001,802
25.001041130000001,769
25.003757740000001,765
25.006474350000001,791
25.009190960000002,736
25.011907570000002,748
25.014624179999998,780
25.017340789999999,763
25.020057399999999,743
25.022774009999999,792
25.025490619999999,717
25.02820723,742
25.03092384,777
25.03364045,716
25.03635706,782
25.039073670000001,772
25.041790280000001,764
25.044506890000001,730
25.047223500000001,724
25.049940110000001,754
25.052656720000002,805
25.055373330000002,753
25.058089939999999,718
25.060806549999999,768
25.063523159999999,783
25.066239769999999,794
25.068956379999999,729
25.07167299,775
25.0743896,759
25.07710621,798
25.07982282,713
25.082539430000001,718
25.085256040000001,701
25.087972650000001,743
25.090689260000001,735
25.093405870000002,740
25.096122480000002,771
25.098839089999998,712
25.101555699999999,748
25.104272309999999,729
25.106988919999999,754
25.109705529999999,708
25.11242214,739
25.11513875,748
25.11785536,751
25.12057197,729
25.123288580000001,733
25.126005190000001,765
25.128721800000001,674
25.131438410000001,754
25.134155020000001,706
25.136871630000002,742
25.139588239999998,675
25.142304849999999,719
25.145021459999999,767
25.147738069999999,715
25.150454679999999,721
25.15317129,678
25.1558879,735
25.15860451,720
25.16132112,712
25.16403773,721
25.166754340000001,780
25.169470950000001,756
25.172187560000001,765
25.174904170000001,755
25.177620780000002,754
25.180337390000002,712
25.183053999999998,760
25.185770609999999,684
25.188487219999999,763
25.191203829999999,695
25.193920439999999,709
25.19663705,687
25.19935366,779
25.20207027,762
25.20478688,709
25.207503490000001,738
25.210220100000001,694
25.212936710000001,755
25.215653320000001,722
25.218369930000001,717
25.221086540000002,702
25.223803149999998,772
25.226519759999999,717
25.229236369999999,706
25.231952979999999,724
25.234669589999999,736
25.2373862,712
25.24010281,715
25.24281942,728
25.24553603,688
25.24825264,739
25.250969250000001,704
25.253685860000001,702
25.256402470000001,770
25.259119080000001,743
25.261835690000002,745
25.264552300000002,707
25.267268909999999,746
25.269985519999999,721
25.272702129999999,713
25.275418739999999,744
25.278135349999999,722
25.28085196,723
25.28356857,749
25.28628518,754
25.28900179,689
25.291718400000001,732
25.294435010000001,741
25.297151620000001,697
25.299868230000001,738
25.302584840000002,723
25.305301450000002,680
25.308018059999998,674
25.310734669999999,746
25.313451279999999,755
25.316167889999999,709
25.318884499999999,710
25.32160111,706
25.32431772,712
25.32703433,723
25.32975094,728
25.332467550000001,678
25.335184160000001,741
25.337900770000001,685
25.340617380000001,692
25.343333990000001,740
25.346050600000002,718
25.348767210000002,694
25.351483819999999,711
25.354200429999999,758
25.356917039999999,649
25.359633649999999,707
25.362350259999999,694
25.36506687,701
25.36778348,704
25.37050009,702
25.3732167,747
25.375933310000001,712
25.378649920000001,751
25.381366530000001,749
25.384083140000001,721
25.386799750000002,762
25.389516360000002,701
25.392232969999998,693
25.394949579999999,687
25.397666189999999,715
25.400382799999999,717
25.403099409999999,701
25.40581602,711
25.40853263,685
25.41124924,703
25.41396585,699
25.416682460000001,754
25.419399070000001,728
25.422115680000001,653
25.424832290000001,729
25.427548900000001,700
25.430265510000002,680
25.432982119999998,707
25.435698729999999,697
25.438415339999999,706
25.441131949999999,719
25.443848559999999,753
25.44656517,696
25.44928178,704
25.45199839,736
25.454715,707
25.45743161,685
25.460148220000001,700
25.462864830000001,690
25.465581440000001,629
25.468298050000001,694
25.471014660000002,764
25.473731270000002,721
25.476447879999998,673
25.479164489999999,725
25.481881099999999,779
25.484597709999999,748
25.487314319999999,770
25.49003093,693
25.49274754,685
25.49546415,726
25.49818076,737
25.500897370000001,712
25.503613980000001,739
25.506330590000001,664
25.509047200000001,701
25.511763810000001,713
25.514480420000002,680
25.517197029999998,735
25.519913639999999,695
25.522630249999999,710
25.525346859999999,737
25.528063469999999,765
25.53078008,706
25.53349669,683
25.5362133,685
25.53892991,707
25.54164652,717
25.544363130000001,673
25.547079740000001,698
25.549796350000001,671
25.552512960000001,687
25.555229570000002,670
25.557946180000002,716
25.560662789999999,698
25.563379399999999,713
25.566096009999999,697
25.568812619999999,733
25.571529229999999,729
25.57424584,735
25.57696245,744
25.57967906,659
25.58239567,737
25.585112280000001,670
25.587828890000001,684
25.590545500000001,739
25.593262110000001,719
25.595978720000002,709
25.598695330000002,702
25.601411939999998,689
25.604128549999999,718
25.606845159999999,734
25.609561769999999,682
25.612278379999999,698
25.61499499,697
25.6177116,686
25.62042821,692
25.62314482,716
25.62586143,661
25.628578040000001,724
25.631294650000001,708
25.634011260000001,681
25.636727870000001,722
25.639444480000002,680
25.642161090000002,701
25.644877699999999,723
25.647594309999999,677
25.650310919999999,654
25.653027529999999,673
25.655744139999999,682
25.65846075,692
25.66117736,685
25.66389397,734
25.66661058,702
25.669327190000001,621
25.672043800000001,691
25.674760410000001,687
25.677477020000001,666
25.680193630000002,653
25.682910240000002,664
25.685626849999998,687
25.688343459999999,760
25.691060069999999,722
25.693776679999999,700
25.696493289999999,723
25.6992099,683
25.70192651,710
25.70464312,740
25.70735973,734
25.710076340000001,704
25.712792950000001,709
25.715509560000001,684
25.718226170000001,721
25.720942780000001,705
25.723659390000002,718
25.726375999999998,662
25.729092609999999,657
25.731809219999999,666
25.734525829999999,667
25.737242439999999,688
25.73995905,669
25.74267566,720
25.74539227,669
25.74810888,671
25.75082549,711
25.753542100000001,663
25.756258710000001,726
25.758975320000001,680
25.761691930000001,699
25.764408540000002,697
25.767125150000002,672
25.769841759999998,672
25.772558369999999,706
25.775274979999999,667
25.777991589999999,719
25.780708199999999,656
25.78342481,648
25.78614142,678
25.78885803,651
25.79157464,690
25.794291250000001,687
25.797007860000001,700
25.799724470000001,685
25.802441080000001,708
25.805157690000001,738
25.807874300000002,680
25.810590909999998,701
25.813307519999999,716
25.816024129999999,748
25.818740739999999,722
25.821457349999999,698
25.82417396,747
25.82689057,693
25.82960718,684
25.83232379,722
25.8350404,664
25.837757010000001,675
25.840473620000001,723
25.843190230000001,745
25.845906840000001,692
25.848623450000002,663
25.851340060000002,711
25.854056669999999,712
25.856773279999999,652
25.859489889999999,643
25.862206499999999,690
25.864923109999999,714
25.86763972,731
25.87035633,645
25.87307294,677
25.87578955,679
25.878506160000001,709
25.881222770000001,734
25.883939380000001,642
25.886655990000001,656
25.889372600000002,699
25.892089210000002,670
25.894805819999998,671
25.897522429999999,698
25.900239039999999,651
25.902955649999999,679
25.905672259999999,725
25.90838887,680
25.91110548,674
25.91382209,686
25.9165387,694
25.91925531,720
25.921971920000001,681
25.924688530000001,710
25.927405140000001,696
25.930121750000001,685
25.932838360000002,691
25.935554970000002,725
25.938271579999999,694
25.940988189999999,683
25.943704799999999,683
25.946421409999999,653
25.949138019999999,705
25.95185463,635
25.95457124,683
25.95728785,709
25.96000446,646
25.962721070000001,644
25.965437680000001,698
25.968154290000001,676
25.970870900000001,675
25.973587510000002,686
25.976304120000002,655
25.979020729999998,705
25.981737339999999,649
25.984453949999999,701
25.987170559999999,639
25.989887169999999,688
25.99260378,695
25.99532039,716
25.998037,658
26.00075361,683
26.003470220000001,706
26.006186830000001,637
26.008903440000001,673
26.011620050000001,722
26.014336660000001,695
26.017053270000002,669
26.019769879999998,686
26.022486489999999,668
26.025203099999999,674
26.027919709999999,674
26.030636319999999,633
26.03335293,709
26.03606954,687
26.03878615,712
26.04150276,679
26.04421937,682
26.046935980000001,678
26.049652590000001,696
26.052369200000001,673
26.055085810000001,705
26.057802420000002,684
26.060519030000002,669
26.063235639999998,684
26.065952249999999,727
26.068668859999999,702
26.071385469999999,633
26.074102079999999,649
26.07681869,625
26.0795353,692
26.08225191,646
26.08496852,669
26.087685130000001,691
26.090401740000001,677
26.093118350000001,665
26.095834960000001,632
26.098551570000001,709
26.101268180000002,671
26.103984789999998,672
26.106701399999999,656
26.109418009999999,684
26.112134619999999,695
26.114851229999999,661
26.11756784,737
26.12028445,685
26.12300106,695
26.12571767,645
26.12843428,698
26.131150890000001,652
26.133867500000001,643
26.136584110000001,642
26.139300720000001,630
26.142017330000002,648
26.144733940000002,648
26.147450549999999,702
26.150167159999999,666
26.152883769999999,639
26.155600379999999,717
26.158316989999999,645
26.1610336,655
26.16375021,659
26.16646682,694
26.16918343,695
26.171900040000001,633
26.174616650000001,610
26.177333260000001,721
26.180049870000001,643
26.182766480000002,667
26.185483090000002,664
26.188199699999998,684
26.190916309999999,682
26.193632919999999,689
26.196349529999999,695
26.199066139999999,681
26.20178275,724
26.20449936,697
26.20721597,692
26.20993258,713
26.21264919,744
26.215365800000001,621
26.218082410000001,628
26.220799020000001,719
26.223515630000001,710
26.226232240000002,650
26.228948850000002,695
26.231665459999999,682
26.234382069999999,635
26.237098679999999,629
26.239815289999999,654
26.242531899999999,710
26.24524851,721
26.24796512,649
26.25068173,691
26.25339834,626
26.256114950000001,673
26.258831560000001,620
26.261548170000001,683
26.264264780000001,685
26.266981390000002,681
26.269698000000002,700
26.272414609999998,661
26.275131219999999,674
26.277847829999999,665
26.280564439999999,678
26.283281049999999,663
26.28599766,679
26.28871427,677
26.29143088,736
26.29414749,678
26.296864100000001,666
26.299580710000001,690
26.302297320000001,685
26.305013930000001,678
26.307730540000001,679
26.310447150000002,689
26.313163759999998,667
26.315880369999999,692
26.318596979999999,655
26.321313589999999,649
26.324030199999999,660
26.326746809999999,750
26.32946342,681
26.33218003,672
26.33489664,669
26.33761325,712
26.340329860000001,664
26.343046470000001,680
26.345763080000001,702
26.348479690000001,652
26.351196300000002,704
26.353912910000002,677
26.356629519999998,703
26.359346129999999,681
26.362062739999999,645
26.364779349999999,644
26.367495959999999,640
26.37021257,659
26.37292918,692
26.37564579,680
26.3783624,657
26.381079010000001,711
26.383795620000001,655
26.386512230000001,644
26.389228840000001,647
26.391945450000001,699
26.394662060000002,656
26.397378669999998,702
26.400095279999999,691
26.402811889999999,633
26.405528499999999,645
26.408245109999999,658
26.41096172,614
26.41367833,708
26.41639494,638
26.41911155,648
26.42182816,680
26.424544770000001,692
26.427261380000001,663
26.429977990000001,634
26.432694600000001,686
26.435411210000002,646
26.438127820000002,672
26.440844429999999,643
26.443561039999999,690
26.446277649999999,670
26.448994259999999,696
26.451710869999999,676
26.45442748,707
26.45714409,665
26.4598607,672
26.46257731,686
26.465293920000001,629
26.468010530000001,631
26.470727140000001,706
26.473443750000001,700
26.476160360000002,667
26.478876970000002,652
26.481593579999998,643
26.484310189999999,699
26.487026799999999,712
26.489743409999999,658
26.492460019999999,658
26.49517663,690
26.49789324,689
26.50060985,652
26.50332646,686
26.50604307,660
26.508759680000001,698
26.511476290000001,641
26.514192900000001,679
26.516909510000001,672
26.519626120000002,723
26.522342730000002,642
26.525059339999999,714
26.527775949999999,639
26.530492559999999,655
26.533209169999999,618
26.535925779999999,622
26.53864239,658
26.541359,665
26.54407561,645
26.54679222,670
26.549508830000001,672
26.552225440000001,693
26.554942050000001,644
26.557658660000001,628
26.560375270000002,700
26.563091880000002,668
26.565808489999998,637
26.568525099999999,675
26.571241709999999,667
26.573958319999999,631
26.576674929999999,657
26.57939154,671
26.58210815,655
26.58482476,640
26.58754137,645
26.590257980000001,690
26.592974590000001,580
26.595691200000001,610
26.598407810000001,658
26.601124420000001,689
26.603841030000002,658
26.606557639999998,654
26.609274249999999,649
26.611990859999999,670
26.614707469999999,653
26.617424079999999,625
26.620140689999999,676
26.6228573,666
26.62557391,663
26.62829052,695
26.63100713,650
26.633723740000001,654
26.636440350000001,702
26.639156960000001,649
26.641873570000001,673
26.644590180000002,686
26.647306790000002,694
26.650023399999998,665
26.652740009999999,706
26.655456619999999,667
26.658173229999999,697
26.660889839999999,670
26.66360645,667
26.66632306,647
26.66903967,680
26.67175628,657
26.674472890000001,702
26.677189500000001,634
26.679906110000001,664
26.682622720000001,662
26.685339330000001,659
26.688055940000002,620
26.690772549999998,631
26.693489159999999,665
26.696205769999999,661
26.698922379999999,674
26.701638989999999,623
26.7043556,639
26.70707221,654
26.70978882,682
26.71250543,668
26.71522204,671
26.717938650000001,640
26.720655260000001,712
26.723371870000001,681
26.726088480000001,673
26.728805090000002,669
26.731521700000002,637
26.734238309999999,609
26.736954919999999,607
26.739671529999999,639
26.742388139999999,644
26.745104749999999,639
26.74782136,654
26.75053797,644
26.75325458,669
26.75597119,717
26.758687800000001,669
26.761404410000001,634
26.764121020000001,673
26.766837630000001,650
26.769554240000001,627
26.772270850000002,660
26.774987459999998,687
26.777704069999999,673
26.780420679999999,686
26.783137289999999,679
26.785853899999999,641
26.78857051,695
26.79128712,591
26.79400373,603
26.79672034,646
26.79943695,629
26.802153560000001,662
26.804870170000001,680
26.807586780000001,672
26.810303390000001,610
26.813020000000002,678
26.815736610000002,628
26.818453219999999,620
26.821169829999999,611
26.823886439999999,653
26.826603049999999,668
26.829319659999999,662
26.83203627,626
26.83475288,647
26.83746949,644
26.8401861,630
26.842902710000001,663
26.845619320000001,646
26.848335930000001,671
26.851052540000001,604
26.853769150000002,659
26.856485760000002,652
26.859202369999998,615
26.861918979999999,665
26.864635589999999,677
26.867352199999999,672
26.870068809999999,686
26.87278542,647
26.87550203,625
26.87821864,630
26.88093525,612
26.883651860000001,665
26.886368470000001,632
26.889085080000001,636
26.891801690000001,683
26.894518300000001,598
26.897234910000002,592
26.899951519999998,580
26.902668129999999,641
26.905384739999999,668
26.908101349999999,621
26.910817959999999,629
26.913534569999999,629
26.91625118,603
26.91896779,680
26.9216844,597
26.92440101,626
26.927117620000001,663
26.929834230000001,661
26.932550840000001,601
26.935267450000001,641
26.937984060000002,627
26.940700670000002,606
26.943417279999998,601
26.946133889999999,671
26.948850499999999,596
26.951567109999999,637
26.954283719999999,605
26.95700033,652
26.95971694,651
26.96243355,602
26.96515016,616
26.967866770000001,620
26.970583380000001,636
26.973299990000001,627
26.976016600000001,662
26.978733210000001,615
26.981449820000002,646
26.984166429999998,663
26.986883039999999,625
26.989599649999999,651
26.992316259999999,612
26.995032869999999,677
26.99774948,612
27.00046609,623
27.0031827,593
27.00589931,630
27.00861592,647
27.011332530000001,615
27.014049140000001,640
27.016765750000001,637
27.019482360000001,661
27.022198970000002,610
27.024915580000002,608
27.027632189999999,633
27.030348799999999,658
27.033065409999999,631
27.035782019999999,691
27.038498629999999,681
27.04121524,617
27.04393185,624
27.04664846,638
27.04936507,610
27.052081680000001,648
27.054798290000001,614
27.057514900000001,609
27.060231510000001,583
27.062948120000001,589
27.065664730000002,632
27.068381339999998,609
27.071097949999999,633
27.073814559999999,619
27.076531169999999,637
27.079247779999999,624
27.08196439,635
27.084681,637
27.08739761,588
27.09011422,622
27.09283083,605
27.095547440000001,618
27.098264050000001,649
27.100980660000001,594
27.103697270000001,584
27.106413880000002,603
27.109130490000002,644
27.111847099999999,560
27.114563709999999,633
27.117280319999999,592
27.119996929999999,605
27.122713539999999,538
27.12543015,592
27.12814676,611
27.13086337,614
27.13357998,607
27.136296590000001,609
27.139013200000001,599
27.141729810000001,623
27.144446420000001,611
27.147163030000002,598
27.149879640000002,594
27.152596249999998,594
27.155312859999999,605
27.158029469999999,608
27.160746079999999,616
27.163462689999999,632
27.1661793,651
27.16889591,595
27.17161252,629
27.17432913,621
27.177045740000001,608
27.179762350000001,619
27.182478960000001,648
27.185195570000001,565
27.187912180000001,666
27.190628790000002,605
27.193345399999998,637
27.196062009999999,546
27.198778619999999,567
27.201495229999999,630
27.204211839999999,595
27.206928449999999,571
27.20964506,574
27.21236167,604
27.21507828,577
27.21779489,580
27.220511500000001,600
27.223228110000001,602
27.225944720000001,618
27.228661330000001,605
27.231377940000002,571
27.234094550000002,594
27.236811159999998,654
27.239527769999999,617
27.242244379999999,580
27.244960989999999,588
27.247677599999999,652
27.25039421,616
27.25311082,573
27.25582743,597
27.25854404,590
27.261260650000001,605
27.263977260000001,643
27.266693870000001,610
27.269410480000001,577
27.272127090000001,621
27.274843700000002,576
27.277560309999998,614
27.280276919999999,629
27.282993529999999,630
27.285710139999999,580
27.288426749999999,607
27.29114336,594
27.29385997,564
27.29657658,626
27.29929319,577
27.3020098,575
27.304726410000001,603
27.307443020000001,606
27.310159630000001,620
27.312876240000001,571
27.315592850000002,628
27.318309460000002,619
27.321026069999998,598
27.323742679999999,597
27.326459289999999,599
27.329175899999999,594
27.331892509999999,597
27.33460912,660
27.33732573,615
27.34004234,601
27.34275895,618
27.345475560000001,616
27.348192170000001,603
27.350908780000001,609
27.353625390000001,607
27.356342000000001,576
27.359058610000002,595
27.361775219999998,607
27.364491829999999,630
27.367208439999999,579
27.369925049999999,623
27.372641659999999,585
27.37535827,588
27.37807488,582
27.38079149,612
27.3835081,568
27.38622471,606
27.388941320000001,543
27.391657930000001,571
27.394374540000001,645
27.397091150000001,600
27.399807760000002,589
27.402524369999998,549
27.405240979999999,585
27.407957589999999,606
27.410674199999999,570
27.413390809999999,557
27.416107419999999,604
27.41882403,582
27.42154064,621
27.42425725,568
27.42697386,573
27.429690470000001,610
27.432407080000001,573
27.435123690000001,573
27.437840300000001,563
27.440556910000002,635
27.443273520000002,587
27.445990129999998,611
27.448706739999999,615
27.451423349999999,606
27.454139959999999,542
27.456856569999999,592
27.45957318,601
27.46228979,597
27.4650064,594
27.46772301,621
27.470439620000001,574
27.473156230000001,614
27.475872840000001,584
27.478589450000001,604
27.481306060000001,610
27.484022670000002,588
27.486739279999998,601
27.489455889999999,639
27.492172499999999,564
27.494889109999999,567
27.497605719999999,596
27.500322329999999,588
27.50303894,604
27.50575555,577
27.50847216,597
27.51118877,609
27.513905380000001,636
27.516621990000001,576
27.519338600000001,616
27.522055210000001,622
27.524771820000002,549
27.527488430000002,574
27.530205039999998,642
27.532921649999999,649
27.535638259999999,515
27.538354869999999,606
27.541071479999999,621
27.54378809,585
27.5465047,632
27.54922131,578
27.55193792,570
27.554654530000001,605
27.557371140000001,623
27.560087750000001,613
27.562804360000001,582
27.565520970000001,593
27.568237580000002,549
27.570954189999998,565
27.573670799999999,572
27.576387409999999,588
27.579104019999999,626
27.581820629999999,598
27.58453724,594
27.58725385,603
27.58997046,542
27.59268707,560
27.59540368,592
27.598120290000001,593
27.600836900000001,628
27.603553510000001,633
27.606270120000001,590
27.608986730000002,594
27.611703340000002,661
27.614419949999998,580
27.617136559999999,588
27.619853169999999,590
27.622569779999999,592
27.625286389999999,596
27.628003,619
27.63071961,595
27.63343622,619
27.63615283,601
27.638869440000001,593
27.641586050000001,589
27.644302660000001,585
27.647019270000001,571
27.649735880000001,598
27.652452490000002,582
27.655169099999998,616
27.657885709999999,557
27.660602319999999,595
27.663318929999999,585
27.666035539999999,593
27.66875215,557
27.67146876,575
27.67418537,567
27.67690198,607
27.67961859,579
27.682335200000001,544
27.685051810000001,605
27.687768420000001,576
27.690485030000001,572
27.693201640000002,622
27.695918249999998,560
27.698634859999999,579
27.701351469999999,567
27.704068079999999,579
27.706784689999999,541
27.709501299999999,618
27.71221791,589
27.71493452,596
27.71765113,587
27.72036774,596
27.723084350000001,603
27.725800960000001,587
27.728517570000001,577
27.731234180000001,585
27.733950790000002,612
27.736667400000002,577
27.739384009999998,625
27.742100619999999,584
27.744817229999999,582
27.747533839999999,564
27.750250449999999,566
27.75296706,593
27.75568367,560
27.75840028,613
27.76111689,600
27.7638335,534
27.766550110000001,583
27.769266720000001,585
27.771983330000001,575
27.774699940000001,567
27.777416550000002,603
27.780133159999998,605
27.782849769999999,580
27.785566379999999,589
27.788282989999999,567
27.790999599999999,561
27.793716209999999,586
27.79643282,593
27.79914943,584
27.80186604,562
27.80458265,561
27.807299260000001,590
27.810015870000001,554
27.812732480000001,608
27.815449090000001,608
27.818165700000002,618
27.820882310000002,577
27.823598919999998,552
27.826315529999999,611
27.829032139999999,590
27.831748749999999,582
27.834465359999999,568
27.83718197,610
27.83989858,580
27.84261519,580
27.8453318,653
27.848048410000001,556
27.850765020000001,562
27.853481630000001,601
27.856198240000001,567
27.858914850000001,610
27.861631460000002,604
27.864348069999998,588
27.867064679999999,548
27.869781289999999,576
27.872497899999999,559
27.875214509999999,578
27.87793112,533
27.88064773,577
27.88336434,586
27.88608095,578
27.88879756,552
27.891514170000001,594
27.894230780000001,604
27.896947390000001,612
27.899664000000001,574
27.902380610000002,631
27.905097220000002,583
27.907813829999998,545
27.910530439999999,583
27.913247049999999,592
27.915963659999999,578
27.918680269999999,613
27.92139688,595
27.92411349,613
27.9268301,571
27.92954671,593
27.932263320000001,574
27.934979930000001,592
27.937696540000001,561
27.940413150000001,536
27.943129760000001,570
27.945846370000002,577
27.948562979999998,572
27.951279589999999,603
27.953996199999999,594
27.956712809999999,588
27.959429419999999,604
27.96214603,560
27.96486264,602
27.96757925,600
27.97029586,620
27.97301247,538
27.975729080000001,592
27.978445690000001,588
27.981162300000001,577
27.983878910000001,531
27.986595520000002,608
27.989312129999998,597
27.992028739999999,542
27.994745349999999,618
27.997461959999999,618
28.000178569999999,580
28.002895179999999,537
28.00561179,572
28.0083284,565
28.01104501,582
28.01376162,565
28.016478230000001,594
28.019194840000001,560
28.021911450000001,571
28.024628060000001,575
28.027344670000002,605
28.030061280000002,543
28.032777889999998,536
28.035494499999999,566
28.038211109999999,550
28.040927719999999,580
28.043644329999999,597
28.04636094,579
28.04907755,571
28.05179416,569
28.05451077,606
28.05722738,630
28.059943990000001,596
28.062660600000001,583
28.065377210000001,601
28.068093820000001,566
28.070810430000002,559
28.073527039999998,573
28.076243649999999,577
28.078960259999999,562
28.081676869999999,557
28.084393479999999,607
28.087110089999999,587
28.0898267,565
28.09254331,575
28.09525992,577
28.09797653,597
28.100693140000001,565
28.103409750000001,570
28.106126360000001,553
28.108842970000001,581
28.111559580000002,491
28.114276190000002,605
28.116992799999998,563
28.119709409999999,616
28.122426019999999,578
28.125142629999999,571
28.127859239999999,608
28.13057585,567
28.13329246,575
28.13600907,602
28.13872568,589
28.141442290000001,604
28.144158900000001,567
28.146875510000001,575
28.149592120000001,614
28.152308730000001,547
28.155025340000002,601
28.157741949999998,570
28.160458559999999,572
28.163175169999999,557
28.165891779999999,604
28.168608389999999,569
28.171325,615
28.17404161,580
28.17675822,605
28.17947483,550
28.18219144,569
28.184908050000001,553
28.187624660000001,586
28.190341270000001,553
28.193057880000001,587
28.195774490000002,573
28.198491100000002,609
28.201207709999998,571
28.203924319999999,594
28.206640929999999,567
28.209357539999999,600
28.212074149999999,587
28.21479076,578
28.21750737,603
28.22022398,624
28.22294059,566
28.225657200000001,570
28.228373810000001,583
28.231090420000001,579
28.233807030000001,553
28.236523640000001,623
28.239240250000002,604
28.241956859999998,577
28.244673469999999,583
28.247390079999999,596
28.250106689999999,558
28.252823299999999,562
28.25553991,619
28.25825652,547
28.26097313,606
28.26368974,539
28.26640635,605
28.269122960000001,586
28.271839570000001,564
28.274556180000001,588
28.277272790000001,598
28.279989400000002,609
28.282706009999998,628
28.285422619999999,583
28.288139229999999,607
28.290855839999999,555
28.293572449999999,579
28.296289059999999,601
28.29900567,601
28.30172228,602
28.30443889,602
28.3071555,601
28.309872110000001,546
28.312588720000001,602
28.315305330000001,621
28.318021940000001,587
28.320738550000002,598
28.323455160000002,599
28.326171769999998,588
28.328888379999999,564
28.331604989999999,604
28.334321599999999,601
28.337038209999999,553
28.33975482,594
28.34247143,581
28.34518804,595
28.34790465,619
28.35062126,611
28.353337870000001,630
28.356054480000001,572
28.358771090000001,577
28.361487700000001,609
28.364204310000002,621
28.366920919999998,619
28.369637529999999,577
28.372354139999999,638
28.375070749999999,582
28.377787359999999,606
28.380503969999999,620
28.38322058,563
28.38593719,585
28.3886538,600
28.39137041,594
28.394087020000001,612
28.396803630000001,601
28.399520240000001,611
28.402236850000001,608
28.404953460000002,579
28.407670070000002,623
28.410386679999998,584
28.413103289999999,617
28.415819899999999,611
28.418536509999999,612
28.421253119999999,602
28.42396973,556
28.42668634,633
28.42940295,599
28.43211956,563
28.434836170000001,620
28.437552780000001,610
28.440269390000001,564
28.442986000000001,577
28.445702610000001,632
28.448419220000002,573
28.451135829999998,534
28.453852439999999,587
28.456569049999999,618
28.459285659999999,605
28.462002269999999,618
28.46471888,612
28.46743549,589
28.4701521,604
28.47286871,609
28.47558532,597
28.478301930000001,573
28.481018540000001,567
28.483735150000001,644
28.486451760000001,622
28.489168370000002,631
28.491884980000002,591
28.494601589999998,607
28.497318199999999,562
28.500034809999999,624
28.502751419999999,573
28.505468029999999,622
28.50818464,617
28.51090125,612
28.51361786,652
28.51633447,679
28.519051080000001,593
28.521767690000001,620
28.524484300000001,615
28.527200910000001,628
28.529917520000001,580
28.532634130000002,600
28.535350739999998,579
28.538067349999999,636
28.540783959999999,571
28.543500569999999,583
28.546217179999999,612
28.54893379,618
28.5516504,579
28.55436701,624
28.55708362,564
28.55980023,599
28.562516840000001,569
28.565233450000001,584
28.567950060000001,540
28.570666670000001,619
28.573383280000002,600
28.576099889999998,593
28.578816499999999,605
28.581533109999999,592
28.584249719999999,598
28.586966329999999,590
28.589682939999999,588
28.59239955,583
28.59511616,542
28.59783277,587
28.60054938,611
28.603265990000001,563
28.605982600000001,572
28.608699210000001,619
28.611415820000001,597
28.614132430000002,561
28.616849040000002,550
28.619565649999998,658
28.622282259999999,599
28.624998869999999,593
28.627715479999999,594
28.630432089999999,597
28.6331487,571
28.63586531,627
28.63858192,540
28.64129853,591
28.64401514,620
28.646731750000001,589
28.649448360000001,602
28.652164970000001,607
28.654881580000001,578
28.657598190000002,600
28.660314799999998,560
28.663031409999999,594
28.665748019999999,590
28.668464629999999,572
28.671181239999999,567
28.673897849999999,565
28.67661446,599
28.67933107,625
28.68204768,572
28.68476429,523
28.687480900000001,562
28.690197510000001,593
28.692914120000001,589
28.695630730000001,596
28.698347340000002,580
28.701063950000002,574
28.703780559999998,575
28.706497169999999,595
28.709213779999999,537
28.711930389999999,562
28.714646999999999,555
28.71736361,593
28.72008022,571
28.72279683,611
28.72551344,578
28.728230050000001,604
28.730946660000001,580
28.733663270000001,587
28.736379880000001,555
28.739096490000001,571
28.741813100000002,590
28.744529709999998,580
28.747246319999999,618
28.749962929999999,599
28.752679539999999,565
28.755396149999999,560
28.758112759999999,601
28.76082937,585
28.76354598,615
28.76626259,583
28.7689792,583
28.771695810000001,599
28.774412420000001,556
28.777129030000001,579
28.779845640000001,546
28.782562250000002,600
28.785278860000002,590
28.787995469999998,604
28.790712079999999,543
28.793428689999999,586
28.796145299999999,559
28.798861909999999,554
28.80157852,645
28.80429513,558
28.80701174,601
28.80972835,531
28.812444960000001,582
28.815161570000001,521
28.817878180000001,613
28.820594790000001,564
28.823311400000001,583
28.826028010000002,553
28.828744619999998,559
28.831461229999999,569
28.834177839999999,561
28.836894449999999,537
28.839611059999999,580
28.84232767,608
28.84504428,598
28.84776089,560
28.8504775,559
28.85319411,587
28.855910720000001,564
28.858627330000001,607
28.861343940000001,570
28.864060550000001,591
28.866777160000002,580
28.869493769999998,568
28.872210379999999,530
28.874926989999999,577
28.877643599999999,577
28.880360209999999,561
28.883076819999999,603
28.88579343,587
28.88851004,540
28.89122665,563
28.89394326,578
28.896659870000001,575
28.899376480000001,602
28.902093090000001,570
28.904809700000001,554
28.907526310000002,567
28.910242920000002,592
28.912959529999998,643
28.915676139999999,621
28.918392749999999,561
28.921109359999999,558
28.923825969999999,585
28.92654258,607
28.92925919,594
28.9319758,583
28.93469241,557
28.93740902,568
28.940125630000001,593
28.942842240000001,574
28.945558850000001,557
28.948275460000001,566
28.950992070000002,604
28.953708679999998,568
28.956425289999999,601
28.959141899999999,547
28.961858509999999,566
28.964575119999999,523
28.967291729999999,604
28.97000834,565
28.97272495,574
28.97544156,536
28.97815817,576
28.980874780000001,600
28.983591390000001,567
28.986308000000001,556
28.989024610000001,579
28.991741220000002,558
28.994457830000002,615
28.997174439999998,559
28.999891049999999,612
29.002607659999999,517
29.005324269999999,564
29.008040879999999,571
29.01075749,599
29.0134741,595
29.01619071,572
29.01890732,607
29.021623930000001,546
29.024340540000001,557
29.027057150000001,553
29.029773760000001,607
29.032490370000001,602
29.035206980000002,573
29.037923589999998,610
29.040640199999999,575
29.043356809999999,583
29.046073419999999,590
29.048790029999999,604
29.051506639999999,619
29.05422325,597
29.05693986,556
29.05965647,554
29.06237308,536
29.065089690000001,586
29.067806300000001,637
29.070522910000001,566
29.073239520000001,588
29.075956130000002,579
29.078672740000002,584
29.081389349999998,570
29.084105959999999,577
29.086822569999999,596
29.089539179999999,576
29.092255789999999,595
29.0949724,547
29.09768901,588
29.10040562,538
29.10312223,558
29.105838840000001,605
29.108555450000001,557
29.111272060000001,555
29.113988670000001,589
29.116705280000001,564
29.119421890000002,565
29.122138499999998,589
29.124855109999999,589
29.127571719999999,615
29.130288329999999,559
29.133004939999999,544
29.13572155,592
29.13843816,610
29.14115477,557
29.14387138,548
29.14658799,575
29.149304600000001,588
29.152021210000001,564
29.154737820000001,533
29.157454430000001,584
29.160171040000002,619
29.162887649999998,567
29.165604259999999,553
29.168320869999999,566
29.171037479999999,601
29.173754089999999,572
29.176470699999999,613
29.17918731,579
29.18190392,602
29.18462053,607
29.18733714,535
29.190053750000001,541
29.192770360000001,592
29.195486970000001,588
29.198203580000001,556
29.200920190000001,569
29.203636800000002,538
29.206353409999998,576
29.209070019999999,560
29.211786629999999,601
29.214503239999999,570
29.217219849999999,594
29.21993646,536
29.22265307,579
29.22536968,580
29.22808629,603
29.2308029,571
29.233519510000001,579
29.236236120000001,599
29.238952730000001,555
29.241669340000001,562
29.244385950000002,587
29.247102559999998,576
29.249819169999999,595
29.252535779999999,565
29.255252389999999,542
29.257968999999999,586
29.260685609999999,588
29.26340222,569
29.26611883,606
29.26883544,529
29.27155205,592
29.274268660000001,621
29.276985270000001,577
29.279701880000001,550
29.282418490000001,626
29.285135100000002,599
29.287851710000002,581
29.290568319999998,600
29.293284929999999,590
29.296001539999999,572
29.298718149999999,565
29.301434759999999,561
29.30415137,545
29.30686798,576
29.30958459,584
29.3123012,596
29.315017810000001,598
29.317734420000001,580
29.320451030000001,607
29.323167640000001,585
29.325884250000001,564
29.328600860000002,539
29.331317469999998,582
29.334034079999999,625
29.336750689999999,517
29.339467299999999,607
29.342183909999999,563
29.344900519999999,543
29.34761713,581
29.35033374,569
29.35305035,594
29.35576696,577
29.358483570000001,580
29.361200180000001,581
29.363916790000001,542
29.366633400000001,589
29.369350010000002,573
29.372066620000002,603
29.374783229999998,588
29.377499839999999,593
29.380216449999999,592
29.382933059999999,577
29.385649669999999,523
29.38836628,588
29.39108289,572
29.3937995,621
29.39651611,583
29.399232720000001,559
29.401949330000001,588
29.404665940000001,590
29.407382550000001,525
29.410099160000001,593
29.412815770000002,590
29.415532379999998,586
29.418248989999999,571
29.420965599999999,565
29.423682209999999,586
29.426398819999999,581
29.42911543,565
29.43183204,553
29.43454865,586
29.43726526,559
29.43998187,571
29.442698480000001,573
29.445415090000001,559
29.448131700000001,561
29.450848310000001,568
29.453564920000002,612
29.456281529999998,597
29.458998139999999,574
29.461714749999999,569
29.464431359999999,613
29.467147969999999,553
29.469864579999999,575
29.47258119,537
29.4752978,592
29.47801441,527
29.48073102,553
29.483447630000001,582
29.486164240000001,606
29.488880850000001,598
29.491597460000001,621
29.494314070000001,542
29.497030680000002,589
29.499747289999998,561
29.502463899999999,606
29.505180509999999,623
29.507897119999999,586
29.510613729999999,598
29.51333034,539
29.51604695,584
29.51876356,592
29.52148017,596
29.52419678,563
29.526913390000001,526
29.529630000000001,573
29.532346610000001,591
29.535063220000001,546
29.537779830000002,559
29.540496439999998,568
29.543213049999999,587
29.545929659999999,526
29.548646269999999,560
29.551362879999999,585
29.554079489999999,528
29.5567961,608
29.55951271,632
29.56222932,570
29.56494593,565
29.567662540000001,599
29.570379150000001,594
29.573095760000001,550
29.575812370000001,637
29.578528980000002,581
29.581245590000002,564
29.583962199999998,511
29.586678809999999,564
29.589395419999999,564
29.592112029999999,570
29.594828639999999,534
29.59754525,562
29.60026186,576
29.60297847,560
29.60569508,634
29.608411690000001,587
29.611128300000001,537
29.613844910000001,600
29.616561520000001,610
29.619278130000001,594
29.621994740000002,632
29.624711349999998,597
29.627427959999999,538
29.630144569999999,625
29.632861179999999,554
29.635577789999999,540
29.638294399999999,567
29.64101101,569
29.64372762,579
29.64644423,619
29.64916084,579
29.651877450000001,547
29.654594060000001,599
29.657310670000001,567
29.660027280000001,592
29.662743890000002,565
29.665460500000002,566
29.668177109999998,614
29.670893719999999,584
29.673610329999999,606
29.676326939999999,608
29.679043549999999,579
29.68176016,596
29.68447677,589
29.68719338,561
29.68990999,569
29.692626600000001,644
29.695343210000001,557
29.698059820000001,590
29.700776430000001,598
29.703493040000001,615
29.706209650000002,587
29.708926259999998,591
29.711642869999999,590
29.714359479999999,566
29.717076089999999,569
29.719792699999999,577
29.72250931,595
29.72522592,552
29.72794253,579
29.73065914,568
29.73337575,608
29.736092360000001,593
29.738808970000001,586
29.741525580000001,563
29.744242190000001,546
29.746958800000002,616
29.749675409999998,578
29.752392019999998,602
29.755108629999999,586
29.757825239999999,575
29.760541849999999,557
29.763258459999999,587
29.76597507,578
29.76869168,546
29.77140829,600
29.7741249,575
29.776841510000001,608
29.779558120000001,582
29.782274730000001,581
29.784991340000001,602
29.787707950000001,565
29.790424560000002,579
29.793141169999998,588
29.795857779999999,580
29.798574389999999,571
29.801290999999999,606
29.804007609999999,576
29.80672422,594
29.80944083,576
29.81215744,579
29.81487405,606
29.81759066,642
29.820307270000001,564
29.823023880000001,595
29.825740490000001,612
29.828457100000001,605
29.831173710000002,602
29.833890319999998,582
29.836606929999999,601
29.839323539999999,593
29.842040149999999,542
29.844756759999999,606
29.847473369999999,599
29.85018998,603
29.85290659,653
29.8556232,608
29.85833981,599
29.861056420000001,614
29.863773030000001,638
29.866489640000001,576
29.869206250000001,559
29.871922860000002,602
29.874639470000002,655
29.877356079999998,619
29.880072689999999,622
29.882789299999999,626
29.885505909999999,641
29.888222519999999,625
29.89093913,606
29.89365574,598
29.89637235,624
29.89908896,664
29.901805570000001,602
29.904522180000001,609
29.907238790000001,632
29.909955400000001,595
29.912672010000001,572
29.915388620000002,650
29.918105229999998,584
29.920821839999999,610
29.923538449999999,608
29.926255059999999,625
29.928971669999999,661
29.931688279999999,587
29.93440489,629
29.9371215,613
29.93983811,647
29.94255472,627
29.945271330000001,586
29.947987940000001,631
29.950704550000001,568
29.953421160000001,653
29.956137770000002,608
29.958854380000002,599
29.961570989999998,627
29.964287599999999,609
29.967004209999999,633
29.969720819999999,678
29.972437429999999,657
29.97515404,675
29.97787065,622
29.98058726,678
29.98330387,669
29.986020480000001,619
29.988737090000001,600
29.991453700000001,579
29.994170310000001,634
29.996886920000001,599
29.999603530000002,603
30.002320139999998,680
30.005036749999999,601
30.007753359999999,610
30.010469969999999,634
30.013186579999999,621
30.01590319,645
30.0186198,639
30.02133641,621
30.02405302,624
30.02676963,607
30.029486240000001,620
30.032202850000001,608
30.034919460000001,647
30.037636070000001,617
30.040352680000002,628
30.043069289999998,624
30.045785899999998,660
30.048502509999999,688
30.051219119999999,633
30.053935729999999,675
30.056652339999999,664
30.05936895,604
30.06208556,602
30.06480217,628
30.06751878,592
30.070235390000001,624
30.072952000000001,618
30.075668610000001,612
30.078385220000001,591
30.081101830000001,569
30.083818440000002,616
30.086535049999998,608
30.089251659999999,620
30.091968269999999,581
30.094684879999999,612
30.097401489999999,562
30.1001181,612
30.10283471,658
30.10555132,660
30.10826793,600
30.11098454,619
30.113701150000001,621
30.116417760000001,562
30.119134370000001,646
30.121850980000001,639
30.124567590000002,645
30.127284199999998,616
30.130000809999999,614
30.132717419999999,627
30.135434029999999,586
30.138150639999999,558
30.140867249999999,582
30.14358386,621
30.14630047,611
30.14901708,591
30.15173369,586
30.154450300000001,595
30.157166910000001,606
30.159883520000001,628
30.162600130000001,630
30.165316740000002,642
30.168033350000002,611
30.170749959999998,556
30.173466569999999,627
30.176183179999999,526
30.178899789999999,596
30.181616399999999,607
30.18433301,657
30.18704962,586
30.18976623,589
30.19248284,560
30.19519945,607
30.197916060000001,628
30.200632670000001,564
30.203349280000001,604
30.206065890000001,548
30.208782500000002,594
30.211499109999998,605
30.214215719999999,581
30.216932329999999,547
30.219648939999999,571
30.222365549999999,566
30.225082159999999,623
30.22779877,645
30.23051538,586
30.23323199,544
30.2359486,605
30.238665210000001,578
30.241381820000001,571
30.244098430000001,594
30.246815040000001,597
30.249531650000002,602
30.252248260000002,597
30.254964869999998,581
30.257681479999999,584
30.260398089999999,575
30.263114699999999,586
30.265831309999999,559
30.26854792,575
30.27126453,615
30.27398114,615
30.27669775,586
30.279414360000001,543
30.282130970000001,569
30.284847580000001,640
30.287564190000001,585
30.290280800000001,589
30.292997410000002,640
30.295714019999998,590
30.298430629999999,621
30.301147239999999,597
30.303863849999999,634
30.306580459999999,595
30.30929707,574
30.31201368,568
30.31473029,588
30.3174469,621
30.32016351,612
30.322880120000001,596
30.325596730000001,592
30.328313340000001,600
30.331029950000001,570
30.333746560000002,536
30.336463169999998,607
30.339179779999998,583
30.341896389999999,595
30.344612999999999,564
30.347329609999999,596
30.350046219999999,597
30.35276283,576
30.35547944,570
30.35819605,603
30.36091266,607
30.363629270000001,572
30.366345880000001,589
30.369062490000001,590
30.371779100000001,569
30.374495710000001,604
30.377212320000002,585
30.379928929999998,565
30.382645539999999,586
30.385362149999999,583
30.388078759999999,590
30.390795369999999,584
30.39351198,565
30.39622859,592
30.3989452,624
30.40166181,560
30.40437842,582
30.407095030000001,578
30.409811640000001,573
30.412528250000001,572
30.415244860000001,603
30.417961470000002,577
30.420678079999998,565
30.423394689999999,546
30.426111299999999,596
30.428827909999999,548
30.431544519999999,636
30.434261129999999,600
30.43697774,591
30.43969435,576
30.44241096,621
30.44512757,576
30.447844180000001,584
30.450560790000001,596
30.453277400000001,586
30.455994010000001,621
30.458710620000002,626
30.461427230000002,598
30.464143839999998,581
30.466860449999999,606
30.469577059999999,639
30.472293669999999,582
30.475010279999999,602
30.47772689,597
30.4804435,647
30.48316011,559
30.48587672,561
30.48859333,582
30.491309940000001,627
30.494026550000001,601
30.496743160000001,604
30.499459770000001,604
30.502176380000002,594
30.504892989999998,648
30.507609599999999,586
30.510326209999999,563
30.513042819999999,604
30.515759429999999,610
30.518476039999999,527
30.52119265,588
30.52390926,596
30.52662587,588
30.52934248,589
30.532059090000001,573
30.534775700000001,606
30.537492310000001,593
30.540208920000001,585
30.542925530000002,572
30.545642140000002,592
30.548358749999998,616
30.551075359999999,599
30.553791969999999,601
30.556508579999999,578
30.559225189999999,612
30.5619418,616
30.56465841,603
30.56737502,605
30.57009163,545
30.572808240000001,623
30.575524850000001,605
30.578241460000001,611
30.580958070000001,568
30.583674680000001,574
30.586391290000002,579
30.589107899999998,596
30.591824509999999,579
30.594541119999999,596
30.597257729999999,590
30.599974339999999,555
30.60269095,617
30.60540756,578
30.60812417,602
30.61084078,619
30.61355739,577
30.616274000000001,609
30.618990610000001,548
30.621707220000001,624
30.624423830000001,585
30.627140440000002,610
30.629857049999998,599
30.632573659999998,618
30.635290269999999,637
30.638006879999999,586
30.640723489999999,605
30.643440099999999,591
30.64615671,588
30.64887332,558
30.65158993,608
30.65430654,585
30.657023150000001,597
30.659739760000001,554
30.662456370000001,588
30.665172980000001,569
30.667889590000001,617
30.670606200000002,550
30.673322809999998,599
30.676039419999999,599
30.678756029999999,577
30.681472639999999,592
30.684189249999999,589
30.68690586,600
30.68962247,570
30.69233908,539
30.69505569,573
30.6977723,610
30.700488910000001,552
30.703205520000001,587
30.705922130000001,587
30.708638740000001,624
30.711355350000002,551
30.714071959999998,575
30.716788569999999,565
30.719505179999999,576
30.722221789999999,554
30.724938399999999,580
30.727655009999999,613
30.73037162,644
30.73308823,614
30.73580484,593
30.73852145,594
30.741238060000001,575
30.743954670000001,597
30.746671280000001,565
30.749387890000001,564
30.752104500000002,567
30.754821110000002,641
30.757537719999998,562
30.760254329999999,583
30.762970939999999,602
30.765687549999999,608
30.768404159999999,600
30.77112077,569
30.77383738,604
30.77655399,602
30.7792706,572
30.78198721,585
30.784703820000001,552
30.787420430000001,594
30.790137040000001,570
30.792853650000001,628
30.795570260000002,604
30.798286869999998,542
30.801003479999999,519
30.803720089999999,549
30.806436699999999,576
30.809153309999999,545
30.811869919999999,527
30.81458653,542
30.81730314,567
30.82001975,568
30.82273636,599
30.825452970000001,597
30.828169580000001,643
30.830886190000001,574
30.833602800000001,594
30.836319410000002,569
30.839036020000002,607
30.841752629999998,572
30.844469239999999,638
30.847185849999999,560
30.849902459999999,604
30.852619069999999,555
30.85533568,549
30.85805229,590
30.8607689,570
30.86348551,589
30.866202120000001,580
30.868918730000001,561
30.871635340000001,588
30.874351950000001,563
30.877068560000001,574
30.879785170000002,541
30.882501779999998,634
30.885218389999999,550
30.887934999999999,597
30.890651609999999,542
30.893368219999999,569
30.896084829999999,582
30.89880144,584
30.90151805,503
30.90423466,586
30.90695127,582
30.909667880000001,593
30.912384490000001,544
30.915101100000001,619
30.917817710000001,605
30.920534320000002,602
30.923250929999998,594
30.925967539999998,566
30.928684149999999,620
30.931400759999999,564
30.934117369999999,616
30.936833979999999,581
30.93955059,603
30.9422672,534
30.94498381,612
30.94770042,603
30.950417030000001,553
30.953133640000001,570
30.955850250000001,596
30.958566860000001,567
30.961283470000001,570
30.964000080000002,586
30.966716689999998,674
30.969433299999999,614
30.972149909999999,542
30.974866519999999,538
30.977583129999999,579
30.98029974,566
30.98301635,584
30.98573296,561
30.98844957,584
30.99116618,582
30.993882790000001,565
30.996599400000001,555
30.999316010000001,584
31.002032620000001,619
31.004749230000002,615
31.007465839999998,621
31.010182449999999,499
31.012899059999999,610
31.015615669999999,528
31.018332279999999,565
31.021048889999999,522
31.0237655,543
31.02648211,568
31.02919872,594
31.03191533,561
31.034631940000001,598
31.037348550000001,555
31.040065160000001,564
31.042781770000001,489
31.045498380000002,551
31.048214990000002,627
31.050931599999998,560
31.053648209999999,552
31.056364819999999,594
31.059081429999999,556
31.061798039999999,567
31.06451465,584
31.06723126,565
31.06994787,547
31.07266448,574
31.07538109,557
31.078097700000001,534
31.080814310000001,568
31.083530920000001,589
31.086247530000001,565
31.088964140000002,585
31.091680749999998,561
31.094397359999999,598
31.097113969999999,554
31.099830579999999,547
31.102547189999999,597
31.105263799999999,577
31.10798041,521
31.11069702,598
31.11341363,598
31.11613024,603
31.118846850000001,563
31.121563460000001,613
31.124280070000001,572
31.126996680000001,553
31.129713290000002,568
31.132429900000002,563
31.135146509999998,583
31.137863119999999,595
31.140579729999999,585
31.143296339999999,586
31.146012949999999,549
31.14872956,567
31.15144617,603
31.15416278,556
31.15687939,595
31.159596000000001,593
31.162312610000001,551
31.165029220000001,582
31.167745830000001,550
31.170462440000001,577
31.173179050000002,611
31.175895659999998,597
31.178612269999999,600
31.181328879999999,613
31.184045489999999,582
31.186762099999999,595
31.189478709999999,531
31.19219532,602
31.19491193,574
31.19762854,570
31.20034515,562
31.203061760000001,591
31.205778370000001,594
31.208494980000001,654
31.211211590000001,519
31.213928200000002,578
31.216644809999998,579
31.219361419999998,554
31.222078029999999,579
31.224794639999999,579
31.227511249999999,616
31.230227859999999,596
31.23294447,570
31.23566108,576
31.23837769,581
31.2410943,572
31.243810910000001,551
31.246527520000001,584
31.249244130000001,586
31.251960740000001,540
31.254677350000001,595
31.257393960000002,572
31.260110569999998,570
31.262827179999999,553
31.265543789999999,597
31.268260399999999,561
31.270977009999999,614
31.27369362,600
31.27641023,570
31.27912684,612
31.28184345,573
31.28456006,563
31.287276670000001,547
31.289993280000001,566
31.292709890000001,550
31.295426500000001,604
31.298143110000002,584
31.300859719999998,566
31.303576329999999,577
31.306292939999999,546
31.309009549999999,535
31.311726159999999,596
31.314442769999999,604
31.31715938,586
31.31987599,585
31.3225926,582
31.32530921,585
31.328025820000001,586
31.330742430000001,568
31.333459040000001,579
31.336175650000001,585
31.338892260000001,603
31.341608870000002,569
31.344325479999998,578
31.347042089999999,604
31.349758699999999,622
31.352475309999999,531
31.355191919999999,604
31.35790853,605
31.36062514,563
31.36334175,611
31.36605836,543
31.36877497,564
31.371491580000001,621
31.374208190000001,585
31.376924800000001,607
31.379641410000001,587
31.382358020000002,573
31.385074629999998,566
31.387791239999999,593
31.390507849999999,624
31.393224459999999,552
31.395941069999999,583
31.398657679999999,592
31.40137429,605
31.4040909,555
31.40680751,550
31.40952412,579
31.412240730000001,585
31.414957340000001,607
31.417673950000001,600
31.420390560000001,541
31.423107170000002,576
31.425823780000002,533
31.428540389999998,599
31.431256999999999,540
31.433973609999999,589
31.436690219999999,551
31.439406829999999,587
31.44212344,561
31.44484005,525
31.44755666,566
31.45027327,572
31.452989880000001,554
31.455706490000001,552
31.458423100000001,571
31.461139710000001,611
31.463856320000001,603
31.466572930000002,563
31.469289539999998,551
31.472006149999999,617
31.474722759999999,564
31.477439369999999,551
31.480155979999999,582
31.482872589999999,579
31.4855892,559
31.48830581,566
31.49102242,558
31.49373903,553
31.496455640000001,572
31.499172250000001,569
31.501888860000001,586
31.504605470000001,577
31.507322080000002,580
31.510038689999998,595
31.512755299999998,574
31.515471909999999,598
31.518188519999999,531
31.520905129999999,540
31.523621739999999,569
31.52633835,603
31.52905496,542
31.53177157,587
31.53448818,565
31.537204790000001,549
31.539921400000001,519
31.542638010000001,552
31.545354620000001,613
31.548071230000001,525
31.550787840000002,546
31.553504449999998,598
31.556221059999999,548
31.558937669999999,589
31.561654279999999,574
31.564370889999999,619
31.5670875,573
31.56980411,567
31.57252072,579
31.57523733,555
31.57795394,576
31.580670550000001,566
31.583387160000001,567
31.586103770000001,565
31.588820380000001,564
31.591536990000002,602
31.594253599999998,600
31.596970209999999,580
31.599686819999999,547
31.602403429999999,594
31.605120039999999,564
31.607836649999999,622
31.61055326,583
31.61326987,527
31.61598648,558
31.61870309,515
31.621419700000001,546
31.624136310000001,573
31.626852920000001,589
31.629569530000001,560
31.632286140000001,518
31.635002750000002,576
31.637719359999998,576
31.640435969999999,518
31.643152579999999,600
31.645869189999999,603
31.648585799999999,578
31.65130241,598
31.65401902,581
31.65673563,569
31.65945224,589
31.66216885,615
31.664885460000001,570
31.667602070000001,586
31.670318680000001,578
31.673035290000001,596
31.675751900000002,554
31.678468509999998,602
31.681185119999999,570
31.683901729999999,564
31.686618339999999,578
31.689334949999999,566
31.692051559999999,531
31.69476817,564
31.69748478,550
31.70020139,577
31.702918,560
31.705634610000001,535
31.708351220000001,536
31.711067830000001,554
31.713784440000001,547
31.716501050000002,600
31.719217660000002,536
31.721934269999998,599
31.724650879999999,513
31.727367489999999,529
31.730084099999999,623
31.732800709999999,591
31.73551732,582
31.73823393,609
31.74095054,543
31.74366715,555
31.746383760000001,633
31.749100370000001,579
31.751816980000001,577
31.754533590000001,566
31.757250200000001,519
31.759966810000002,540
31.762683419999998,552
31.765400029999999,532
31.768116639999999,544
31.770833249999999,559
31.773549859999999,520
31.776266469999999,553
31.77898308,570
31.78169969,529
31.7844163,598
31.78713291,569
31.789849520000001,593
31.792566130000001,568
31.795282740000001,568
31.797999350000001,530
31.800715960000002,588
31.803432569999998,548
31.806149179999998,580
31.808865789999999,517
31.811582399999999,605
31.814299009999999,546
31.817015619999999,550
31.81973223,519
31.82244884,547
31.82516545,609
31.82788206,528
31.830598670000001,555
31.833315280000001,540
31.836031890000001,553
31.838748500000001,566
31.841465110000001,578
31.844181720000002,530
31.846898329999998,587
31.849614939999999,536
31.852331549999999,554
31.855048159999999,526
31.857764769999999,544
31.86048138,550
31.86319799,520
31.8659146,544
31.86863121,534
31.87134782,570
31.874064430000001,558
31.876781040000001,613
31.879497650000001,555
31.882214260000001,611
31.884930870000002,540
31.887647479999998,537
31.890364089999998,579
31.893080699999999,532
31.895797309999999,580
31.898513919999999,556
31.901230529999999,560
31.90394714,575
31.90666375,547
31.90938036,580
31.91209697,570
31.914813580000001,580
31.917530190000001,511
31.920246800000001,553
31.922963410000001,579
31.925680020000001,593
31.928396630000002,565
31.931113239999998,540
31.933829849999999,569
31.936546459999999,528
31.939263069999999,524
31.941979679999999,515
31.94469629,502
31.9474129,579
31.95012951,556
31.95284612,539
31.95556273,632
31.958279340000001,532
31.960995950000001,511
31.963712560000001,551
31.966429170000001,583
31.969145780000002,598
31.971862389999998,574
31.974578999999999,595
31.977295609999999,563
31.980012219999999,561
31.982728829999999,532
31.985445439999999,523
31.98816205,531
31.99087866,551
31.99359527,547
31.99631188,545
31.999028490000001,600
32.001745100000001,625
32.004461710000001,575
32.007178320000001,544
32.009894930000002,553
32.012611540000002,575
32.015328149999995,574
32.018044759999995,566
32.020761369999995,587
32.023477979999996,510
32.026194589999996,607
32.028911199999996,511
32.031627809999996,519
32.034344419999996,543
32.037061029999997,563
32.039777639999997,506
32.042494249999997,584
32.045210859999997,575
32.047927469999998,551
32.050644079999998,567
32.053360689999998,567
32.056077299999998,557
32.058793909999999,527
32.061510519999999,533
32.064227129999999,546
32.066943739999999,592
32.069660349999999,564
32.07237696,577
32.07509357,570
32.07781018,616
32.08052679,531
32.083243400000001,573
32.085960010000001,591
32.088676620000001,523
32.091393230000001,590
32.094109840000002,538
32.096826449999995,642
32.099543059999995,609
32.102259669999995,587
32.104976279999995,543
32.107692889999996,534
32.110409499999996,551
32.113126109999996,579
32.115842719999996,568
32.118559329999997,569
32.121275939999997,565
32.123992549999997,560
32.126709159999997,533
32.129425769999997,518
32.132142379999998,592
32.134858989999998,623
32.137575599999998,607
32.140292209999998,573
32.143008819999999,581
32.145725429999999,587
32.148442039999999,576
32.151158649999999,585
32.15387526,572
32.15659187,566
32.15930848,567
32.16202509,565
32.1647417,576
32.167458310000001,608
32.170174920000001,607
32.172891530000001,590
32.175608140000001,603
32.178324750000002,573
32.181041359999995,561
32.183757969999995,628
32.186474579999995,591
32.189191189999995,591
32.191907799999996,571
32.194624409999996,577
32.197341019999996,588
32.200057629999996,519
32.202774239999997,606
32.205490849999997,564
32.208207459999997,540
32.210924069999997,533
32.213640679999997,550
32.216357289999998,556
32.219073899999998,594
32.221790509999998,550
32.224507119999998,559
32.227223729999999,568
32.229940339999999,601
32.232656949999999,571
32.235373559999999,569
32.23809017,531
32.24080678,520
32.24352339,574
32.24624,550
32.24895661,552
32.251673220000001,575
32.254389830000001,564
32.257106440000001,555
32.259823050000001,557
32.262539660000002,563
32.265256269999995,561
32.267972879999995,525
32.270689489999995,593
32.273406099999995,591
32.276122709999996,584
32.278839319999996,526
32.281555929999996,588
32.284272539999996,523
32.286989149999997,561
32.289705759999997,571
32.292422369999997,540
32.295138979999997,535
32.297855589999998,605
32.300572199999998,581
32.303288809999998,569
32.306005419999998,587
32.308722029999998,587
32.311438639999999,553
32.314155249999999,593
32.316871859999999,555
32.319588469999999,582
32.32230508,523
32.32502169,568
32.3277383,539
32.33045491,533
32.33317152,605
32.335888130000001,601
32.338604740000001,590
32.341321350000001,582
32.344037960000001,557
32.346754570000002,533
32.349471179999995,575
32.352187789999995,537
32.354904399999995,576
32.357621009999995,538
32.360337619999996,564
32.363054229999996,630
32.365770839999996,569
32.368487449999996,577
32.371204059999997,575
32.373920669999997,599
32.376637279999997,562
32.379353889999997,553
32.382070499999998,511
32.384787109999998,566
32.387503719999998,568
32.390220329999998,558
32.392936939999998,576
32.395653549999999,563
32.398370159999999,527
32.401086769999999,589
32.403803379999999,602
32.40651999,616
32.4092366,553
32.41195321,567
32.41466982,524
32.417386430000001,580
32.420103040000001,518
32.422819650000001,561
32.425536260000001,548
32.428252870000001,573
32.430969480000002,525
32.433686089999995,560
32.436402699999995,548
32.439119309999995,541
32.441835919999995,539
32.444552529999996,593
32.447269139999996,563
32.449985749999996,559
32.452702359999996,574
32.455418969999997,615
32.458135579999997,554
32.460852189999997,577
32.463568799999997,577
32.466285409999998,585
32.469002019999998,520
32.471718629999998,588
32.474435239999998,556
32.477151849999998,533
32.479868459999999,569
32.482585069999999,561
32.485301679999999,568
32.488018289999999,547
32.4907349,555
32.49345151,553
32.49616812,547
32.49888473,551
32.501601340000001,585
32.504317950000001,550
32.507034560000001,561
32.509751170000001,575
32.512467780000001,572
32.515184390000002,575
32.517900999999995,522
32.520617609999995,597
32.523334219999995,588
32.526050829999996,581
32.528767439999996,602
32.531484049999996,605
32.534200659999996,604
32.536917269999996,521
32.539633879999997,545
32.542350489999997,579
32.545067099999997,535
32.547783709999997,583
32.550500319999998,540
32.553216929999998,642
32.555933539999998,543
32.558650149999998,561
32.561366759999999,561
32.564083369999999,616
32.566799979999999,562
32.569516589999999,569
32.572233199999999,579
32.57494981,605
32.57766642,548
32.58038303,567
32.58309964,585
32.585816250000001,528
32.588532860000001,580
32.591249470000001,511
32.593966080000001,553
32.596682690000002,571
32.599399300000002,582
32.602115909999995,576
32.604832519999995,539
32.607549129999995,561
32.610265739999996,571
32.612982349999996,535
32.615698959999996,599
32.618415569999996,581
32.621132179999996,566
32.623848789999997,536
32.626565399999997,566
32.629282009999997,563
32.631998619999997,581
32.634715229999998,534
32.637431839999998,601
32.640148449999998,603
32.642865059999998,542
32.645581669999999,569
32.648298279999999,578
32.651014889999999,562
32.653731499999999,562
32.656448109999999,529
32.65916472,587
32.66188133,546
32.66459794,557
32.66731455,568
32.670031160000001,560
32.672747770000001,626
32.675464380000001,573
32.678180990000001,561
32.680897600000002,562
32.683614209999995,590
32.686330819999995,568
32.689047429999995,569
32.691764039999995,598
32.694480649999996,588
32.697197259999996,576
32.699913869999996,528
32.702630479999996,604
32.705347089999997,532
32.708063699999997,514
32.710780309999997,572
32.713496919999997,566
32.716213529999997,583
32.718930139999998,548
32.721646749999998,541
32.724363359999998,583
32.727079969999998,530
32.729796579999999,544
32.732513189999999,543
32.735229799999999,507
32.737946409999999,561
32.74066302,583
32.74337963,551
32.74609624,541
32.74881285,611
32.75152946,567
32.754246070000001,577
32.756962680000001,558
32.759679290000001,547
32.762395900000001,528
32.765112510000002,553
32.767829119999995,596
32.770545729999995,564
32.773262339999995,564
32.775978949999995,595
32.778695559999996,552
32.781412169999996,555
32.784128779999996,551
32.786845389999996,565
32.789561999999997,592
32.792278609999997,546
32.794995219999997,569
32.797711829999997,534
32.800428439999997,561
32.803145049999998,554
32.805861659999998,546
32.808578269999998,551
32.811294879999998,559
32.814011489999999,547
32.816728099999999,538
32.819444709999999,558
32.822161319999999,597
32.82487793,543
32.82759454,591
32.83031115,581
32.83302776,578
32.83574437,562
32.838460980000001,501
32.841177590000001,537
32.843894200000001,571
32.846610810000001,597
32.849327420000002,576
32.852044029999995,569
32.854760639999995,554
32.857477249999995,569
32.860193859999995,572
32.862910469999996,557
32.865627079999996,537
32.868343689999996,581
32.871060299999996,573
32.873776909999997,583
32.876493519999997,585
32.879210129999997,591
32.881926739999997,578
32.884643349999997,532
32.887359959999998,538
32.890076569999998,577
32.892793179999998,536
32.895509789999998,572
32.898226399999999,573
32.900943009999999,585
32.903659619999999,573
32.906376229999999,572
32.90909284,579
32.91180945,544
32.91452606,533
32.91724267,581
32.91995928,569
32.922675890000001,569
32.925392500000001,550
32.928109110000001,543
32.930825720000001,553
32.933542330000002,577
32.936258939999995,531
32.938975549999995,571
32.941692159999995,562
32.944408769999995,600
32.947125379999996,544
32.949841989999996,505
32.952558599999996,548
32.955275209999996,585
32.957991819999997,580
32.960708429999997,488
32.963425039999997,583
32.966141649999997,561
32.968858259999998,608
32.971574869999998,590
32.974291479999998,568
32.977008089999998,525
32.979724699999998,578
32.982441309999999,532
32.985157919999999,549
32.987874529999999,576
32.990591139999999,551
32.99330775,552
32.99602436,545
32.99874097,537
33.00145758,578
33.004174190000001,518
33.006890800000001,556
33.009607410000001,572
33.012324020000001,590
33.015040630000001,567
33.017757240000002,555
33.020473849999995,539
33.023190459999995,541
33.025907069999995,578
33.028623679999995,541
33.031340289999996,532
33.034056899999996,576
33.036773509999996,575
33.039490119999996,585
33.042206729999997,563
33.044923339999997,538
33.047639949999997,598
33.050356559999997,555
33.053073169999998,575
33.055789779999998,573
33.058506389999998,555
33.061222999999998,591
33.063939609999998,562
33.066656219999999,548
33.069372829999999,567
33.072089439999999,574
33.074806049999999,557
33.07752266,527
33.08023927,570
33.08295588,566
33.08567249,513
33.088389100000001,604
33.091105710000001,594
33.093822320000001,599
33.096538930000001,600
33.099255540000001,563
33.101972150000002,568
33.104688759999995,555
33.107405369999995,583
33.110121979999995,596
33.112838589999996,562
33.115555199999996,567
33.118271809999996,586
33.120988419999996,604
33.123705029999996,582
33.126421639999997,563
33.129138249999997,565
33.131854859999997,567
33.134571469999997,566
33.137288079999998,536
33.140004689999998,576
33.142721299999998,568
33.145437909999998,541
33.148154519999999,545
33.150871129999999,608
33.153587739999999,571
33.156304349999999,582
33.159020959999999,553
33.16173757,601
33.16445418,528
33.16717079,563
33.1698874,548
33.172604010000001,573
33.175320620000001,538
33.178037230000001,541
33.180753840000001,540
33.183470450000002,599
33.186187059999995,539
33.188903669999995,593
33.191620279999995,550
33.194336889999995,543
33.197053499999996,567
33.199770109999996,553
33.202486719999996,584
33.205203329999996,559
33.207919939999996,580
33.210636549999997,546
33.213353159999997,589
33.216069769999997,553
33.218786379999997,544
33.221502989999998,560
33.224219599999998,575
33.226936209999998,547
33.229652819999998,528
33.232369429999999,556
33.235086039999999,597
33.237802649999999,536
33.240519259999999,547
33.243235869999999,571
33.24595248,636
33.24866909,564
33.2513857,562
33.25410231,579
33.256818920000001,598
33.259535530000001,583
33.262252140000001,545
33.264968750000001,600
33.267685360000002,554
33.270401969999995,560
33.273118579999995,562
33.275835189999995,563
33.278551799999995,550
33.281268409999996,565
33.283985019999996,587
33.286701629999996,536
33.289418239999996,622
33.292134849999997,592
33.294851459999997,557
33.297568069999997,586
33.300284679999997,561
33.303001289999997,600
33.305717899999998,588
33.308434509999998,574
33.311151119999998,535
33.313867729999998,576
33.316584339999999,550
33.319300949999999,538
33.322017559999999,519
33.324734169999999,575
33.327450779999999,604
33.33016739,605
33.332884,524
33.33560061,573
33.33831722,592
33.341033830000001,573
33.343750440000001,572
33.346467050000001,628
33.349183660000001,539
33.351900270000002,589
33.354616879999995,567
33.357333489999995,589
33.360050099999995,548
33.362766709999995,550
33.365483319999996,537
33.368199929999996,598
33.370916539999996,548
33.373633149999996,550
33.376349759999997,588
33.379066369999997,522
33.381782979999997,553
33.384499589999997,530
33.387216199999997,576
33.389932809999998,567
33.392649419999998,622
33.395366029999998,536
33.398082639999998,516
33.400799249999999,494
33.403515859999999,571
33.406232469999999,537
33.408949079999999,595
33.41166569,582
33.4143823,572
33.41709891,577
33.41981552,543
33.42253213,622
33.425248740000001,596
33.427965350000001,527
33.430681960000001,574
33.433398570000001,556
33.436115180000002,538
33.438831789999995,546
33.441548399999995,554
33.444265009999995,582
33.446981619999995,584
33.449698229999996,538
33.452414839999996,554
33.455131449999996,579
33.457848059999996,584
33.460564669999997,556
33.463281279999997,587
33.465997889999997,558
33.468714499999997,549
33.471431109999997,548
33.474147719999998,534
33.476864329999998,567
33.479580939999998,595
33.482297549999998,553
33.485014159999999,568
33.487730769999999,588
33.490447379999999,558
33.493163989999999,566
33.4958806,591
33.49859721,578
33.50131382,578
33.50403043,525
33.50674704,525
33.509463650000001,584
33.512180260000001,563
33.514896870000001,595
33.517613480000001,537
33.520330090000002,554
33.523046699999995,559
33.525763309999995,547
33.528479919999995,542
33.531196529999995,540
33.533913139999996,539
33.536629749999996,597
33.539346359999996,533
33.542062969999996,573
33.544779579999997,557
33.547496189999997,590
33.550212799999997,563
33.552929409999997,546
33.555646019999998,602
33.558362629999998,546
33.561079239999998,556
33.563795849999998,583
33.566512459999998,567
33.569229069999999,561
33.571945679999999,571
33.574662289999999,542
33.577378899999999,501
33.58009551,563
33.58281212,588
33.58552873,596
33.58824534,626
33.590961950000001,629
33.593678560000001,562
33.596395170000001,554
33.599111780000001,536
33.601828390000001,530
33.604545000000002,617
33.607261609999995,592
33.609978219999995,530
33.612694829999995,578
33.615411439999995,531
33.618128049999996,587
33.620844659999996,575
33.623561269999996,591
33.626277879999996,531
33.628994489999997,520
33.631711099999997,549
33.634427709999997,574
33.637144319999997,580
33.639860929999998,538
33.642577539999998,578
33.645294149999998,559
33.648010759999998,576
33.650727369999998,601
33.653443979999999,551
33.656160589999999,538
33.658877199999999,566
33.661593809999999,603
33.66431042,570
33.66702703,570
33.66974364,547
33.67246025,564
33.675176860000001,523
33.677893470000001,570
33.680610080000001,571
33.683326690000001,610
33.686043300000001,574
33.688759910000002,573
33.691476519999995,555
33.694193129999995,604
33.696909739999995,529
33.699626349999996,581
33.702342959999996,589
33.705059569999996,582
33.707776179999996,534
33.710492789999996,593
33.713209399999997,532
33.715926009999997,575
33.718642619999997,549
33.721359229999997,562
33.724075839999998,564
33.726792449999998,524
33.729509059999998,518
33.732225669999998,557
33.734942279999999,599
33.737658889999999,588
33.740375499999999,575
33.743092109999999,572
33.745808719999999,532
33.74852533,547
33.75124194,569
33.75395855,545
33.75667516,535
33.759391770000001,585
33.762108380000001,533
33.764824990000001,580
33.767541600000001,632
33.770258210000001,573
33.772974819999995,609
33.775691429999995,512
33.778408039999995,560
33.781124649999995,566
33.783841259999996,556
33.786557869999996,584
33.789274479999996,568
33.791991089999996,550
33.794707699999996,586
33.797424309999997,561
33.800140919999997,579
33.802857529999997,613
33.805574139999997,567
33.808290749999998,583
33.811007359999998,525
33.813723969999998,587
33.816440579999998,567
33.819157189999999,582
33.821873799999999,555
33.824590409999999,593
33.827307019999999,544
33.830023629999999,601
33.83274024,566
33.83545685,576
33.83817346,555
33.84089007,585
33.843606680000001,599
33.846323290000001,562
33.849039900000001,577
33.851756510000001,571
33.854473120000002,589
33.857189729999995,523
33.859906339999995,598
33.862622949999995,561
33.865339559999995,576
33.868056169999996,489
33.870772779999996,598
33.873489389999996,560
33.876205999999996,558
33.878922609999996,551
33.881639219999997,591
33.884355829999997,554
33.887072439999997,571
33.889789049999997,558
33.892505659999998,553
33.895222269999998,574
33.897938879999998,559
33.900655489999998,574
33.903372099999999,559
33.906088709999999,574
33.908805319999999,589
33.911521929999999,518
33.914238539999999,593
33.91695515,599
33.91967176,596
33.92238837,544
33.92510498,535
33.927821590000001,561
33.930538200000001,612
33.933254810000001,510
33.935971420000001,571
33.938688030000002,573
33.941404639999995,628
33.944121249999995,560
33.946837859999995,551
33.949554469999995,523
33.952271079999996,506
33.954987689999996,554
33.957704299999996,577
33.960420909999996,527
33.963137519999997,572
33.965854129999997,566
33.968570739999997,560
33.971287349999997,595
33.974003959999997,558
33.976720569999998,536
33.979437179999998,549
33.982153789999998,532
33.984870399999998,551
33.987587009999999,522
33.990303619999999,586
33.993020229999999,572
33.995736839999999,535
33.99845345,578
34.00117006,549
34.00388667,553
34.00660328,544
34.00931989,573
34.012036500000001,567
34.014753110000001,548
34.017469720000001,567
34.020186330000001,567
34.022902940000002,510
34.025619549999995,592
34.028336159999995,555
34.031052769999995,554
34.033769379999995,575
34.036485989999996,564
34.039202599999996,556
34.041919209999996,586
34.044635819999996,581
34.047352429999997,569
34.050069039999997,567
34.052785649999997,523
34.055502259999997,576
34.058218869999997,606
34.060935479999998,534
34.063652089999998,490
34.066368699999998,555
34.069085309999998,507
34.071801919999999,555
34.074518529999999,573
34.077235139999999,555
34.079951749999999,532
34.08266836,554
34.08538497,583
34.08810158,527
34.09081819,539
34.0935348,554
34.096251410000001,521
34.098968020000001,541
34.101684630000001,542
34.104401240000001,563
34.107117850000002,600
34.109834459999995,574
34.112551069999995,544
34.115267679999995,545
34.117984289999995,517
34.120700899999996,544
34.123417509999996,566
34.126134119999996,588
34.128850729999996,572
34.131567339999997,576
34.134283949999997,542
34.137000559999997,578
34.139717169999997,557
34.142433779999998,557
34.145150389999998,528
34.147866999999998,571
34.150583609999998,574
34.153300219999998,590
34.156016829999999,547
34.158733439999999,550
34.161450049999999,546
34.164166659999999,620
34.16688327,514
34.16959988,574
34.17231649,581
34.1750331,585
34.177749710000001,546
34.180466320000001,541
34.183182930000001,574
34.185899540000001,570
34.188616150000001,552
34.191332760000002,579
34.194049369999995,510
34.196765979999995,513
34.199482589999995,546
34.202199199999995,569
34.204915809999996,494
34.207632419999996,583
34.210349029999996,516
34.213065639999996,524
34.215782249999997,565
34.218498859999997,560
34.221215469999997,531
34.223932079999997,555
34.226648689999998,601
34.229365299999998,549
34.232081909999998,540
34.234798519999998,586
34.237515129999998,583
34.240231739999999,575
34.242948349999999,551
34.245664959999999,581
34.248381569999999,526
34.25109818,590
34.25381479,527
34.2565314,565
34.25924801,553
34.261964620000001,538
34.264681230000001,564
34.267397840000001,598
34.270114450000001,560
34.272831060000001,574
34.275547670000002,535
34.278264279999995,565
34.280980889999995,568
34.283697499999995,504
34.286414109999996,566
34.289130719999996,533
34.291847329999996,549
34.294563939999996,601
34.297280549999996,594
34.299997159999997,563
34.302713769999997,505
34.305430379999997,578
34.308146989999997,572
34.310863599999998,567
34.313580209999998,538
34.316296819999998,530
34.319013429999998,564
34.321730039999998,531
34.324446649999999,568
34.327163259999999,578
34.329879869999999,537
34.332596479999999,571
34.33531309,530
34.3380297,566
34.34074631,539
34.34346292,547
34.346179530000001,567
34.348896140000001,547
34.351612750000001,565
34.354329360000001,597
34.357045970000001,533
34.359762579999995,589
34.362479189999995,522
34.365195799999995,536
34.367912409999995,541
34.370629019999996,563
34.373345629999996,530
34.376062239999996,574
34.378778849999996,536
34.381495459999996,588
34.384212069999997,534
34.386928679999997,578
34.389645289999997,561
34.392361899999997,561
34.395078509999998,527
34.397795119999998,579
34.400511729999998,554
34.403228339999998,569
34.405944949999999,530
34.408661559999999,614
34.411378169999999,572
34.414094779999999,577
34.416811389999999,562
34.419528,539
34.42224461,584
34.42496122,528
34.42767783,564
34.430394440000001,566
34.433111050000001,547
34.435827660000001,561
34.438544270000001,524
34.441260880000002,568
34.443977489999995,549
34.446694099999995,561
34.449410709999995,536
34.452127319999995,555
34.454843929999996,525
34.457560539999996,486
34.460277149999996,567
34.462993759999996,552
34.465710369999996,505
34.468426979999997,535
34.471143589999997,525
34.473860199999997,529
34.476576809999997,565
34.479293419999998,517
34.482010029999998,558
34.484726639999998,502
34.487443249999998,555
34.490159859999999,549
34.492876469999999,518
34.495593079999999,571
34.498309689999999,575
34.501026299999999,572
34.50374291,579
34.50645952,584
34.50917613,574
34.51189274,531
34.514609350000001,574
34.517325960000001,551
34.520042570000001,529
34.522759180000001,537
34.525475790000002,543
34.528192399999995,561
34.530909009999995,519
34.533625619999995,552
34.536342229999995,594
34.539058839999996,568
34.541775449999996,560
34.544492059999996,484
34.547208669999996,538
34.549925279999997,539
34.552641889999997,513
34.555358499999997,522
34.558075109999997,551
34.560791719999997,582
34.563508329999998,512
34.566224939999998,596
34.568941549999998,560
34.571658159999998,552
34.574374769999999,544
34.577091379999999,510
34.579807989999999,566
34.582524599999999,535
34.58524121,534
34.58795782,517
34.59067443,573
34.59339104,508
34.59610765,542
34.598824260000001,529
34.601540870000001,587
34.604257480000001,537
34.606974090000001,532
34.609690700000002,517
34.612407309999995,617
34.615123919999995,547
34.617840529999995,569
34.620557139999995,525
34.623273749999996,529
34.625990359999996,555
34.628706969999996,525
34.631423579999996,549
34.634140189999997,563
34.636856799999997,526
34.639573409999997,524
34.642290019999997,548
34.645006629999997,550
34.647723239999998,574
34.650439849999998,507
34.653156459999998,548
34.655873069999998,504
34.658589679999999,552
34.661306289999999,525
34.664022899999999,513
34.666739509999999,545
34.66945612,536
34.67217273,590
34.67488934,538
34.67760595,530
34.68032256,539
34.683039170000001,555
34.685755780000001,545
34.688472390000001,553
34.691189000000001,562
34.693905610000002,501
34.696622219999995,547
34.699338829999995,536
34.702055439999995,528
34.704772049999995,561
34.707488659999996,568
34.710205269999996,513
34.712921879999996,599
34.715638489999996,543
34.718355099999997,511
34.721071709999997,581
34.723788319999997,511
34.726504929999997,544
34.729221539999998,554
34.731938149999998,488
34.734654759999998,591
34.737371369999998,502
34.740087979999998,540
34.742804589999999,531
34.745521199999999,584
34.748237809999999,537
34.750954419999999,491
34.75367103,526
34.75638764,531
34.75910425,525
34.76182086,545
34.76453747,590
34.767254080000001,505
34.769970690000001,555
34.772687300000001,547
34.775403910000001,550
34.778120520000002,522
34.780837129999995,551
34.783553739999995,557
34.786270349999995,542
34.788986959999995,550
34.791703569999996,543
34.794420179999996,554
34.797136789999996,520
34.799853399999996,546
34.802570009999997,552
34.805286619999997,549
34.808003229999997,529
34.810719839999997,534
34.813436449999998,561
34.816153059999998,551
34.818869669999998,540
34.821586279999998,502
34.824302889999998,537
34.827019499999999,535
34.829736109999999,546
34.832452719999999,534
34.835169329999999,518
34.83788594,535
34.84060255,560
34.84331916,568
34.84603577,553
34.848752380000001,531
34.851468990000001,518
34.854185600000001,554
34.856902210000001,536
34.859618820000001,544
34.862335430000002,527
34.865052039999995,585
34.867768649999995,587
34.870485259999995,520
34.873201869999995,509
34.875918479999996,500
34.878635089999996,561
34.881351699999996,539
34.884068309999996,556
34.886784919999997,523
34.889501529999997,537
34.892218139999997,508
34.894934749999997,538
34.897651359999998,571
34.900367969999998,577
34.903084579999998,563
34.905801189999998,522
34.908517799999998,514
34.911234409999999,549
34.913951019999999,564
34.916667629999999,540
34.919384239999999,576
34.92210085,533
34.92481746,563
34.92753407,514
34.93025068,568
34.932967290000001,543
34.935683900000001,569
34.938400510000001,552
34.941117120000001,590
34.943833730000001,538
34.946550339999995,560
34.949266949999995,581
34.951983559999995,537
34.954700169999995,530
34.957416779999996,552
34.960133389999996,530
34.962849999999996,538
34.965566609999996,532
34.968283219999996,502
34.970999829999997,525
34.973716439999997,522
34.976433049999997,549
34.979149659999997,530
34.981866269999998,505
34.984582879999998,549
34.987299489999998,512
34.990016099999998,490
34.992732709999999,534
34.995449319999999,560
34.998165929999999,547
35.000882539999999,506
35.003599149999999,519
35.00631576,503
35.00903237,539
35.01174898,481
35.01446559,577
35.017182200000001,495
35.019898810000001,538
35.022615420000001,564
35.025332030000001,507
35.028048640000002,489
35.030765249999995,490
35.033481859999995,536
35.036198469999995,523
35.038915079999995,498
35.041631689999996,505
35.044348299999996,561
35.047064909999996,541
35.049781519999996,556
35.052498129999996,553
35.055214739999997,524
35.057931349999997,541
35.060647959999997,524
35.063364569999997,457
35.066081179999998,561
35.068797789999998,510
35.071514399999998,494
35.074231009999998,516
35.076947619999999,527
35.079664229999999,539
35.082380839999999,511
35.085097449999999,520
35.087814059999999,528
35.09053067,504
35.09324728,549
35.09596389,535
35.0986805,530
35.101397110000001,516
35.104113720000001,541
35.106830330000001,558
35.109546940000001,598
35.112263550000002,509
35.114980159999995,557
35.117696769999995,568
35.120413379999995,519
35.123129989999995,549
35.125846599999996,547
35.128563209999996,517
35.131279819999996,536
35.133996429999996,549
35.136713039999997,519
35.139429649999997,524
35.142146259999997,520
35.144862869999997,533
35.147579479999997,562
35.150296089999998,536
35.153012699999998,538
35.155729309999998,539
35.158445919999998,483
35.161162529999999,557
35.163879139999999,554
35.166595749999999,526
35.169312359999999,549
35.17202897,512
35.17474558,549
35.17746219,534
35.1801788,527
35.18289541,549
35.185612020000001,500
35.188328630000001,525
35.191045240000001,516
35.193761850000001,526
35.196478460000002,484
35.199195069999995,552
35.201911679999995,519
35.204628289999995,514
35.207344899999995,522
35.210061509999996,500
35.212778119999996,480
35.215494729999996,501
35.218211339999996,555
35.220927949999997,554
35.223644559999997,525
35.226361169999997,521
35.229077779999997,556
35.231794389999997,498
35.234510999999998,511
35.237227609999998,534
35.239944219999998,557
35.242660829999998,549
35.245377439999999,524
35.248094049999999,524
35.250810659999999,496
35.253527269999999,493
35.25624388,511
35.25896049,526
35.2616771,519
35.26439371,543
35.26711032,549
35.269826930000001,564
35.272543540000001,509
35.275260150000001,557
35.277976760000001,539
35.280693370000002,539
35.283409979999995,540
35.286126589999995,557
35.288843199999995,527
35.291559809999995,515
35.294276419999996,569
35.296993029999996,514
35.299709639999996,558
35.302426249999996,512
35.305142859999997,514
35.307859469999997,522
35.310576079999997,550
35.313292689999997,533
35.316009299999997,524
35.318725909999998,538
35.321442519999998,548
35.324159129999998,530
35.326875739999998,553
35.329592349999999,524
35.332308959999999,556
35.335025569999999,550
35.337742179999999,539
35.34045879,520
35.3431754,537
35.34589201,524
35.34860862,519
35.35132523,557
35.354041840000001,517
35.356758450000001,532
35.359475060000001,489
35.362191670000001,493
35.364908280000002,544
35.367624889999995,522
35.370341499999995,463
35.373058109999995,477
35.375774719999995,526
35.378491329999996,508
35.381207939999996,545
35.383924549999996,538
35.386641159999996,550
35.389357769999997,547
35.392074379999997,515
35.394790989999997,509
35.397507599999997,528
35.400224209999998,505
35.402940819999998,566
35.405657429999998,531
35.408374039999998,536
35.411090649999998,485
35.413807259999999,540
35.416523869999999,524
35.419240479999999,545
35.421957089999999,527
35.4246737,524
35.42739031,514
35.43010692,503
35.43282353,573
35.435540140000001,526
35.438256750000001,537
35.440973360000001,523
35.443689970000001,499
35.446406580000001,529
35.449123190000002,529
35.451839799999995,535
35.454556409999995,505
35.457273019999995,541
35.459989629999995,551
35.462706239999996,555
35.465422849999996,512
35.468139459999996,507
35.470856069999996,533
35.473572679999997,539
35.476289289999997,546
35.479005899999997,507
35.481722509999997,509
35.484439119999998,519
35.487155729999998,517
35.489872339999998,566
35.492588949999998,522
35.495305559999998,527
35.498022169999999,544
35.500738779999999,555
35.503455389999999,527
35.506171999999999,554
35.50888861,535
35.51160522,500
35.51432183,512
35.51703844,500
35.519755050000001,528
35.522471660000001,523
35.525188270000001,518
35.527904880000001,477
35.530621490000001,547
35.533338099999995,523
35.536054709999995,531
35.538771319999995,559
35.541487929999995,546
35.544204539999996,513
35.546921149999996,545
35.549637759999996,528
35.552354369999996,538
35.555070979999996,532
35.557787589999997,532
35.560504199999997,558
35.563220809999997,519
35.565937419999997,519
35.568654029999998,518
35.571370639999998,537
35.574087249999998,550
35.576803859999998,544
35.579520469999999,568
35.582237079999999,531
35.584953689999999,541
35.587670299999999,486
35.590386909999999,500
35.59310352,575
35.59582013,534
35.59853674,572
35.60125335,487
35.603969960000001,514
35.606686570000001,525
35.609403180000001,559
35.612119790000001,529
35.614836400000002,538
35.617553009999995,568
35.620269619999995,542
35.622986229999995,538
35.625702839999995,547
35.628419449999996,554
35.631136059999996,550
35.633852669999996,538
35.636569279999996,523
35.639285889999996,559
35.642002499999997,512
35.644719109999997,545
35.647435719999997,475
35.650152329999997,549
35.652868939999998,564
35.655585549999998,514
35.658302159999998,550
35.661018769999998,554
35.663735379999999,552
35.666451989999999,541
35.669168599999999,576
35.671885209999999,532
35.674601819999999,493
35.67731843,529
35.68003504,560
35.68275165,502
35.68546826,553
35.688184870000001,573
35.690901480000001,538
35.693618090000001,502
35.696334700000001,551
35.699051310000002,561
35.701767919999995,531
35.704484529999995,587
35.707201139999995,538
35.709917749999995,555
35.712634359999996,578
35.715350969999996,522
35.718067579999996,509
35.720784189999996,530
35.723500799999997,546
35.726217409999997,546
35.728934019999997,560
35.731650629999997,554
35.734367239999997,556
35.737083849999998,560
35.739800459999998,561
35.742517069999998,553
35.745233679999998,535
35.747950289999999,543
35.750666899999999,523
35.753383509999999,499
35.756100119999999,562
35.758816729999999,539
35.76153334,585
35.76424995,566
35.76696656,536
35.76968317,552
35.772399780000001,523
35.775116390000001,568
35.777833000000001,562
35.780549610000001,534
35.783266220000002,532
35.785982829999995,511
35.788699439999995,516
35.791416049999995,500
35.794132659999995,553
35.796849269999996,554
35.799565879999996,576
35.802282489999996,519
35.804999099999996,517
35.807715709999997,531
35.810432319999997,519
35.813148929999997,565
35.815865539999997,566
35.818582149999997,543
35.821298759999998,558
35.824015369999998,521
35.826731979999998,558
35.829448589999998,573
35.832165199999999,527
35.834881809999999,545
35.837598419999999,532
35.840315029999999,594
35.84303164,569
35.84574825,563
35.84846486,540
35.85118147,544
35.85389808,562
35.856614690000001,537
35.859331300000001,594
35.862047910000001,552
35.864764520000001,605
35.867481130000002,555
35.870197739999995,501
35.872914349999995,574
35.875630959999995,588
35.878347569999995,575
35.881064179999996,520
35.883780789999996,580
35.886497399999996,560
35.889214009999996,541
35.891930619999997,587
35.894647229999997,572
35.897363839999997,571
35.900080449999997,565
35.902797059999997,512
35.905513669999998,545
35.908230279999998,534
35.910946889999998,553
35.913663499999998,569
35.916380109999999,612
35.919096719999999,553
35.921813329999999,561
35.924529939999999,578
35.92724655,517
35.92996316,580
35.93267977,565
35.93539638,563
35.93811299,603
35.940829600000001,595
35.943546210000001,567
35.946262820000001,584
35.948979430000001,592
35.951696040000002,566
35.954412649999995,591
35.957129259999995,563
35.959845869999995,618
35.962562479999995,592
35.965279089999996,577
35.967995699999996,582
35.970712309999996,593
35.973428919999996,572
35.976145529999997,579
35.978862139999997,557
35.981578749999997,627
35.984295359999997,607
35.987011969999998,616
35.989728579999998,595
35.992445189999998,536
35.995161799999998,573
35.997878409999998,564
36.000595019999999,555
36.003311629999999,570
36.006028239999999,557
36.008744849999999,604
36.01146146,556
36.01417807,614
36.01689468,591
36.01961129,593
36.022327900000001,611
36.025044510000001,584
36.027761120000001,600
36.030477730000001,539
36.033194340000001,610
36.035910950000002,650
36.038627559999995,637
36.041344169999995,584
36.044060779999995,642
36.046777389999995,614
36.049493999999996,595
36.052210609999996,589
36.054927219999996,641
36.057643829999996,574
36.060360439999997,601
36.063077049999997,557
36.065793659999997,581
36.068510269999997,616
36.071226879999998,563
36.073943489999998,572
36.076660099999998,635
36.079376709999998,637
36.082093319999998,593
36.084809929999999,624
36.087526539999999,587
36.090243149999999,628
36.092959759999999,626
36.09567637,586
36.09839298,619
36.10110959,613
36.1038262,641
36.106542810000001,640
36.109259420000001,612
36.111976030000001,584
36.114692640000001,594
36.117409250000001,631
36.120125859999995,593
36.122842469999995,641
36.125559079999995,613
36.128275689999995,613
36.130992299999996,565
36.133708909999996,621
36.136425519999996,612
36.139142129999996,593
36.141858739999996,588
36.144575349999997,622
36.147291959999997,591
36.150008569999997,651
36.152725179999997,571
36.155441789999998,612
36.158158399999998,622
36.160875009999998,629
36.163591619999998,603
36.166308229999999,642
36.169024839999999,615
36.171741449999999,585
36.174458059999999,622
36.177174669999999,605
36.17989128,577
36.18260789,589
36.1853245,623
36.18804111,579
36.190757720000001,562
36.193474330000001,597
36.196190940000001,596
36.198907550000001,597
36.201624160000001,628
36.204340769999995,605
36.207057379999995,632
36.209773989999995,613
36.212490599999995,559
36.215207209999996,617
36.217923819999996,577
36.220640429999996,559
36.223357039999996,591
36.226073649999996,581
36.228790259999997,583
36.231506869999997,576
36.234223479999997,550
36.236940089999997,595
36.239656699999998,562
36.242373309999998,574
36.245089919999998,567
36.247806529999998,568
36.250523139999999,542
36.253239749999999,571
36.255956359999999,537
36.258672969999999,594
36.261389579999999,578
36.26410619,590
36.2668228,552
36.26953941,555
36.27225602,553
36.274972630000001,558
36.277689240000001,563
36.280405850000001,584
36.283122460000001,533
36.285839070000002,578
36.288555679999995,569
36.291272289999995,581
36.293988899999995,515
36.296705509999995,578
36.299422119999996,539
36.302138729999996,598
36.304855339999996,557
36.307571949999996,525
36.310288559999996,533
36.313005169999997,509
36.315721779999997,523
36.318438389999997,535
36.321154999999997,553
36.323871609999998,588
36.326588219999998,532
36.329304829999998,537
36.332021439999998,543
36.334738049999999,522
36.337454659999999,538
36.340171269999999,606
36.342887879999999,562
36.345604489999999,553
36.3483211,531
36.35103771,522
36.35375432,511
36.35647093,573
36.359187540000001,548
36.361904150000001,558
36.364620760000001,545
36.367337370000001,559
36.370053980000002,539
36.372770589999995,568
36.375487199999995,509
36.378203809999995,552
36.380920419999995,528
36.383637029999996,539
36.386353639999996,575
36.389070249999996,537
36.391786859999996,499
36.394503469999997,563
36.397220079999997,549
36.399936689999997,538
36.402653299999997,530
36.405369909999997,535
36.408086519999998,490
36.410803129999998,518
36.413519739999998,540
36.416236349999998,487
36.418952959999999,586
36.421669569999999,520
36.424386179999999,525
36.427102789999999,534
36.4298194,567
36.43253601,529
36.43525262,554
36.43796923,483
36.44068584,548
36.443402450000001,536
36.446119060000001,531
36.448835670000001,534
36.451552280000001,535
36.454268890000002,534
36.456985499999995,520
36.459702109999995,572
36.462418719999995,531
36.465135329999995,567
36.467851939999996,575
36.470568549999996,532
36.473285159999996,530
36.476001769999996,483
36.478718379999997,551
36.481434989999997,573
36.484151599999997,535
36.486868209999997,535
36.489584819999997,543
36.492301429999998,508
36.495018039999998,533
36.497734649999998,519
36.500451259999998,531
36.503167869999999,510
36.505884479999999,502
36.508601089999999,498
36.511317699999999,555
36.51403431,505
36.51675092,474
36.51946753,510
36.52218414,560
36.52490075,524
36.527617360000001,557
36.530333970000001,551
36.533050580000001,521
36.535767190000001,511
36.538483800000002,522
36.541200409999995,538
36.543917019999995,525
36.546633629999995,535
36.549350239999995,518
36.552066849999996,525
36.554783459999996,563
36.557500069999996,568
36.560216679999996,541
36.562933289999997,516
36.565649899999997,528
36.568366509999997,539
36.571083119999997,528
36.573799729999998,509
36.576516339999998,497
36.579232949999998,514
36.581949559999998,501
36.584666169999998,516
36.587382779999999,552
36.590099389999999,534
36.592815999999999,511
36.595532609999999,491
36.59824922,506
36.60096583,565
36.60368244,521
36.60639905,499
36.609115660000001,529
36.611832270000001,574
36.614548880000001,539
36.617265490000001,528
36.619982100000001,531
36.622698710000002,567
36.625415319999995,519
36.628131929999995,514
36.630848539999995,522
36.633565149999995,487
36.636281759999996,518
36.638998369999996,559
36.641714979999996,552
36.644431589999996,577
36.647148199999997,509
36.649864809999997,550
36.652581419999997,541
36.655298029999997,481
36.658014639999998,489
36.660731249999998,519
36.663447859999998,494
36.666164469999998,491
36.668881079999998,536
36.671597689999999,523
36.674314299999999,537
36.677030909999999,508
36.679747519999999,504
36.68246413,510
36.68518074,531
36.68789735,579
36.69061396,511
36.693330570000001,542
36.696047180000001,538
36.698763790000001,506
36.701480400000001,504
36.704197010000001,499
36.706913619999995,518
36.709630229999995,542
36.712346839999995,534
36.715063449999995,544
36.717780059999996,541
36.720496669999996,527
36.723213279999996,497
36.725929889999996,520
36.728646499999996,493
36.731363109999997,510
36.734079719999997,495
36.736796329999997,497
36.739512939999997,490
36.742229549999998,532
36.744946159999998,502
36.747662769999998,514
36.750379379999998,549
36.753095989999998,536
36.755812599999999,466
36.758529209999999,523
36.761245819999999,518
36.763962429999999,516
36.76667904,524
36.76939565,532
36.77211226,522
36.77482887,512
36.777545480000001,560
36.780262090000001,515
36.782978700000001,510
36.785695310000001,511
36.788411920000001,546
36.791128529999995,555
36.793845139999995,571
36.796561749999995,479
36.799278359999995,517
36.801994969999996,544
36.804711579999996,492
36.807428189999996,547
36.810144799999996,530
36.812861409999996,506
36.815578019999997,560
36.818294629999997,548
36.821011239999997,499
36.823727849999997,504
36.826444459999998,566
36.829161069999998,521
36.831877679999998,534
36.834594289999998,514
36.837310899999999,465
36.840027509999999,541
36.842744119999999,527
36.845460729999999,500
36.848177339999999,518
36.85089395,517
36.85361056,535
36.85632717,536
36.85904378,506
36.861760390000001,576
36.864477000000001,522
36.867193610000001,509
36.869910220000001,548
36.872626830000002,552
36.875343439999995,503
36.878060049999995,554
36.880776659999995,474
36.883493269999995,495
36.886209879999996,529
36.888926489999996,530
36.891643099999996,485
36.894359709999996,569
36.897076319999996,475
36.899792929999997,521
36.902509539999997,501
36.905226149999997,516
36.907942759999997,532
36.910659369999998,527
36.913375979999998,560
36.916092589999998,518
36.918809199999998,488
36.921525809999999,502
36.924242419999999,512
36.926959029999999,494
36.929675639999999,508
36.932392249999999,517
36.93510886,545
36.93782547,528
36.94054208,505
36.94325869,598
36.945975300000001,520
36.948691910000001,541
36.951408520000001,551
36.954125130000001,495
36.956841740000002,483
36.959558349999995,506
36.962274959999995,497
36.964991569999995,534
36.967708179999995,484
36.970424789999996,505
36.973141399999996,558
36.975858009999996,502
36.978574619999996,546
36.981291229999997,525
36.984007839999997,500
36.986724449999997,549
36.989441059999997,542
36.992157669999997,541
36.994874279999998,506
36.997590889999998,535
37.000307499999998,482
37.003024109999998,521
37.005740719999999,509
37.008457329999999,527
37.011173939999999,519
37.013890549999999,503
37.01660716,535
37.01932377,540
37.02204038,525
37.02475699,509
37.0274736,478
37.030190210000001,517
37.032906820000001,559
37.035623430000001,532
37.038340040000001,510
37.041056650000002,524
37.043773260000002,502
37.046489870000002,508
37.049206480000002,561
37.051923090000003,491
37.054639700000003,531
37.057356310000003,535
37.060072920000003,535
37.062789530000003,536
37.065506139999997,518
37.068222749999997,505
37.070939359999997,530
37.073655969999997,554
37.076372579999997,560
37.079089189999998,516
37.081805799999998,517
37.084522409999998,532
37.087239019999998,538
37.089955629999999,555
37.092672239999999,504
37.095388849999999,477
37.098105459999999,462
37.10082207,482
37.10353868,511
37.10625529,541
37.1089719,503
37.11168851,522
37.114405120000001,494
37.117121730000001,494
37.119838340000001,469
37.122554950000001,544
37.125271560000002,524
37.127988170000002,493
37.130704780000002,504
37.133421390000002,475
37.136138000000003,567
37.138854610000003,521
37.141571220000003,524
37.144287830000003,489
37.147004439999996,516
37.149721049999997,496
37.152437659999997,480
37.155154269999997,547
37.157870879999997,534
37.160587489999998,509
37.163304099999998,462
37.166020709999998,540
37.168737319999998,506
37.171453929999998,565
37.174170539999999,511
37.176887149999999,527
37.179603759999999,551
37.182320369999999,549
37.18503698,553
37.18775359,557
37.1904702,530
37.19318681,526
37.19590342,532
37.198620030000001,521
37.201336640000001,497
37.204053250000001,509
37.206769860000001,540
37.209486470000002,533
37.212203080000002,510
37.214919690000002,553
37.217636300000002,488
37.220352910000003,496
37.223069520000003,514
37.225786130000003,507
37.228502740000003,550
37.231219349999996,558
37.233935959999997,518
37.236652569999997,501
37.239369179999997,519
37.242085789999997,548
37.244802399999998,567
37.247519009999998,487
37.250235619999998,486
37.252952229999998,499
37.255668839999998,528
37.258385449999999,499
37.261102059999999,546
37.263818669999999,501
37.266535279999999,526
37.26925189,533
37.2719685,510
37.27468511,524
37.27740172,489
37.280118330000001,501
37.282834940000001,482
37.285551550000001,544
37.288268160000001,522
37.290984770000001,513
37.293701380000002,550
37.296417990000002,547
37.299134600000002,554
37.301851210000002,530
37.304567820000003,541
37.307284430000003,476
37.310001040000003,526
37.312717650000003,490
37.315434259999996,523
37.318150869999997,547
37.320867479999997,555
37.323584089999997,500
37.326300699999997,501
37.329017309999998,509
37.331733919999998,505
37.334450529999998,500
37.337167139999998,552
37.339883749999998,521
37.342600359999999,522
37.345316969999999,540
37.348033579999999,530
37.350750189999999,541
37.3534668,530
37.35618341,512
37.35890002,537
37.36161663,508
37.364333240000001,493
37.367049850000001,517
37.369766460000001,547
37.372483070000001,536
37.375199680000001,520
37.377916290000002,555
37.380632900000002,541
37.383349510000002,492
37.386066120000002,458
37.388782730000003,536
37.391499340000003,507
37.394215950000003,478
37.396932560000003,519
37.399649169999996,532
37.402365779999997,501
37.405082389999997,464
37.407798999999997,508
37.410515609999997,544
37.413232219999998,527
37.415948829999998,464
37.418665439999998,538
37.421382049999998,541
37.424098659999999,523
37.426815269999999,520
37.429531879999999,526
37.432248489999999,520
37.434965099999999,523
37.43768171,533
37.44039832,485
37.44311493,520
37.44583154,521
37.448548150000001,512
37.451264760000001,537
37.453981370000001,480
37.456697980000001,561
37.459414590000002,495
37.462131200000002,513
37.464847810000002,555
37.467564420000002,527
37.470281030000002,528
37.472997640000003,541
37.475714250000003,559
37.478430860000003,519
37.481147470000003,546
37.483864079999996,526
37.486580689999997,554
37.489297299999997,505
37.492013909999997,502
37.494730519999997,522
37.497447129999998,519
37.500163739999998,575
37.502880349999998,531
37.505596959999998,547
37.508313569999999,530
37.511030179999999,521
37.513746789999999,530
37.516463399999999,552
37.519180009999999,517
37.52189662,546
37.52461323,500
37.52732984,481
37.53004645,516
37.532763060000001,512
37.535479670000001,534
37.538196280000001,518
37.540912890000001,495
37.543629500000002,509
37.546346110000002,522
37.549062720000002,524
37.551779330000002,537
37.554495940000002,516
37.557212550000003,509
37.559929160000003,503
37.562645770000003,471
37.565362380000003,544
37.568078989999997,551
37.570795599999997,517
37.573512209999997,537
37.576228819999997,543
37.578945429999997,538
37.581662039999998,481
37.584378649999998,542
37.587095259999998,535
37.589811869999998,508
37.592528479999999,520
37.595245089999999,532
37.597961699999999,520
37.600678309999999,536
37.60339492,525
37.60611153,504
37.60882814,510
37.61154475,541
37.61426136,590
37.616977970000001,554
37.619694580000001,546
37.622411190000001,507
37.625127800000001,513
37.627844410000002,550
37.630561020000002,533
37.633277630000002,563
37.635994240000002,544
37.638710850000002,552
37.641427460000003,544
37.644144070000003,521
37.646860680000003,531
37.649577290000003,508
37.652293899999997,497
37.655010509999997,536
37.657727119999997,556
37.660443729999997,552
37.663160339999997,536
37.665876949999998,565
37.668593559999998,516
37.671310169999998,543
37.674026779999998,519
37.676743389999999,543
37.679459999999999,553
37.682176609999999,478
37.684893219999999,547
37.68760983,496
37.69032644,531
37.69304305,536
37.69575966,543
37.69847627,527
37.701192880000001,519
37.703909490000001,508
37.706626100000001,501
37.709342710000001,566
37.712059320000002,551
37.714775930000002,521
37.717492540000002,515
37.720209150000002,526
37.722925760000003,549
37.725642370000003,515
37.728358980000003,576
37.731075590000003,546
37.733792199999996,500
37.736508809999997,532
37.739225419999997,531
37.741942029999997,524
37.744658639999997,510
37.747375249999997,498
37.750091859999998,525
37.752808469999998,526
37.755525079999998,515
37.758241689999998,518
37.760958299999999,535
37.763674909999999,513
37.766391519999999,522
37.769108129999999,551
37.77182474,468
37.77454135,519
37.77725796,491
37.77997457,531
37.78269118,571
37.785407790000001,521
37.788124400000001,515
37.790841010000001,542
37.793557620000001,538
37.796274230000002,533
37.798990840000002,531
37.801707450000002,556
37.804424060000002,541
37.807140670000003,546
37.809857280000003,543
37.812573890000003,486
37.815290500000003,527
37.818007109999996,529
37.820723719999997,499
37.823440329999997,497
37.826156939999997,518
37.828873549999997,530
37.831590159999998,524
37.834306769999998,541
37.837023379999998,544
37.839739989999998,565
37.842456599999998,534
37.845173209999999,556
37.847889819999999,546
37.850606429999999,533
37.853323039999999,560
37.85603965,526
37.85875626,553
37.86147287,537
37.86418948,572
37.866906090000001,528
37.869622700000001,510
37.872339310000001,560
37.875055920000001,527
37.877772530000001,557
37.880489140000002,564
37.883205750000002,530
37.885922360000002,518
37.888638970000002,511
37.891355580000003,528
37.894072190000003,579
37.896788800000003,528
37.899505410000003,557
37.902222019999996,573
37.904938629999997,543
37.907655239999997,587
37.910371849999997,555
37.913088459999997,550
37.915805069999998,543
37.918521679999998,538
37.921238289999998,536
37.923954899999998,511
37.926671509999998,546
37.929388119999999,519
37.932104729999999,539
37.934821339999999,528
37.937537949999999,537
37.94025456,501
37.94297117,516
37.94568778,534
37.94840439,546
37.951121000000001,574
37.953837610000001,521
37.956554220000001,564
37.959270830000001,592
37.961987440000001,535
37.964704050000002,546
37.967420660000002,562
37.970137270000002,572
37.972853880000002,548
37.975570490000003,519
37.978287100000003,556
37.981003710000003,541
37.983720320000003,596
37.986436929999996,553
37.989153539999997,577
37.991870149999997,498
37.994586759999997,574
37.997303369999997,548
38.000019979999998,575
38.002736589999998,573
38.005453199999998,578
38.008169809999998,540
38.010886419999999,558
38.013603029999999,490
38.016319639999999,523
38.019036249999999,546
38.021752859999999,482
38.02446947,534
38.02718608,567
38.02990269,531
38.0326193,553
38.035335910000001,558
38.038052520000001,540
38.040769130000001,520
38.043485740000001,583
38.046202350000002,533
38.048918960000002,541
38.051635570000002,580
38.054352180000002,592
38.057068790000002,560
38.059785400000003,543
38.062502010000003,518
38.065218620000003,556
38.067935230000003,565
38.070651839999996,527
38.073368449999997,558
38.076085059999997,514
38.078801669999997,523
38.081518279999997,578
38.084234889999998,614
38.086951499999998,532
38.089668109999998,530
38.092384719999998,548
38.095101329999999,532
38.097817939999999,553
38.100534549999999,555
38.103251159999999,523
38.105967769999999,523
38.10868438,563
38.11140099,569
38.1141176,565
38.11683421,562
38.119550820000001,587
38.122267430000001,525
38.124984040000001,559
38.127700650000001,531
38.130417260000002,585
38.133133870000002,517
38.135850480000002,538
38.138567090000002,602
38.141283700000002,613
38.144000310000003,559
38.146716920000003,549
38.149433530000003,534
38.152150140000003,562
38.154866749999997,559
38.157583359999997,567
38.160299969999997,559
38.163016579999997,553
38.165733189999997,583
38.168449799999998,576
38.171166409999998,553
38.173883019999998,578
38.176599629999998,547
38.179316239999999,553
38.182032849999999,533
38.184749459999999,568
38.187466069999999,552
38.190182679999999,527
38.19289929,553
38.1956159,567
38.19833251,524
38.20104912,528
38.203765730000001,574
38.206482340000001,543
38.209198950000001,568
38.211915560000001,587
38.214632170000002,556
38.217348780000002,589
38.220065390000002,584
38.222782000000002,562
38.225498610000002,559
38.228215220000003,599
38.230931830000003,517
38.233648440000003,567
38.236365050000003,537
38.239081659999997,552
38.241798269999997,583
38.244514879999997,549
38.247231489999997,534
38.249948099999997,561
38.252664709999998,537
38.255381319999998,594
38.258097929999998,557
38.260814539999998,552
38.263531149999999,517
38.266247759999999,596
38.268964369999999,591
38.271680979999999,563
38.27439759,583
38.2771142,556
38.27983081,593
38.28254742,535
38.28526403,570
38.287980640000001,523
38.290697250000001,576
38.293413860000001,588
38.296130470000001,577
38.298847080000002,560
38.301563690000002,543
38.304280300000002,571
38.306996910000002,538
38.309713520000003,567
38.312430130000003,514
38.315146740000003,530
38.317863350000003,584
38.320579959999996,568
38.323296569999997,543
38.326013179999997,598
38.328729789999997,542
38.331446399999997,518
38.334163009999997,525
38.336879619999998,536
38.339596229999998,556
38.342312839999998,587
38.345029449999998,588
38.347746059999999,548
38.350462669999999,574
38.353179279999999,534
38.355895889999999,580
38.3586125,539
38.36132911,560
38.36404572,538
38.36676233,567
38.36947894,524
38.372195550000001,568
38.374912160000001,543
38.377628770000001,519
38.380345380000001,545
38.383061990000002,538
38.385778600000002,551
38.388495210000002,575
38.391211820000002,557
38.393928430000003,532
38.396645040000003,560
38.399361650000003,552
38.402078260000003,516
38.404794869999996,562
38.407511479999997,593
38.410228089999997,527
38.412944699999997,565
38.415661309999997,548
38.418377919999998,549
38.421094529999998,536
38.423811139999998,551
38.426527749999998,544
38.429244359999998,537
38.431960969999999,531
38.434677579999999,551
38.437394189999999,539
38.440110799999999,531
38.44282741,546
38.44554402,525
38.44826063,524
38.45097724,520
38.453693850000001,557
38.456410460000001,548
38.459127070000001,517
38.461843680000001,542
38.464560290000001,518
38.467276900000002,573
38.469993510000002,511
38.472710120000002,546
38.475426730000002,589
38.478143340000003,562
38.480859950000003,530
38.483576560000003,545
38.486293170000003,550
38.489009779999996,546
38.491726389999997,538
38.494442999999997,588
38.497159609999997,557
38.499876219999997,534
38.502592829999998,516
38.505309439999998,575
38.508026049999998,609
38.510742659999998,540
38.513459269999998,536
38.516175879999999,570
38.518892489999999,530
38.521609099999999,553
38.524325709999999,520
38.52704232,541
38.52975893,517
38.53247554,540
38.53519215,568
38.537908760000001,515
38.540625370000001,537
38.543341980000001,522
38.546058590000001,556
38.548775200000001,556
38.551491810000002,546
38.554208420000002,556
38.556925030000002,536
38.559641640000002,554
38.562358250000003,532
38.565074860000003,565
38.567791470000003,545
38.570508080000003,601
38.573224689999996,522
38.575941299999997,544
38.578657909999997,540
38.581374519999997,546
38.584091129999997,583
38.586807739999998,573
38.589524349999998,562
38.592240959999998,544
38.594957569999998,536
38.597674179999999,540
38.600390789999999,551
38.603107399999999,562
38.605824009999999,549
38.608540619999999,530
38.61125723,564
38.61397384,540
38.61669045,534
38.61940706,578
38.622123670000001,522
38.624840280000001,540
38.627556890000001,578
38.630273500000001,573
38.632990110000001,542
38.635706720000002,556
38.638423330000002,543
38.641139940000002,558
38.643856550000002,543
38.646573160000003,573
38.649289770000003,562
38.652006380000003,564
38.654722990000003,565
38.657439599999996,544
38.660156209999997,541
38.662872819999997,554
38.665589429999997,520
38.668306039999997,566
38.671022649999998,550
38.673739259999998,572
38.676455869999998,511
38.679172479999998,556
38.681889089999999,571
38.684605699999999,577
38.687322309999999,570
38.690038919999999,535
38.692755529999999,563
38.69547214,571
38.69818875,542
38.70090536,556
38.70362197,560
38.706338580000001,523
38.709055190000001,518
38.711771800000001,536
38.714488410000001,576
38.717205020000002,486
38.719921630000002,577
38.722638240000002,590
38.725354850000002,537
38.728071460000002,593
38.730788070000003,522
38.733504680000003,552
38.736221290000003,584
38.738937900000003,545
38.741654509999996,535
38.744371119999997,593
38.747087729999997,556
38.749804339999997,499
38.752520949999997,536
38.755237559999998,553
38.757954169999998,589
38.760670779999998,536
38.763387389999998,550
38.766103999999999,567
38.768820609999999,546
38.771537219999999,528
38.774253829999999,517
38.776970439999999,560
38.77968705,567
38.78240366,526
38.78512027,559
38.78783688,559
38.790553490000001,576
38.793270100000001,584
38.795986710000001,530
38.798703320000001,546
38.801419930000002,549
38.804136540000002,562
38.806853150000002,507
38.809569760000002,541
38.812286370000002,572
38.815002980000003,563
38.817719590000003,545
38.820436200000003,617
38.823152809999996,559
38.825869419999997,506
38.828586029999997,555
38.831302639999997,538
38.834019249999997,527
38.836735859999997,502
38.839452469999998,567
38.842169079999998,552
38.844885689999998,556
38.847602299999998,554
38.850318909999999,585
38.853035519999999,501
38.855752129999999,583
38.858468739999999,520
38.86118535,536
38.86390196,544
38.86661857,552
38.86933518,520
38.87205179,563
38.874768400000001,545
38.877485010000001,593
38.880201620000001,530
38.882918230000001,579
38.885634840000002,546
38.888351450000002,541
38.891068060000002,526
38.893784670000002,532
38.896501280000003,543
38.899217890000003,552
38.901934500000003,527
38.904651110000003,522
38.907367719999996,560
38.910084329999997,519
38.912800939999997,536
38.915517549999997,503
38.918234159999997,552
38.920950769999997,521
38.923667379999998,548
38.926383989999998,584
38.929100599999998,534
38.931817209999998,558
38.934533819999999,517
38.937250429999999,551
38.939967039999999,568
38.942683649999999,531
38.94540026,546
38.94811687,527
38.95083348,529
38.95355009,552
38.9562667,536
38.958983310000001,559
38.961699920000001,557
38.964416530000001,563
38.967133140000001,564
38.969849750000002,552
38.972566360000002,545
38.975282970000002,539
38.977999580000002,553
38.980716190000003,551
38.983432800000003,535
38.986149410000003,591
38.988866020000003,549
38.991582629999996,568
38.994299239999997,539
38.997015849999997,563
38.999732459999997,606
39.002449069999997,553
39.005165679999998,536
39.007882289999998,540
39.010598899999998,497
39.013315509999998,573
39.016032119999998,540
39.018748729999999,508
39.021465339999999,560
39.024181949999999,560
39.026898559999999,558
39.02961517,577
39.03233178,552
39.03504839,562
39.037765,534
39.040481610000001,561
39.043198220000001,519
39.045914830000001,505
39.048631440000001,570
39.051348050000001,520
39.054064660000002,575
39.056781270000002,626
39.059497880000002,607
39.062214490000002,572
39.064931100000003,573
39.067647710000003,522
39.070364320000003,541
39.073080930000003,568
39.075797539999996,543
39.078514149999997,539
39.081230759999997,544
39.083947369999997,532
39.086663979999997,558
39.089380589999998,533
39.092097199999998,551
39.094813809999998,603
39.097530419999998,579
39.100247029999998,520
39.102963639999999,561
39.105680249999999,497
39.108396859999999,536
39.111113469999999,533
39.11383008,525
39.11654669,546
39.1192633,555
39.12197991,539
39.124696520000001,584
39.127413130000001,570
39.130129740000001,557
39.132846350000001,563
39.135562960000001,554
39.138279570000002,567
39.140996180000002,562
39.143712790000002,565
39.146429400000002,524
39.149146010000003,571
39.151862620000003,557
39.154579230000003,542
39.157295840000003,523
39.160012449999996,540
39.162729059999997,545
39.165445669999997,561
39.168162279999997,570
39.170878889999997,552
39.173595499999998,570
39.176312109999998,542
39.179028719999998,556
39.181745329999998,560
39.184461939999998,537
39.187178549999999,524
39.189895159999999,597
39.192611769999999,573
39.195328379999999,550
39.19804499,530
39.2007616,521
39.20347821,541
39.20619482,590
39.208911430000001,517
39.211628040000001,550
39.214344650000001,557
39.217061260000001,597
39.219777870000001,560
39.222494480000002,562
39.225211090000002,521
39.227927700000002,537
39.230644310000002,571
39.233360920000003,539
39.236077530000003,535
39.238794140000003,569
39.241510750000003,554
39.244227359999996,563
39.246943969999997,569
39.249660579999997,559
39.252377189999997,541
39.255093799999997,555
39.257810409999998,518
39.260527019999998,610
39.263243629999998,575
39.265960239999998,573
39.268676849999999,547
39.271393459999999,530
39.274110069999999,534
39.276826679999999,540
39.279543289999999,536
39.2822599,522
39.28497651,569
39.28769312,569
39.29040973,503
39.293126340000001,581
39.295842950000001,532
39.298559560000001,575
39.301276170000001,585
39.303992780000002,594
39.306709390000002,525
39.309426000000002,548
39.312142610000002,526
39.314859220000002,559
39.317575830000003,526
39.320292440000003,532
39.323009050000003,523
39.325725660000003,593
39.328442269999996,538
39.331158879999997,537
39.333875489999997,577
39.336592099999997,548
39.339308709999997,550
39.342025319999998,587
39.344741929999998,604
39.347458539999998,543
39.350175149999998,561
39.352891759999999,562
39.355608369999999,554
39.358324979999999,501
39.361041589999999,558
39.363758199999999,560
39.36647481,588
39.36919142,543
39.37190803,551
39.37462464,583
39.377341250000001,568
39.380057860000001,535
39.382774470000001,604
39.385491080000001,550
39.388207690000002,523
39.390924300000002,564
39.393640910000002,546
39.396357520000002,592
39.399074130000002,528
39.401790740000003,559
39.404507350000003,548
39.407223960000003,540
39.409940569999996,530
39.412657179999997,530
39.415373789999997,559
39.418090399999997,520
39.420807009999997,513
39.423523619999997,575
39.426240229999998,526
39.428956839999998,566
39.431673449999998,558
39.434390059999998,543
39.437106669999999,544
39.439823279999999,545
39.442539889999999,577
39.445256499999999,539
39.44797311,525
39.45068972,542
39.45340633,546
39.45612294,571
39.45883955,535
39.461556160000001,578
39.464272770000001,534
39.466989380000001,573
39.469705990000001,581
39.472422600000002,544
39.475139210000002,533
39.477855820000002,566
39.480572430000002,536
39.483289040000003,544
39.486005650000003,539
39.488722260000003,555
39.491438870000003,567
39.494155479999996,517
39.496872089999997,538
39.499588699999997,538
39.502305309999997,553
39.505021919999997,517
39.507738529999997,564
39.510455139999998,553
39.513171749999998,628
39.515888359999998,562
39.518604969999998,561
39.521321579999999,540
39.524038189999999,561
39.526754799999999,601
39.529471409999999,515
39.53218802,591
39.53490463,524
39.53762124,588
39.54033785,576
39.54305446,596
39.545771070000001,565
39.548487680000001,578
39.551204290000001,532
39.553920900000001,568
39.556637510000002,546
39.559354120000002,574
39.562070730000002,539
39.564787340000002,543
39.567503950000003,556
39.570220560000003,600
39.572937170000003,567
39.575653780000003,522
39.578370389999996,564
39.581086999999997,566
39.583803609999997,543
39.586520219999997,533
39.589236829999997,585
39.591953439999997,579
39.594670049999998,596
39.597386659999998,518
39.600103269999998,534
39.602819879999998,561
39.605536489999999,574
39.608253099999999,569
39.610969709999999,573
39.613686319999999,540
39.61640293,557
39.61911954,552
39.62183615,583
39.62455276,586
39.62726937,502
39.629985980000001,536
39.632702590000001,574
39.635419200000001,574
39.638135810000001,563
39.640852420000002,585
39.643569030000002,550
39.646285640000002,553
39.649002250000002,582
39.651718860000003,566
39.654435470000003,581
39.657152080000003,562
39.659868690000003,575
39.662585299999996,521
39.665301909999997,568
39.668018519999997,536
39.670735129999997,591
39.673451739999997,564
39.676168349999998,596
39.678884959999998,585
39.681601569999998,557
39.684318179999998,505
39.687034789999998,583
39.689751399999999,571
39.692468009999999,566
39.695184619999999,536
39.697901229999999,577
39.70061784,558
39.70333445,538
39.70605106,555
39.70876767,553
39.711484280000001,543
39.714200890000001,501
39.716917500000001,549
39.719634110000001,562
39.722350720000001,522
39.725067330000002,544
39.727783940000002,567
39.730500550000002,540
39.733217160000002,525
39.735933770000003,518
39.738650380000003,551
39.741366990000003,534
39.744083600000003,531
39.746800209999996,556
39.749516819999997,556
39.752233429999997,565
39.754950039999997,558
39.757666649999997,599
39.760383259999998,580
39.763099869999998,582
39.765816479999998,538
39.768533089999998,553
39.771249699999998,542
39.773966309999999,575
39.776682919999999,586
39.779399529999999,535
39.782116139999999,588
39.78483275,579
39.78754936,562
39.79026597,577
39.79298258,539
39.795699190000001,589
39.798415800000001,597
39.801132410000001,564
39.803849020000001,570
39.806565630000001,596
39.809282240000002,538
39.811998850000002,569
39.814715460000002,524
39.817432070000002,566
39.820148680000003,555
39.822865290000003,575
39.825581900000003,559
39.828298510000003,570
39.831015119999996,525
39.833731729999997,561
39.836448339999997,523
39.839164949999997,518
39.841881559999997,542
39.844598169999998,572
39.847314779999998,611
39.850031389999998,545
39.852747999999998,620
39.855464609999999,546
39.858181219999999,539
39.860897829999999,528
39.863614439999999,545
39.866331049999999,562
39.86904766,523
39.87176427,576
39.87448088,591
39.87719749,511
39.879914100000001,505
39.882630710000001,535
39.885347320000001,558
39.888063930000001,505
39.890780540000002,559
39.893497150000002,543
39.896213760000002,499
39.898930370000002,555
39.901646980000002,534
39.904363590000003,528
39.907080200000003,553
39.909796810000003,598
39.912513420000003,558
39.915230029999996,522
39.917946639999997,585
39.920663249999997,498
39.923379859999997,560
39.926096469999997,597
39.928813079999998,553
39.931529689999998,606
39.934246299999998,540
39.936962909999998,530
39.939679519999999,551
39.942396129999999,549
39.945112739999999,545
39.947829349999999,578
39.950545959999999,564
39.95326257,529
39.95597918,531
39.95869579,547
39.9614124,553
39.964129010000001,583
39.966845620000001,544
39.969562230000001,504
39.972278840000001,568
39.974995450000002,569
39.977712060000002,542
39.980428670000002,553
39.983145280000002,529
39.985861890000002,522
39.988578500000003,593
39.991295110000003,563
39.994011720000003,540
39.996728329999996,541
39.999444939999997,562
40.002161549999997,566
40.004878159999997,549
40.007594769999997,559
40.010311379999997,518
40.013027989999998,561
40.015744599999998,540
40.018461209999998,556
40.021177819999998,520
40.023894429999999,576
40.026611039999999,590
40.029327649999999,568
40.032044259999999,595
40.034760869999999,519
40.03747748,585
40.04019409,543
40.0429107,572
40.04562731,566
40.048343920000001,567
40.051060530000001,543
40.053777140000001,569
40.056493750000001,584
40.059210360000002,558
40.061926970000002,563
40.064643580000002,573
40.067360190000002,593
40.070076800000002,558
40.072793410000003,567
40.075510020000003,501
40.078226630000003,554
40.080943239999996,521
40.083659849999997,565
40.086376459999997,585
40.089093069999997,533
40.091809679999997,575
40.094526289999997,550
40.097242899999998,541
40.099959509999998,521
40.102676119999998,543
40.105392729999998,555
40.108109339999999,561
40.110825949999999,570
40.113542559999999,530
40.116259169999999,571
40.11897578,548
40.12169239,589
40.124409,538
40.12712561,573
40.12984222,543
40.132558830000001,560
40.135275440000001,576
40.137992050000001,514
40.140708660000001,507
40.143425270000002,536
40.146141880000002,562
40.148858490000002,514
40.151575100000002,565
40.154291710000003,597
40.157008320000003,590
40.159724930000003,539
40.162441540000003,530
40.165158149999996,536
40.167874759999997,545
40.170591369999997,540
40.173307979999997,539
40.176024589999997,522
40.178741199999997,524
40.181457809999998,527
40.184174419999998,521
40.186891029999998,528
40.189607639999998,557
40.192324249999999,526
40.195040859999999,536
40.197757469999999,524
40.200474079999999,533
40.20319069,585
40.2059073,531
40.20862391,572
40.21134052,562
40.21405713,549
40.216773740000001,564
40.219490350000001,571
40.222206960000001,555
40.224923570000001,580
40.227640180000002,562
40.230356790000002,594
40.233073400000002,564
40.235790010000002,554
40.238506620000003,499
40.241223230000003,526
40.243939840000003,551
40.246656450000003,534
40.249373059999996,574
40.252089669999997,530
40.254806279999997,555
40.257522889999997,558
40.260239499999997,551
40.262956109999998,541
40.265672719999998,580
40.268389329999998,566
40.271105939999998,550
40.273822549999998,514
40.276539159999999,518
40.279255769999999,562
40.281972379999999,594
40.284688989999999,543
40.2874056,562
40.29012221,536
40.29283882,541
40.29555543,568
40.298272040000001,524
40.300988650000001,585
40.303705260000001,578
40.306421870000001,532
40.309138480000001,540
40.311855090000002,575
40.314571700000002,562
40.317288310000002,535
40.320004920000002,547
40.322721530000003,576
40.325438140000003,601
40.328154750000003,503
40.330871360000003,561
40.333587969999996,572
40.336304579999997,525
40.339021189999997,523
40.341737799999997,559
40.344454409999997,560
40.347171019999998,553
40.349887629999998,574
40.352604239999998,565
40.355320849999998,539
40.358037459999998,546
40.360754069999999,546
40.363470679999999,572
40.366187289999999,548
40.368903899999999,536
40.37162051,547
40.37433712,573
40.37705373,563
40.37977034,572
40.382486950000001,565
40.385203560000001,511
40.387920170000001,528
40.390636780000001,536
40.393353390000001,553
40.396070000000002,563
40.398786610000002,572
40.401503220000002,535
40.404219830000002,535
40.406936440000003,534
40.409653050000003,557
40.412369660000003,592
40.415086270000003,520
40.417802879999996,577
40.420519489999997,576
40.423236099999997,551
40.425952709999997,588
40.428669319999997,542
40.431385929999998,551
40.434102539999998,553
40.436819149999998,586
40.439535759999998,555
40.442252369999999,579
40.444968979999999,542
40.447685589999999,571
40.450402199999999,573
40.453118809999999,550
40.45583542,535
40.45855203,585
40.46126864,529
40.46398525,546
40.466701860000001,555
40.469418470000001,539
40.472135080000001,534
40.474851690000001,574
40.477568300000001,603
40.480284910000002,580
40.483001520000002,522
40.485718130000002,562
40.488434740000002,553
40.491151350000003,553
40.493867960000003,558
40.496584570000003,579
40.499301180000003,584
40.502017789999996,521
40.504734399999997,562
40.507451009999997,560
40.510167619999997,612
40.512884229999997,569
40.515600839999998,597
40.518317449999998,599
40.521034059999998,590
40.523750669999998,636
40.526467279999999,553
40.529183889999999,572
40.531900499999999,582
40.534617109999999,566
40.537333719999999,583
40.54005033,598
40.54276694,614
40.54548355,634
40.54820016,618
40.550916770000001,587
40.553633380000001,562
40.556349990000001,596
40.559066600000001,587
40.561783210000002,595
40.564499820000002,566
40.567216430000002,562
40.569933040000002,565
40.572649650000002,636
40.575366260000003,565
40.578082870000003,570
40.580799480000003,586
40.583516089999996,591
40.586232699999996,550
40.588949309999997,551
40.591665919999997,566
40.594382529999997,607
40.597099139999997,566
40.599815749999998,588
40.602532359999998,576
40.605248969999998,583
40.607965579999998,575
40.610682189999999,572
40.613398799999999,619
40.616115409999999,612
40.618832019999999,581
40.621548629999999,565
40.62426524,554
40.62698185,548
40.62969846,542
40.63241507,500
40.635131680000001,596
40.637848290000001,557
40.640564900000001,547
40.643281510000001,546
40.645998120000002,542
40.648714730000002,567
40.651431340000002,612
40.654147950000002,556
40.656864560000002,579
40.659581170000003,543
40.662297780000003,538
40.665014390000003,540
40.667730999999996,577
40.670447609999997,531
40.673164219999997,583
40.675880829999997,539
40.678597439999997,575
40.681314049999997,558
40.684030659999998,590
40.686747269999998,544
40.689463879999998,563
40.692180489999998,537
40.694897099999999,552
40.697613709999999,526
40.700330319999999,590
40.703046929999999,569
40.70576354,537
40.70848015,556
40.71119676,551
40.71391337,567
40.71662998,525
40.719346590000001,568
40.722063200000001,542
40.724779810000001,586
40.727496420000001,531
40.730213030000002,497
40.732929640000002,534
40.735646250000002,550
40.738362860000002,520
40.741079470000003,537
40.743796080000003,499
40.746512690000003,526
40.749229300000003,522
40.751945909999996,523
40.754662519999997,524
40.757379129999997,569
40.760095739999997,550
40.762812349999997,525
40.765528959999997,503
40.768245569999998,512
40.770962179999998,514
40.773678789999998,504
40.776395399999998,540
40.779112009999999,522
40.781828619999999,538
40.784545229999999,530
40.787261839999999,478
40.78997845,481
40.79269506,532
40.79541167,527
40.79812828,541
40.80084489,524
40.803561500000001,518
40.806278110000001,528
40.808994720000001,517
40.811711330000001,519
40.814427940000002,498
40.817144550000002,530
40.819861160000002,518
40.822577770000002,500
40.825294380000003,524
40.828010990000003,545
40.830727600000003,503
40.833444210000003,509
40.836160819999996,518
40.838877429999997,534
40.841594039999997,491
40.844310649999997,516
40.847027259999997,535
40.849743869999998,549
40.852460479999998,504
40.855177089999998,563
40.857893699999998,533
40.860610309999998,510
40.863326919999999,504
40.866043529999999,526
40.868760139999999,526
40.871476749999999,521
40.87419336,496
40.87690997,533
40.87962658,498
40.88234319,536
40.885059800000001,553
40.887776410000001,484
40.890493020000001,545
40.893209630000001,503
40.895926240000001,553
40.898642850000002,505
40.901359460000002,477
40.904076070000002,493
40.906792680000002,552
40.909509290000003,520
40.912225900000003,510
40.914942510000003,523
40.917659120000003,519
40.920375729999996,473
40.923092339999997,525
40.925808949999997,523
40.928525559999997,499
40.931242169999997,520
40.933958779999998,458
40.936675389999998,493
40.939391999999998,473
40.942108609999998,494
40.944825219999998,520
40.947541829999999,522
40.950258439999999,538
40.952975049999999,494
40.955691659999999,483
40.95840827,495
40.96112488,508
40.96384149,486
40.9665581,462
40.969274710000001,530
40.971991320000001,499
40.974707930000001,524
40.977424540000001,524
40.980141150000001,517
40.982857760000002,459
40.985574370000002,467
40.988290980000002,477
40.991007590000002,556
40.993724200000003,524
40.996440810000003,492
40.999157420000003,527
41.001874030000003,533
41.004590639999996,493
41.007307249999997,451
41.010023859999997,501
41.012740469999997,575
41.015457079999997,551
41.018173689999998,510
41.020890299999998,469
41.023606909999998,493
41.026323519999998,497
41.029040129999998,481
41.031756739999999,518
41.034473349999999,542
41.037189959999999,518
41.039906569999999,518
41.04262318,474
41.04533979,497
41.0480564,528
41.05077301,507
41.053489620000001,532
41.056206230000001,522
41.058922840000001,492
41.061639450000001,479
41.064356060000001,479
41.067072670000002,501
41.069789280000002,541
41.072505890000002,554
41.075222500000002,498
41.077939110000003,499
41.080655720000003,524
41.083372330000003,517
41.086088940000003,514
41.088805549999996,513
41.091522159999997,500
41.094238769999997,523
41.096955379999997,513
41.099671989999997,511
41.102388599999998,493
41.105105209999998,492
41.107821819999998,478
41.110538429999998,493
41.113255039999999,529
41.115971649999999,501
41.118688259999999,488
41.121404869999999,524
41.124121479999999,503
41.12683809,499
41.1295547,494
41.13227131,501
41.13498792,527
41.137704530000001,518
41.140421140000001,498
41.143137750000001,478
41.145854360000001,570
41.148570970000002,503
41.151287580000002,503
41.154004190000002,535
41.156720800000002,496
41.159437410000002,522
41.162154020000003,520
41.164870630000003,488
41.167587240000003,480
41.170303849999996,478
41.173020459999996,499
41.175737069999997,462
41.178453679999997,486
41.181170289999997,542
41.183886899999997,520
41.186603509999998,528
41.189320119999998,473
41.192036729999998,503
41.194753339999998,458
41.197469949999999,490
41.200186559999999,507
41.202903169999999,525
41.205619779999999,511
41.208336389999999,511
41.211053,516
41.21376961,479
41.21648622,519
41.21920283,514
41.221919440000001,492
41.224636050000001,498
41.227352660000001,521
41.230069270000001,509
41.232785880000002,508
41.235502490000002,523
41.238219100000002,509
41.240935710000002,532
41.243652320000002,495
41.246368930000003,505
41.249085540000003,503
41.251802150000003,526
41.254518759999996,523
41.257235369999997,496
41.259951979999997,524
41.262668589999997,523
41.265385199999997,477
41.268101809999997,504
41.270818419999998,532
41.273535029999998,488
41.276251639999998,496
41.278968249999998,507
41.281684859999999,503
41.284401469999999,517
41.287118079999999,518
41.289834689999999,498
41.2925513,526
41.29526791,554
41.29798452,489
41.30070113,517
41.30341774,535
41.306134350000001,500
41.308850960000001,491
41.311567570000001,504
41.314284180000001,526
41.317000790000002,497
41.319717400000002,500
41.322434010000002,484
41.325150620000002,503
41.327867230000003,492
41.330583840000003,492
41.333300450000003,521
41.336017060000003,518
41.338733669999996,523
41.341450279999997,525
41.344166889999997,549
41.346883499999997,486
41.349600109999997,526
41.352316719999997,514
41.355033329999998,516
41.357749939999998,489
41.360466549999998,546
41.363183159999998,514
41.365899769999999,535
41.368616379999999,490
41.371332989999999,485
41.374049599999999,505
41.37676621,545
41.37948282,533
41.38219943,533
41.38491604,563
41.38763265,507
41.390349260000001,444
41.393065870000001,502
41.395782480000001,499
41.398499090000001,509
41.401215700000002,477
41.403932310000002,464
41.406648920000002,489
41.409365530000002,502
41.412082140000003,492
41.414798750000003,501
41.417515360000003,518
41.420231970000003,530
41.422948579999996,554
41.425665189999997,438
41.428381799999997,520
41.431098409999997,540
41.433815019999997,474
41.436531629999998,524
41.439248239999998,534
41.441964849999998,492
41.444681459999998,509
41.447398069999998,534
41.450114679999999,502
41.452831289999999,514
41.455547899999999,525
41.458264509999999,543
41.46098112,490
41.46369773,549
41.46641434,497
41.46913095,496
41.47184756,547
41.474564170000001,512
41.477280780000001,480
41.479997390000001,490
41.482714000000001,532
41.485430610000002,508
41.488147220000002,474
41.490863830000002,462
41.493580440000002,506
41.496297050000003,488
41.499013660000003,525
41.501730270000003,512
41.504446880000003,529
41.507163489999996,463
41.509880099999997,483
41.512596709999997,494
41.515313319999997,468
41.518029929999997,504
41.520746539999998,529
41.523463149999998,524
41.526179759999998,504
41.528896369999998,530
41.531612979999998,537
41.534329589999999,501
41.537046199999999,503
41.539762809999999,536
41.542479419999999,524
41.54519603,539
41.54791264,497
41.55062925,457
41.55334586,515
41.556062470000001,490
41.558779080000001,526
41.561495690000001,538
41.564212300000001,492
41.566928910000001,517
41.569645520000002,492
41.572362130000002,531
41.575078740000002,488
41.577795350000002,491
41.580511960000003,531
41.583228570000003,515
41.585945180000003,495
41.588661790000003,505
41.591378399999996,480
41.594095009999997,514
41.596811619999997,472
41.599528229999997,553
41.602244839999997,525
41.604961449999998,511
41.607678059999998,530
41.610394669999998,488
41.613111279999998,454
41.615827889999998,520
41.618544499999999,526
41.621261109999999,504
41.623977719999999,486
41.626694329999999,526
41.62941094,505
41.63212755,500
41.63484416,498
41.63756077,475
41.640277380000001,489
41.642993990000001,516
41.645710600000001,528
41.648427210000001,494
41.651143820000001,521
41.653860430000002,497
41.656577040000002,534
41.659293650000002,498
41.662010260000002,509
41.664726870000003,536
41.667443480000003,526
41.670160090000003,519
41.672876700000003,468
41.675593309999996,535
41.678309919999997,492
41.681026529999997,522
41.683743139999997,507
41.686459749999997,463
41.689176359999998,505
41.691892969999998,526
41.694609579999998,508
41.697326189999998,511
41.700042799999999,511
41.702759409999999,540
41.705476019999999,533
41.708192629999999,491
41.710909239999999,484
41.71362585,484
41.71634246,514
41.71905907,513
41.72177568,485
41.724492290000001,464
41.727208900000001,510
41.729925510000001,524
41.732642120000001,497
41.735358730000002,505
41.738075340000002,523
41.740791950000002,508
41.743508560000002,543
41.746225170000002,511
41.748941780000003,499
41.751658390000003,526
41.754375000000003,499
41.757091609999996,537
41.759808219999996,512
41.762524829999997,534
41.765241439999997,495
41.767958049999997,511
41.770674659999997,528
41.773391269999998,527
41.776107879999998,524
41.778824489999998,492
41.781541099999998,495
41.784257709999999,543
41.786974319999999,492
41.789690929999999,553
41.792407539999999,486
41.795124149999999,495
41.79784076,515
41.80055737,532
41.80327398,495
41.80599059,485
41.808707200000001,549
41.811423810000001,553
41.814140420000001,509
41.816857030000001,519
41.819573640000002,523
41.822290250000002,482
41.825006860000002,518
41.827723470000002,480
41.830440080000002,548
41.833156690000003,500
41.835873300000003,535
41.838589910000003,531
41.841306519999996,533
41.844023129999997,490
41.846739739999997,527
41.849456349999997,513
41.852172959999997,524
41.854889569999997,526
41.857606179999998,528
41.860322789999998,532
41.863039399999998,454
41.865756009999998,521
41.868472619999999,508
41.871189229999999,490
41.873905839999999,513
41.876622449999999,505
41.87933906,516
41.88205567,519
41.88477228,514
41.88748889,469
41.8902055,517
41.892922110000001,483
41.895638720000001,510
41.898355330000001,482
41.901071940000001,507
41.903788550000002,489
41.906505160000002,530
41.909221770000002,526
41.911938380000002,494
41.914654990000002,478
41.917371600000003,546
41.920088210000003,497
41.922804820000003,498
41.925521429999996,516
41.928238039999997,491
41.930954649999997,501
41.933671259999997,527
41.936387869999997,521
41.939104479999997,511
41.941821089999998,535
41.944537699999998,505
41.947254309999998,503
41.949970919999998,516
41.952687529999999,499
41.955404139999999,510
41.958120749999999,483
41.960837359999999,548
41.96355397,520
41.96627058,503
41.96898719,499
41.9717038,547
41.97442041,491
41.977137020000001,531
41.979853630000001,497
41.982570240000001,497
41.985286850000001,526
41.988003460000002,485
41.990720070000002,497
41.993436680000002,502
41.996153290000002,496
41.998869900000003,539
42.001586510000003,542
42.004303120000003,529
42.007019730000003,527
42.009736339999996,509
42.012452949999997,523
42.015169559999997,504
42.017886169999997,510
42.020602779999997,518
42.023319389999997,541
42.026035999999998,526
42.028752609999998,541
42.031469219999998,535
42.034185829999998,531
42.036902439999999,519
42.039619049999999,523
42.042335659999999,505
42.045052269999999,503
42.04776888,470
42.05048549,530
42.0532021,538
42.05591871,517
42.05863532,550
42.061351930000001,543
42.064068540000001,483
42.066785150000001,483
42.069501760000001,514
42.072218370000002,527
42.074934980000002,523
42.077651590000002,515
42.080368200000002,480
42.083084810000003,502
42.085801420000003,522
42.088518030000003,505
42.091234640000003,528
42.093951249999996,482
42.096667859999997,498
42.099384469999997,464
42.102101079999997,458
42.104817689999997,503
42.107534299999998,507
42.110250909999998,560
42.112967519999998,469
42.115684129999998,500
42.118400739999998,465
42.121117349999999,485
42.123833959999999,532
42.126550569999999,517
42.129267179999999,521
42.13198379,541
42.1347004,503
42.13741701,435
42.14013362,469
42.142850230000001,526
42.145566840000001,514
42.148283450000001,508
42.151000060000001,483
42.153716670000001,524
42.156433280000002,516
42.159149890000002,514
42.161866500000002,481
42.164583110000002,535
42.167299720000003,545
42.170016330000003,494
42.172732940000003,507
42.175449550000003,489
42.178166159999996,526
42.180882769999997,507
42.183599379999997,545
42.186315989999997,550
42.189032599999997,544
42.191749209999998,503
42.194465819999998,497
42.197182429999998,462
42.199899039999998,499
42.202615649999998,537
42.205332259999999,494
42.208048869999999,504
42.210765479999999,500
42.213482089999999,496
42.2161987,481
42.21891531,505
42.22163192,555
42.22434853,519
42.227065140000001,572
42.229781750000001,501
42.232498360000001,489
42.235214970000001,486
42.237931580000001,498
42.240648190000002,494
42.243364800000002,570
42.246081410000002,518
42.248798020000002,518
42.251514630000003,558
42.254231240000003,572
42.256947850000003,505
42.259664460000003,490
42.262381069999996,547
42.265097679999997,495
42.267814289999997,494
42.270530899999997,533
42.273247509999997,531
42.275964119999998,532
42.278680729999998,530
42.281397339999998,517
42.284113949999998,524
42.286830559999999,536
42.289547169999999,501
42.292263779999999,518
42.294980389999999,557
42.297696999999999,497
42.30041361,526
42.30313022,528
42.30584683,525
42.30856344,559
42.311280050000001,533
42.313996660000001,509
42.316713270000001,532
42.319429880000001,507
42.322146490000002,507
42.324863100000002,527
42.327579710000002,559
42.330296320000002,490
42.333012930000002,473
42.335729540000003,522
42.338446150000003,517
42.341162760000003,511
42.343879369999996,492
42.346595979999996,549
42.349312589999997,511
42.352029199999997,531
42.354745809999997,522
42.357462419999997,546
42.360179029999998,554
42.362895639999998,528
42.365612249999998,501
42.368328859999998,550
42.371045469999999,545
42.373762079999999,545
42.376478689999999,520
42.379195299999999,511
42.381911909999999,517
42.38462852,501
42.38734513,550
42.39006174,520
42.39277835,570
42.395494960000001,592
42.398211570000001,559
42.400928180000001,515
42.403644790000001,521
42.406361400000002,557
42.409078010000002,544
42.411794620000002,501
42.414511230000002,478
42.417227840000002,508
42.419944450000003,564
42.422661060000003,511
42.425377670000003,546
42.428094279999996,555
42.430810889999997,543
42.433527499999997,499
42.436244109999997,540
42.438960719999997,565
42.441677329999997,544
42.444393939999998,518
42.447110549999998,551
42.449827159999998,541
42.452543769999998,508
42.455260379999999,514
42.457976989999999,493
42.460693599999999,509
42.463410209999999,563
42.466126819999999,496
42.46884343,518
42.47156004,528
42.47427665,522
42.47699326,503
42.479709870000001,529
42.482426480000001,514
42.485143090000001,522
42.487859700000001,595
42.490576310000002,539
42.493292920000002,549
42.496009530000002,560
42.498726140000002,522
42.501442750000002,534
42.504159360000003,524
42.506875970000003,463
42.509592580000003,516
42.512309189999996,517
42.515025799999997,507
42.517742409999997,527
42.520459019999997,560
42.523175629999997,536
42.525892239999997,539
42.528608849999998,562
42.531325459999998,517
42.534042069999998,530
42.536758679999998,550
42.539475289999999,547
42.542191899999999,508
42.544908509999999,525
42.547625119999999,494
42.55034173,486
42.55305834,518
42.55577495,547
42.55849156,518
42.56120817,544
42.563924780000001,515
42.566641390000001,534
42.569358000000001,500
42.572074610000001,551
42.574791220000002,541
42.577507830000002,468
42.580224440000002,562
42.582941050000002,584
42.585657660000003,535
42.588374270000003,479
42.591090880000003,513
42.593807490000003,537
42.596524099999996,565
42.599240709999997,534
42.601957319999997,534
42.604673929999997,580
42.607390539999997,518
42.610107149999997,496
42.612823759999998,505
42.615540369999998,501
42.618256979999998,526
42.620973589999998,536
42.623690199999999,535
42.626406809999999,515
42.629123419999999,526
42.631840029999999,505
42.63455664,510
42.63727325,577
42.63998986,562
42.64270647,526
42.64542308,532
42.648139690000001,523
42.650856300000001,545
42.653572910000001,550
42.656289520000001,555
42.659006130000002,548
42.661722740000002,546
42.664439350000002,537
42.667155960000002,567
42.669872570000003,520
42.672589180000003,527
42.675305790000003,516
42.678022400000003,576
42.680739009999996,522
42.683455619999997,524
42.686172229999997,544
42.688888839999997,515
42.691605449999997,519
42.694322059999998,547
42.697038669999998,498
42.699755279999998,556
42.702471889999998,517
42.705188499999998,523
42.707905109999999,514
42.710621719999999,525
42.713338329999999,571
42.716054939999999,550
42.71877155,535
42.72148816,496
42.72420477,523
42.72692138,539
42.729637990000001,548
42.732354600000001,552
42.735071210000001,573
42.737787820000001,520
42.740504430000001,529
42.743221040000002,517
42.745937650000002,514
42.748654260000002,514
42.751370870000002,549
42.754087480000003,510
42.756804090000003,488
42.759520700000003,534
42.762237310000003,541
42.764953919999996,523
42.767670529999997,567
42.770387139999997,522
42.773103749999997,558
42.775820359999997,475
42.778536969999998,509
42.781253579999998,535
42.783970189999998,521
42.786686799999998,499
42.789403409999998,543
42.792120019999999,508
42.794836629999999,495
42.797553239999999,538
42.800269849999999,550
42.80298646,564
42.80570307,505
42.80841968,526
42.81113629,544
42.813852900000001,506
42.816569510000001,551
42.819286120000001,545
42.822002730000001,548
42.824719340000001,539
42.827435950000002,560
42.830152560000002,517
42.832869170000002,474
42.835585780000002,522
42.838302390000003,554
42.841019000000003,571
42.843735610000003,536
42.846452220000003,509
42.849168829999996,557
42.851885439999997,546
42.854602049999997,546
42.857318659999997,503
42.860035269999997,508
42.862751879999998,531
42.865468489999998,531
42.868185099999998,542
42.870901709999998,552
42.873618319999999,511
42.876334929999999,522
42.879051539999999,577
42.881768149999999,549
42.884484759999999,550
42.88720137,477
42.88991798,521
42.89263459,505
42.8953512,509
42.898067810000001,519
42.900784420000001,548
42.903501030000001,544
42.906217640000001,540
42.908934250000001,510
42.911650860000002,545
42.914367470000002,540
42.917084080000002,552
42.919800690000002,528
42.922517300000003,520
42.925233910000003,513
42.927950520000003,544
42.930667129999996,524
42.933383739999996,486
42.936100349999997,547
42.938816959999997,539
42.941533569999997,497
42.944250179999997,534
42.946966789999998,521
42.949683399999998,597
42.952400009999998,547
42.955116619999998,541
42.957833229999999,521
42.960549839999999,526
42.963266449999999,547
42.965983059999999,485
42.968699669999999,511
42.97141628,548
42.97413289,539
42.9768495,564
42.97956611,529
42.982282720000001,560
42.984999330000001,509
42.987715940000001,500
42.990432550000001,495
42.993149160000002,518
42.995865770000002,538
42.998582380000002,513
43.001298990000002,535
43.004015600000002,551
43.006732210000003,509
43.009448820000003,554
43.012165430000003,524
43.014882039999996,525
43.017598649999996,567
43.020315259999997,487
43.023031869999997,538
43.025748479999997,536
43.028465089999997,517
43.031181699999998,546
43.033898309999998,545
43.036614919999998,532
43.039331529999998,541
43.042048139999999,527
43.044764749999999,512
43.047481359999999,546
43.050197969999999,517
43.052914579999999,494
43.05563119,558
43.0583478,488
43.06106441,528
43.06378102,520
43.066497630000001,495
43.069214240000001,521
43.071930850000001,526
43.074647460000001,512
43.077364070000002,523
43.080080680000002,518
43.082797290000002,518
43.085513900000002,542
43.088230510000002,493
43.090947120000003,483
43.093663730000003,515
43.096380340000003,552
43.099096949999996,560
43.101813559999997,518
43.104530169999997,539
43.107246779999997,488
43.109963389999997,493
43.112679999999997,530
43.115396609999998,499
43.118113219999998,525
43.120829829999998,498
43.123546439999998,543
43.126263049999999,534
43.128979659999999,533
43.131696269999999,508
43.134412879999999,505
43.13712949,507
43.1398461,534
43.14256271,463
43.14527932,520
43.14799593,506
43.150712540000001,535
43.153429150000001,507
43.156145760000001,535
43.158862370000001,505
43.161578980000002,503
43.164295590000002,520
43.167012200000002,502
43.169728810000002,510
43.172445420000003,533
43.175162030000003,517
43.177878640000003,521
43.180595250000003,492
43.183311859999996,527
43.186028469999997,487
43.188745079999997,520
43.191461689999997,508
43.194178299999997,477
43.196894909999997,479
43.199611519999998,457
43.202328129999998,537
43.205044739999998,574
43.207761349999998,554
43.210477959999999,509
43.213194569999999,497
43.215911179999999,499
43.218627789999999,494
43.2213444,473
43.22406101,536
43.22677762,503
43.22949423,515
43.23221084,489
43.234927450000001,521
43.237644060000001,546
43.240360670000001,520
43.243077280000001,505
43.245793890000002,524
43.248510500000002,507
43.251227110000002,455
43.253943720000002,508
43.256660330000003,529
43.259376940000003,486
43.262093550000003,507
43.264810160000003,479
43.267526769999996,514
43.270243379999997,495
43.272959989999997,525
43.275676599999997,504
43.278393209999997,498
43.281109819999998,490
43.283826429999998,507
43.286543039999998,531
43.289259649999998,484
43.291976259999998,510
43.294692869999999,488
43.297409479999999,486
43.300126089999999,493
43.302842699999999,499
43.30555931,540
43.30827592,491
43.31099253,524
43.31370914,486
43.316425750000001,534
43.319142360000001,467
43.321858970000001,544
43.324575580000001,498
43.327292190000001,500
43.330008800000002,502
43.332725410000002,517
43.335442020000002,488
43.338158630000002,537
43.340875240000003,522
43.343591850000003,510
43.346308460000003,477
43.349025070000003,505
43.351741679999996,504
43.354458289999997,544
43.357174899999997,481
43.359891509999997,522
43.362608119999997,501
43.365324729999998,522
43.368041339999998,486
43.370757949999998,560
43.373474559999998,472
43.376191169999998,469
43.378907779999999,502
43.381624389999999,502
43.384340999999999,515
43.387057609999999,505
43.38977422,491
43.39249083,513
43.39520744,515
43.39792405,464
43.400640660000001,476
43.403357270000001,461
43.406073880000001,486
43.408790490000001,515
43.411507100000001,461
43.414223710000002,485
43.416940320000002,506
43.419656930000002,490
43.422373540000002,496
43.425090150000003,487
43.427806760000003,476
43.430523370000003,472
43.433239980000003,521
43.435956589999996,511
43.438673199999997,503
43.441389809999997,511
43.444106419999997,529
43.446823029999997,440
43.449539639999998,483
43.452256249999998,520
43.454972859999998,526
43.457689469999998,531
43.460406079999998,520
43.463122689999999,535
43.465839299999999,506
43.468555909999999,499
43.471272519999999,514
43.47398913,481
43.47670574,495
43.47942235,504
43.48213896,521
43.484855570000001,456
43.487572180000001,516
43.490288790000001,521
43.493005400000001,468
43.495722010000001,497
43.498438620000002,494
43.501155230000002,514
43.503871840000002,501
43.506588450000002,498
43.509305060000003,460
43.512021670000003,495
43.514738280000003,452
43.517454889999996,492
43.520171499999996,506
43.522888109999997,496
43.525604719999997,496
43.528321329999997,512
43.531037939999997,485
43.533754549999998,485
43.536471159999998,489
43.539187769999998,516
43.541904379999998,544
43.544620989999999,500
43.547337599999999,484
43.550054209999999,506
43.552770819999999,541
43.555487429999999,502
43.55820404,497
43.56092065,467
43.56363726,513
43.56635387,478
43.569070480000001,515
43.571787090000001,481
43.574503700000001,497
43.577220310000001,487
43.579936920000002,484
43.582653530000002,457
43.585370140000002,502
43.588086750000002,508
43.590803360000002,520
43.593519970000003,508
43.596236580000003,473
43.598953190000003,527
43.601669799999996,498
43.604386409999996,541
43.607103019999997,497
43.609819629999997,440
43.612536239999997,528
43.615252849999997,467
43.617969459999998,497
43.620686069999998,481
43.623402679999998,484
43.626119289999998,508
43.628835899999999,494
43.631552509999999,520
43.634269119999999,510
43.636985729999999,508
43.639702339999999,483
43.64241895,477
43.64513556,523
43.64785217,520
43.65056878,497
43.653285390000001,491
43.656002000000001,499
43.658718610000001,489
43.661435220000001,503
43.664151830000002,522
43.666868440000002,500
43.669585050000002,510
43.672301660000002,486
43.675018270000002,481
43.677734880000003,470
43.680451490000003,521
43.683168100000003,518
43.685884709999996,501
43.688601319999997,490
43.691317929999997,511
43.694034539999997,479
43.696751149999997,497
43.699467759999997,467
43.702184369999998,487
43.704900979999998,512
43.707617589999998,512
43.710334199999998,517
43.713050809999999,504
43.715767419999999,484
43.718484029999999,521
43.721200639999999,477
43.72391725,530
43.72663386,481
43.72935047,513
43.73206708,472
43.73478369,505
43.737500300000001,519
43.740216910000001,550
43.742933520000001,527
43.745650130000001,541
43.748366740000002,520
43.751083350000002,500
43.753799960000002,453
43.756516570000002,477
43.759233180000003,437
43.761949790000003,483
43.764666400000003,462
43.767383010000003,505
43.770099619999996,487
43.772816229999997,460
43.775532839999997,502
43.778249449999997,502
43.780966059999997,467
43.783682669999997,490
43.786399279999998,510
43.789115889999998,443
43.791832499999998,471
43.794549109999998,481
43.797265719999999,499
43.799982329999999,448
43.802698939999999,510
43.805415549999999,470
43.80813216,486
43.81084877,474
43.81356538,489
43.81628199,493
43.8189986,453
43.821715210000001,510
43.824431820000001,461
43.827148430000001,478
43.829865040000001,466
43.832581650000002,502
43.835298260000002,490
43.838014870000002,461
43.840731480000002,515
43.843448090000003,492
43.846164700000003,461
43.848881310000003,463
43.851597920000003,425
43.854314529999996,490
43.857031139999997,479
43.859747749999997,468
43.862464359999997,462
43.865180969999997,476
43.867897579999998,465
43.870614189999998,514
43.873330799999998,482
43.876047409999998,471
43.878764019999998,505
43.881480629999999,479
43.884197239999999,510
43.886913849999999,455
43.889630459999999,519
43.89234707,444
43.89506368,476
43.89778029,522
43.9004969,463
43.90321351,449
43.905930120000001,454
43.908646730000001,443
43.911363340000001,448
43.914079950000001,479
43.916796560000002,485
43.919513170000002,462
43.922229780000002,477
43.924946390000002,465
43.927663000000003,442
43.930379610000003,475
43.933096220000003,447
43.935812830000003,490
43.938529439999996,493
43.941246049999997,477
43.943962659999997,475
43.946679269999997,470
43.949395879999997,434
43.952112489999998,493
43.954829099999998,454
43.957545709999998,485
43.960262319999998,478
43.962978929999998,495
43.965695539999999,454
43.968412149999999,484
43.971128759999999,444
43.973845369999999,453
43.97656198,471
43.97927859,494
43.9819952,464
43.98471181,445
43.987428420000001,479
43.990145030000001,459
43.992861640000001,435
43.995578250000001,471
43.998294860000001,442
44.001011470000002,493
44.003728080000002,441
44.006444690000002,435
44.009161300000002,479
44.011877910000003,441
44.014594520000003,462
44.017311130000003,418
44.020027739999996,473
44.022744349999996,439
44.025460959999997,438
44.028177569999997,475
44.030894179999997,427
44.033610789999997,483
44.036327399999998,485
44.039044009999998,482
44.041760619999998,471
44.044477229999998,452
44.047193839999998,465
44.049910449999999,472
44.052627059999999,465
44.055343669999999,465
44.058060279999999,451
44.06077689,447
44.0634935,453
44.06621011,492
44.06892672,422
44.071643330000001,437
44.074359940000001,427
44.077076550000001,424
44.079793160000001,423
44.082509770000001,435
44.085226380000002,483
44.087942990000002,433
44.090659600000002,433
44.093376210000002,441
44.096092820000003,444
44.098809430000003,418
44.101526040000003,442
44.104242649999996,464
44.106959259999996,465
44.109675869999997,451
44.112392479999997,434
44.115109089999997,415
44.117825699999997,472
44.120542309999998,439
44.123258919999998,452
44.125975529999998,402
44.128692139999998,475
44.131408749999999,438
44.134125359999999,452
44.136841969999999,435
44.139558579999999,438
44.142275189999999,441
44.1449918,475
44.14770841,435
44.15042502,421
44.15314163,466
44.155858240000001,475
44.158574850000001,467
44.161291460000001,478
44.164008070000001,417
44.166724680000002,485
44.169441290000002,422
44.172157900000002,456
44.174874510000002,473
44.177591120000002,440
44.180307730000003,492
44.183024340000003,424
44.185740950000003,467
44.188457559999996,482
44.191174169999996,439
44.193890779999997,464
44.196607389999997,467
44.199323999999997,457
44.202040609999997,467
44.204757219999998,443
44.207473829999998,413
44.210190439999998,405
44.212907049999998,440
44.215623659999999,500
44.218340269999999,451
44.221056879999999,435
44.223773489999999,430
44.226490099999999,406
44.22920671,468
44.23192332,441
44.23463993,415
44.23735654,461
44.240073150000001,435
44.242789760000001,440
44.245506370000001,454
44.248222980000001,423
44.250939590000002,454
44.253656200000002,488
44.256372810000002,442
44.259089420000002,418
44.261806030000002,461
44.264522640000003,442
44.267239250000003,446
44.269955860000003,466
44.272672469999996,462
44.275389079999997,439
44.278105689999997,407
44.280822299999997,442
44.283538909999997,438
44.286255519999997,461
44.288972129999998,430
44.291688739999998,431
44.294405349999998,472
44.297121959999998,437
44.299838569999999,471
44.302555179999999,438
44.305271789999999,445
44.307988399999999,448
44.31070501,407
44.31342162,468
44.31613823,503
44.31885484,435
44.32157145,495
44.324288060000001,463
44.327004670000001,418
44.329721280000001,441
44.332437890000001,435
44.335154500000002,450
44.337871110000002,406
44.340587720000002,440
44.343304330000002,456
44.346020940000002,435
44.348737550000003,430
44.351454160000003,419
44.354170770000003,450
44.356887379999996,377
44.359603989999997,485
44.362320599999997,440
44.365037209999997,451
44.367753819999997,473
44.370470429999997,494
44.373187039999998,456
44.375903649999998,475
44.378620259999998,440
44.381336869999998,421
44.384053479999999,447
44.386770089999999,456
44.389486699999999,455
44.392203309999999,478
44.39491992,470
44.39763653,422
44.40035314,466
44.40306975,387
44.40578636,453
44.408502970000001,420
44.411219580000001,406
44.413936190000001,427
44.416652800000001,391
44.419369410000002,469
44.422086020000002,456
44.424802630000002,453
44.427519240000002,455
44.430235850000003,462
44.432952460000003,409
44.435669070000003,468
44.438385680000003,445
44.441102289999996,462
44.443818899999997,429
44.446535509999997,433
44.449252119999997,433
44.451968729999997,464
44.454685339999997,423
44.457401949999998,418
44.460118559999998,436
44.462835169999998,424
44.465551779999998,420
44.468268389999999,431
44.470984999999999,407
44.473701609999999,415
44.476418219999999,406
44.47913483,444
44.48185144,407
44.48456805,447
44.48728466,405
44.49000127,456
44.492717880000001,448
44.495434490000001,438
44.498151100000001,440
44.500867710000001,437
44.503584320000002,440
44.506300930000002,450
44.509017540000002,412
44.511734150000002,425
44.514450760000003,460
44.517167370000003,438
44.519883980000003,464
44.522600590000003,453
44.525317199999996,434
44.528033809999997,432
44.530750419999997,467
44.533467029999997,426
44.536183639999997,396
44.538900249999998,436
44.541616859999998,433
44.544333469999998,469
44.547050079999998,457
44.549766689999998,432
44.552483299999999,421
44.555199909999999,435
44.557916519999999,452
44.560633129999999,379
44.56334974,456
44.56606635,421
44.56878296,444
44.57149957,442
44.574216180000001,410
44.576932790000001,429
44.579649400000001,450
44.582366010000001,415
44.585082620000001,412
44.587799230000002,410
44.590515840000002,416
44.593232450000002,445
44.595949060000002,434
44.598665670000003,481
44.601382280000003,433
44.604098890000003,440
44.606815499999996,428
44.609532109999996,434
44.612248719999997,421
44.614965329999997,447
44.617681939999997,433
44.620398549999997,461
44.623115159999998,436
44.625831769999998,458
44.628548379999998,412
44.631264989999998,457
44.633981599999998,403
44.636698209999999,457
44.639414819999999,453
44.642131429999999,430
44.644848039999999,464
44.64756465,412
44.65028126,416
44.65299787,414
44.65571448,430
44.658431090000001,436
44.661147700000001,388
44.663864310000001,407
44.666580920000001,465
44.669297530000001,432
44.672014140000002,437
44.674730750000002,430
44.677447360000002,461
44.680163970000002,437
44.682880580000003,422
44.685597190000003,436
44.688313800000003,411
44.691030409999996,446
44.693747019999996,434
44.696463629999997,434
44.699180239999997,464
44.701896849999997,451
44.704613459999997,444
44.707330069999998,457
44.710046679999998,419
44.712763289999998,477
44.715479899999998,409
44.718196509999999,494
44.720913119999999,457
44.723629729999999,405
44.726346339999999,435
44.729062949999999,459
44.73177956,433
44.73449617,443
44.73721278,424
44.73992939,405
44.742646000000001,410
44.745362610000001,425
44.748079220000001,454
44.750795830000001,405
44.753512440000002,418
44.756229050000002,397
44.758945660000002,409
44.761662270000002,406
44.764378880000002,424
44.767095490000003,405
44.769812100000003,431
44.772528710000003,461
44.775245319999996,450
44.777961929999996,430
44.780678539999997,446
44.783395149999997,420
44.786111759999997,435
44.788828369999997,394
44.791544979999998,447
44.794261589999998,411
44.796978199999998,417
44.799694809999998,440
44.802411419999999,424
44.805128029999999,425
44.807844639999999,436
44.810561249999999,435
44.813277859999999,465
44.81599447,418
44.81871108,422
44.82142769,438
44.8241443,420
44.826860910000001,425
44.829577520000001,463
44.832294130000001,405
44.835010740000001,431
44.837727350000002,445
44.840443960000002,423
44.843160570000002,460
44.845877180000002,464
44.848593790000002,471
44.851310400000003,406
44.854027010000003,457
44.856743620000003,457
44.859460229999996,416
44.862176839999997,443
44.864893449999997,415
44.867610059999997,415
44.870326669999997,444
44.873043279999997,428
44.875759889999998,425
44.878476499999998,405
44.881193109999998,361
44.883909719999998,396
44.886626329999999,444
44.889342939999999,460
44.892059549999999,490
44.894776159999999,416
44.897492769999999,402
44.90020938,433
44.90292599,418
44.9056426,447
44.90835921,444
44.911075820000001,418
44.913792430000001,404
44.916509040000001,465
44.919225650000001,380
44.921942260000002,454
44.924658870000002,462
44.927375480000002,397
44.930092090000002,470
44.932808700000002,443
44.935525310000003,416
44.938241920000003,410
44.940958530000003,451
44.943675139999996,443
44.946391749999997,456
44.949108359999997,459
44.951824969999997,410
44.954541579999997,433
44.957258189999997,460
44.959974799999998,436
44.962691409999998,415
44.965408019999998,434
44.968124629999998,417
44.970841239999999,432
44.973557849999999,373
44.976274459999999,444
44.978991069999999,405
44.98170768,432
44.98442429,448
44.9871409,409
44.98985751,435
44.99257412,386
44.995290730000001,443
44.998007340000001,437
45.000723950000001,417
45.003440560000001,435
45.006157170000002,423
45.008873780000002,428
45.011590390000002,385
45.014307000000002,452
45.017023610000003,430
45.019740220000003,412
45.022456830000003,443
45.025173440000003,402
45.027890049999996,420
45.030606659999997,435
45.033323269999997,442
45.036039879999997,408
45.038756489999997,421
45.041473099999997,427
45.044189709999998,442
45.046906319999998,406
45.049622929999998,421
45.052339539999998,418
45.055056149999999,413
45.057772759999999,441
45.060489369999999,402
45.063205979999999,423
45.06592259,427
45.0686392,409
45.07135581,397
45.07407242,417
45.07678903,443
45.079505640000001,430
45.082222250000001,440
45.084938860000001,435
45.087655470000001,459
45.090372080000002,401
45.093088690000002,404
45.095805300000002,438
45.098521910000002,418
45.101238520000003,431
45.103955130000003,455
45.106671740000003,442
45.109388350000003,445
45.112104959999996,426
45.114821569999997,416
45.117538179999997,363
45.120254789999997,400
45.122971399999997,440
45.125688009999998,489
45.128404619999998,442
45.131121229999998,409
45.133837839999998,429
45.136554449999998,454
45.139271059999999,401
45.141987669999999,410
45.144704279999999,412
45.147420889999999,432
45.1501375,435
45.15285411,425
45.15557072,448
45.15828733,417
45.161003940000001,414
45.163720550000001,445
45.166437160000001,414
45.169153770000001,439
45.171870380000001,389
45.174586990000002,410
45.177303600000002,418
45.180020210000002,431
45.182736820000002,414
45.185453430000003,422
45.188170040000003,401
45.190886650000003,421
45.193603259999996,400
45.196319869999996,395
45.199036479999997,405
45.201753089999997,429
45.204469699999997,421
45.207186309999997,416
45.209902919999998,372
45.212619529999998,440
45.215336139999998,417
45.218052749999998,434
45.220769359999998,436
45.223485969999999,410
45.226202579999999,441
45.228919189999999,405
45.231635799999999,408
45.23435241,427
45.23706902,408
45.23978563,434
45.24250224,403
45.245218850000001,416
45.247935460000001,416
45.250652070000001,459
45.253368680000001,400
45.256085290000001,416
45.258801900000002,444
45.261518510000002,424
45.264235120000002,423
45.266951730000002,427
45.269668340000003,423
45.272384950000003,394
45.275101560000003,431
45.277818169999996,415
45.280534779999996,370
45.283251389999997,423
45.285967999999997,441
45.288684609999997,427
45.291401219999997,446
45.294117829999998,455
45.296834439999998,417
45.299551049999998,446
45.302267659999998,424
45.304984269999999,449
45.307700879999999,412
45.310417489999999,424
45.313134099999999,431
45.315850709999999,460
45.31856732,446
45.32128393,426
45.32400054,396
45.32671715,423
45.329433760000001,472
45.332150370000001,439
45.334866980000001,458
45.337583590000001,441
45.340300200000001,401
45.343016810000002,416
45.345733420000002,429
45.348450030000002,406
45.351166640000002,449
45.353883250000003,416
45.356599860000003,433
45.359316470000003,421
45.362033079999996,394
45.364749689999996,385
45.367466299999997,411
45.370182909999997,423
45.372899519999997,433
45.375616129999997,408
45.378332739999998,378
45.381049349999998,434
45.383765959999998,404
45.386482569999998,394
45.389199179999999,369
45.391915789999999,417
45.394632399999999,431
45.397349009999999,432
45.400065619999999,426
45.40278223,409
45.40549884,384
45.40821545,397
45.41093206,404
45.413648670000001,418
45.416365280000001,425
45.419081890000001,401
45.421798500000001,430
45.424515110000002,443
45.427231720000002,383
45.429948330000002,418
45.432664940000002,399
45.435381550000002,425
45.438098160000003,411
45.440814770000003,396
45.443531380000003,403
45.446247989999996,450
45.448964599999996,421
45.451681209999997,471
45.454397819999997,444
45.457114429999997,422
45.459831039999997,444
45.462547649999998,367
45.465264259999998,409
45.467980869999998,441
45.470697479999998,437
45.473414089999999,388
45.476130699999999,423
45.478847309999999,426
45.481563919999999,421
45.484280529999999,376
45.48699714,375
45.48971375,420
45.49243036,424
45.49514697,427
45.497863580000001,412
45.500580190000001,462
45.503296800000001,411
45.506013410000001,411
45.508730020000002,437
45.511446630000002,399
45.514163240000002,441
45.516879850000002,428
45.519596460000002,457
45.522313070000003,441
45.525029680000003,433
45.527746290000003,368
45.530462899999996,394
45.533179509999997,409
45.535896119999997,434
45.538612729999997,472
45.541329339999997,399
45.544045949999997,411
45.546762559999998,421
45.549479169999998,395
45.552195779999998,412
45.554912389999998,442
45.557628999999999,433
45.560345609999999,432
45.563062219999999,406
45.565778829999999,424
45.56849544,415
45.57121205,406
45.57392866,424
45.57664527,449
45.57936188,393
45.582078490000001,415
45.584795100000001,451
45.587511710000001,433
45.590228320000001,441
45.592944930000002,382
45.595661540000002,419
45.598378150000002,409
45.601094760000002,439
45.603811370000003,422
45.606527980000003,449
45.609244590000003,416
45.611961200000003,417
45.614677809999996,414
45.617394419999997,410
45.620111029999997,392
45.622827639999997,414
45.625544249999997,383
45.628260859999997,429
45.630977469999998,395
45.633694079999998,405
45.636410689999998,411
45.639127299999998,430
45.641843909999999,418
45.644560519999999,385
45.647277129999999,434
45.649993739999999,401
45.65271035,435
45.65542696,449
45.65814357,430
45.66086018,410
45.66357679,388
45.666293400000001,414
45.669010010000001,410
45.671726620000001,421
45.674443230000001,430
45.677159840000002,430
45.679876450000002,443
45.682593060000002,439
45.685309670000002,384
45.688026280000003,430
45.690742890000003,402
45.693459500000003,475
45.696176110000003,421
45.698892719999996,387
45.701609329999997,430
45.704325939999997,431
45.707042549999997,433
45.709759159999997,446
45.712475769999998,453
45.715192379999998,432
45.717908989999998,434
45.720625599999998,449
45.723342209999998,405
45.726058819999999,419
45.728775429999999,477
45.731492039999999,435
45.734208649999999,401
45.73692526,430
45.73964187,410
45.74235848,421
45.74507509,447
45.747791700000001,463
45.750508310000001,410
45.753224920000001,395
45.755941530000001,425
45.758658140000001,430
45.761374750000002,447
45.764091360000002,393
45.766807970000002,453
45.769524580000002,436
45.772241190000003,415
45.774957800000003,432
45.777674410000003,392
45.780391019999996,410
45.783107629999996,461
45.785824239999997,409
45.788540849999997,423
45.791257459999997,414
45.793974069999997,444
45.796690679999998,413
45.799407289999998,392
45.802123899999998,425
45.804840509999998,429
45.807557119999998,407
45.810273729999999,421
45.812990339999999,399
45.815706949999999,410
45.818423559999999,415
45.82114017,402
45.82385678,404
45.82657339,411
45.82929,414
45.832006610000001,412
45.834723220000001,408
45.837439830000001,402
45.840156440000001,455
45.842873050000001,407
45.845589660000002,382
45.848306270000002,395
45.851022880000002,422
45.853739490000002,413
45.856456100000003,416
45.859172710000003,432
45.861889320000003,428
45.864605929999996,411
45.867322539999996,382
45.870039149999997,426
45.872755759999997,412
45.875472369999997,443
45.878188979999997,448
45.880905589999998,451
45.883622199999998,417
45.886338809999998,432
45.889055419999998,417
45.891772029999998,418
45.894488639999999,440
45.897205249999999,415
45.899921859999999,444
45.902638469999999,389
45.90535508,435
45.90807169,417
45.9107883,406
45.91350491,433
45.916221520000001,396
45.918938130000001,419
45.921654740000001,413
45.924371350000001,426
45.927087960000001,406
45.929804570000002,442
45.932521180000002,355
45.935237790000002,404
45.937954400000002,442
45.940671010000003,441
45.943387620000003,441
45.946104230000003,416
45.948820839999996,419
45.951537449999996,440
45.954254059999997,436
45.956970669999997,454
45.959687279999997,405
45.962403889999997,422
45.965120499999998,448
45.967837109999998,363
45.970553719999998,451
45.973270329999998,391
45.975986939999999,441
45.978703549999999,468
45.981420159999999,436
45.984136769999999,428
45.986853379999999,440
45.98956999,425
45.9922866,385
45.99500321,388
45.99771982,392
46.000436430000001,432
46.003153040000001,410
46.005869650000001,456
46.008586260000001,464
46.011302870000002,429
46.014019480000002,369
46.016736090000002,438
46.019452700000002,377
46.022169310000002,421
46.024885920000003,430
46.027602530000003,407
46.030319140000003,460
46.033035749999996,425
46.035752359999996,436
46.038468969999997,450
46.041185579999997,429
46.043902189999997,442
46.046618799999997,408
46.049335409999998,417
46.052052019999998,424
46.054768629999998,421
46.057485239999998,468
46.060201849999999,408
46.062918459999999,400
46.065635069999999,404
46.068351679999999,410
46.071068289999999,421
46.0737849,441
46.07650151,397
46.07921812,439
46.08193473,409
46.084651340000001,394
46.087367950000001,430
46.090084560000001,396
46.092801170000001,397
46.095517780000002,459
46.098234390000002,401
46.100951000000002,467
46.103667610000002,449
46.106384220000002,418
46.109100830000003,410
46.111817440000003,451
46.114534050000003,411
46.117250659999996,420
46.119967269999997,429
46.122683879999997,420
46.125400489999997,417
46.128117099999997,391
46.130833709999997,447
46.133550319999998,422
46.136266929999998,421
46.138983539999998,399
46.141700149999998,409
46.144416759999999,430
46.147133369999999,434
46.149849979999999,430
46.152566589999999,430
46.1552832,382
46.15799981,422
46.16071642,428
46.16343303,433
46.16614964,476
46.168866250000001,431
46.171582860000001,416
46.174299470000001,426
46.177016080000001,382
46.179732690000002,461
46.182449300000002,449
46.185165910000002,438
46.187882520000002,403
46.190599130000003,422
46.193315740000003,400
46.196032350000003,393
46.198748960000003,420
46.201465569999996,430
46.204182179999997,417
46.206898789999997,443
46.209615399999997,398
46.212332009999997,420
46.215048619999997,441
46.217765229999998,396
46.220481839999998,418
46.223198449999998,411
46.225915059999998,433
46.228631669999999,430
46.231348279999999,436
46.234064889999999,432
46.236781499999999,429
46.23949811,433
46.24221472,389
46.24493133,410
46.24764794,414
46.25036455,431
46.253081160000001,450
46.255797770000001,438
46.258514380000001,414
46.261230990000001,429
46.263947600000002,456
46.266664210000002,444
46.269380820000002,407
46.272097430000002,390
46.274814040000003,438
46.277530650000003,431
46.280247260000003,415
46.282963870000003,448
46.285680479999996,465
46.288397089999997,423
46.291113699999997,414
46.293830309999997,412
46.296546919999997,441
46.299263529999998,431
46.301980139999998,403
46.304696749999998,439
46.307413359999998,447
46.310129969999998,423
46.312846579999999,437
46.315563189999999,447
46.318279799999999,421
46.320996409999999,396
46.32371302,442
46.32642963,431
46.32914624,433
46.33186285,413
46.33457946,435
46.337296070000001,417
46.340012680000001,425
46.342729290000001,436
46.345445900000001,433
46.348162510000002,450
46.350879120000002,415
46.353595730000002,394
46.356312340000002,449
46.359028950000003,427
46.361745560000003,415
46.364462170000003,398
46.367178779999996,441
46.369895389999996,441
46.372611999999997,445
46.375328609999997,421
46.378045219999997,449
46.380761829999997,419
46.383478439999998,481
46.386195049999998,420
46.388911659999998,437
46.391628269999998,459
46.394344879999998,463
46.397061489999999,436
46.399778099999999,428
46.402494709999999,428
46.405211319999999,428
46.40792793,402
46.41064454,490
46.41336115,423
46.41607776,405
46.418794370000001,461
46.421510980000001,436
46.424227590000001,431
46.426944200000001,451
46.429660810000001,451
46.432377420000002,437
46.435094030000002,405
46.437810640000002,436
46.440527250000002,393
46.443243860000003,422
46.445960470000003,436
46.448677080000003,412
46.451393689999996,442
46.454110299999996,429
46.456826909999997,389
46.459543519999997,410
46.462260129999997,403
46.464976739999997,441
46.467693349999998,415
46.470409959999998,442
46.473126569999998,423
46.475843179999998,441
46.478559789999998,452
46.481276399999999,438
46.483993009999999,413
46.486709619999999,415
46.489426229999999,423
46.49214284,413
46.49485945,401
46.49757606,437
46.50029267,401
46.503009280000001,458
46.505725890000001,422
46.508442500000001,381
46.511159110000001,426
46.513875720000001,449
46.516592330000002,437
46.519308940000002,447
46.522025550000002,373
46.524742160000002,432
46.527458770000003,411
46.530175380000003,431
46.532891990000003,397
46.535608599999996,394
46.538325209999996,413
46.541041819999997,393
46.543758429999997,397
46.546475039999997,416
46.549191649999997,422
46.551908259999998,420
46.554624869999998,425
46.557341479999998,471
46.560058089999998,400
46.562774699999999,445
46.565491309999999,429
46.568207919999999,425
46.570924529999999,415
46.573641139999999,402
46.57635775,443
46.57907436,423
46.58179097,460
46.58450758,437
46.587224190000001,462
46.589940800000001,455
46.592657410000001,414
46.595374020000001,400
46.598090630000002,465
46.600807240000002,425
46.603523850000002,433
46.606240460000002,381
46.608957070000002,469
46.611673680000003,430
46.614390290000003,443
46.617106900000003,470
46.619823509999996,443
46.622540119999996,432
46.625256729999997,469
46.627973339999997,452
46.630689949999997,437
46.633406559999997,432
46.636123169999998,455
46.638839779999998,402
46.641556389999998,428
46.644272999999998,410
46.646989609999999,450
46.649706219999999,427
46.652422829999999,424
46.655139439999999,415
46.657856049999999,399
46.66057266,434
46.66328927,441
46.66600588,391
46.66872249,443
46.671439100000001,398
46.674155710000001,418
46.676872320000001,439
46.679588930000001,423
46.682305540000002,386
46.685022150000002,470
46.687738760000002,473
46.690455370000002,405
46.693171980000002,461
46.695888590000003,447
46.698605200000003,435
46.701321810000003,435
46.704038419999996,458
46.706755029999997,439
46.709471639999997,433
46.712188249999997,413
46.714904859999997,415
46.717621469999997,458
46.720338079999998,424
46.723054689999998,445
46.725771299999998,421
46.728487909999998,429
46.731204519999999,400
46.733921129999999,430
46.736637739999999,422
46.739354349999999,429
46.74207096,452
46.74478757,441
46.74750418,446
46.75022079,406
46.7529374,407
46.755654010000001,444
46.758370620000001,440
46.761087230000001,428
46.763803840000001,452
46.766520450000002,417
46.769237060000002,400
46.771953670000002,425
46.774670280000002,446
46.777386890000002,430
46.780103500000003,407
46.782820110000003,445
46.785536720000003,440
46.788253329999996,425
46.790969939999997,425
46.793686549999997,456
46.796403159999997,441
46.799119769999997,420
46.801836379999997,400
46.804552989999998,470
46.807269599999998,447
46.809986209999998,472
46.812702819999998,438
46.815419429999999,439
46.818136039999999,451
46.820852649999999,430
46.823569259999999,459
46.82628587,416
46.82900248,433
46.83171909,443
46.8344357,431
46.83715231,421
46.839868920000001,426
46.842585530000001,436
46.845302140000001,455
46.848018750000001,472
46.850735360000002,444
46.853451970000002,427
46.856168580000002,420
46.858885190000002,416
46.861601800000003,454
46.864318410000003,402
46.867035020000003,445
46.869751630000003,450
46.872468239999996,424
46.875184849999997,447
46.877901459999997,419
46.880618069999997,475
46.883334679999997,415
46.886051289999997,386
46.888767899999998,443
46.891484509999998,446
46.894201119999998,454
46.896917729999998,431
46.899634339999999,482
46.902350949999999,444
46.905067559999999,426
46.907784169999999,456
46.91050078,435
46.91321739,430
46.915934,427
46.91865061,406
46.92136722,449
46.924083830000001,443
46.926800440000001,398
46.929517050000001,453
46.932233660000001,414
46.934950270000002,442
46.937666880000002,398
46.940383490000002,442
46.943100100000002,447
46.945816710000003,420
46.948533320000003,421
46.951249930000003,417
46.953966539999996,428
46.956683149999996,446
46.959399759999997,449
46.962116369999997,464
46.964832979999997,422
46.967549589999997,435
46.970266199999998,449
46.972982809999998,427
46.975699419999998,434
46.978416029999998,410
46.981132639999998,447
46.983849249999999,467
46.986565859999999,436
46.989282469999999,428
46.991999079999999,480
46.99471569,419
46.9974323,414
47.00014891,423
47.00286552,461
47.005582130000001,414
47.008298740000001,409
47.011015350000001,429
47.013731960000001,442
47.016448570000001,418
47.019165180000002,405
47.021881790000002,449
47.024598400000002,425
47.027315010000002,431
47.030031620000003,391
47.032748230000003,448
47.035464840000003,418
47.038181449999996,446
47.040898059999996,444
47.043614669999997,428
47.046331279999997,426
47.049047889999997,450
47.051764499999997,429
47.054481109999998,453
47.057197719999998,443
47.059914329999998,471
47.062630939999998,442
47.065347549999998,417
47.068064159999999,432
47.070780769999999,441
47.073497379999999,410
47.076213989999999,434
47.0789306,389
47.08164721,454
47.08436382,452
47.08708043,425
47.089797040000001,448
47.092513650000001,406
47.095230260000001,409
47.097946870000001,423
47.100663480000001,429
47.103380090000002,458
47.106096700000002,384
47.108813310000002,453
47.111529920000002,391
47.114246530000003,407
47.116963140000003,415
47.119679750000003,444
47.122396359999996,433
47.125112969999996,443
47.127829579999997,428
47.130546189999997,444
47.133262799999997,439
47.135979409999997,428
47.138696019999998,448
47.141412629999998,426
47.144129239999998,423
47.146845849999998,439
47.149562459999999,466
47.152279069999999,407
47.154995679999999,460
47.157712289999999,419
47.160428899999999,412
47.16314551,372
47.16586212,421
47.16857873,448
47.17129534,400
47.174011950000001,414
47.176728560000001,442
47.179445170000001,390
47.182161780000001,411
47.184878390000002,431
47.187595000000002,399
47.190311610000002,484
47.193028220000002,412
47.195744830000002,373
47.198461440000003,443
47.201178050000003,442
47.203894660000003,435
47.206611269999996,449
47.209327879999996,443
47.212044489999997,429
47.214761099999997,416
47.217477709999997,422
47.220194319999997,418
47.222910929999998,428
47.225627539999998,426
47.228344149999998,401
47.231060759999998,447
47.233777369999999,429
47.236493979999999,427
47.239210589999999,388
47.241927199999999,403
47.244643809999999,470
47.24736042,425
47.25007703,441
47.25279364,425
47.25551025,412
47.258226860000001,411
47.260943470000001,410
47.263660080000001,391
47.266376690000001,425
47.269093300000002,436
47.271809910000002,417
47.274526520000002,455
47.277243130000002,441
47.279959740000002,424
47.282676350000003,438
47.285392960000003,447
47.288109570000003,447
47.290826179999996,432
47.293542789999997,411
47.296259399999997,383
47.298976009999997,416
47.301692619999997,395
47.304409229999997,454
47.307125839999998,420
47.309842449999998,396
47.312559059999998,398
47.315275669999998,469
47.317992279999999,439
47.320708889999999,405
47.323425499999999,450
47.326142109999999,425
47.328858719999999,423
47.33157533,463
47.33429194,418
47.33700855,402
47.33972516,420
47.342441770000001,452
47.345158380000001,456
47.347874990000001,430
47.350591600000001,432
47.353308210000002,446
47.356024820000002,421
47.358741430000002,454
47.361458040000002,402
47.364174650000002,429
47.366891260000003,392
47.369607870000003,406
47.372324480000003,383
47.375041089999996,426
47.377757699999997,419
47.380474309999997,427
47.383190919999997,390
47.385907529999997,432
47.388624139999997,400
47.391340749999998,427
47.394057359999998,445
47.396773969999998,406
47.399490579999998,439
47.402207189999999,423
47.404923799999999,421
47.407640409999999,467
47.410357019999999,417
47.41307363,383
47.41579024,452
47.41850685,441
47.42122346,411
47.42394007,419
47.426656680000001,489
47.429373290000001,442
47.432089900000001,447
47.434806510000001,449
47.437523120000002,421
47.440239730000002,426
47.442956340000002,416
47.445672950000002,420
47.448389560000003,426
47.451106170000003,410
47.453822780000003,404
47.456539390000003,419
47.459255999999996,404
47.461972609999997,424
47.464689219999997,454
47.467405829999997,449
47.470122439999997,400
47.472839049999997,452
47.475555659999998,412
47.478272269999998,409
47.480988879999998,404
47.483705489999998,415
47.486422099999999,421
47.489138709999999,420
47.491855319999999,412
47.494571929999999,418
47.49728854,413
47.50000515,402
47.50272176,402
47.50543837,418
47.50815498,423
47.510871590000001,450
47.513588200000001,411
47.516304810000001,388
47.519021420000001,390
47.521738030000002,440
47.524454640000002,418
47.527171250000002,434
47.529887860000002,380
47.532604470000003,451
47.535321080000003,415
47.538037690000003,427
47.540754299999996,431
47.543470909999996,414
47.546187519999997,434
47.548904129999997,386
47.551620739999997,414
47.554337349999997,449
47.557053959999998,413
47.559770569999998,410
47.562487179999998,397
47.565203789999998,415
47.567920399999998,439
47.570637009999999,390
47.573353619999999,434
47.576070229999999,390
47.578786839999999,437
47.58150345,391
47.58422006,392
47.58693667,398
47.58965328,398
47.592369890000001,408
47.595086500000001,444
47.597803110000001,391
47.600519720000001,415
47.603236330000001,454
47.605952940000002,382
47.608669550000002,390
47.611386160000002,357
47.614102770000002,435
47.616819380000003,392
47.619535990000003,434
47.622252600000003,392
47.624969209999996,415
47.627685819999996,388
47.630402429999997,401
47.633119039999997,460
47.635835649999997,377
47.638552259999997,402
47.641268869999998,422
47.643985479999998,391
47.646702089999998,424
47.649418699999998,402
47.652135309999998,398
47.654851919999999,436
47.657568529999999,435
47.660285139999999,401
47.663001749999999,431
47.66571836,424
47.66843497,408
47.67115158,419
47.67386819,394
47.676584800000001,409
47.679301410000001,420
47.682018020000001,429
47.684734630000001,441
47.687451240000001,414
47.690167850000002,386
47.692884460000002,413
47.695601070000002,422
47.698317680000002,415
47.701034290000003,396
47.703750900000003,424
47.706467510000003,394
47.709184119999996,421
47.711900729999996,392
47.714617339999997,414
47.717333949999997,418
47.720050559999997,417
47.722767169999997,392
47.725483779999998,441
47.728200389999998,431
47.730916999999998,408
47.733633609999998,422
47.736350219999999,388
47.739066829999999,391
47.741783439999999,421
47.744500049999999,419
47.747216659999999,356
47.74993327,397
47.75264988,424
47.75536649,417
47.7580831,429
47.760799710000001,426
47.763516320000001,372
47.766232930000001,419
47.768949540000001,395
47.771666150000001,395
47.774382760000002,433
47.777099370000002,383
47.779815980000002,436
47.782532590000002,386
47.785249200000003,414
47.787965810000003,405
47.790682420000003,419
47.793399029999996,375
47.796115639999996,435
47.798832249999997,391
47.801548859999997,402
47.804265469999997,442
47.806982079999997,444
47.809698689999998,420
47.812415299999998,391
47.815131909999998,434
47.817848519999998,381
47.820565129999999,446
47.823281739999999,435
47.825998349999999,403
47.828714959999999,428
47.831431569999999,422
47.83414818,391
47.83686479,398
47.8395814,434
47.84229801,409
47.845014620000001,407
47.847731230000001,391
47.850447840000001,394
47.853164450000001,415
47.855881060000002,468
47.858597670000002,409
47.861314280000002,410
47.864030890000002,408
47.866747500000002,402
47.869464110000003,415
47.872180720000003,397
47.874897330000003,417
47.877613939999996,399
47.880330549999996,391
47.883047159999997,431
47.885763769999997,450
47.888480379999997,419
47.891196989999997,407
47.893913599999998,417
47.896630209999998,390
47.899346819999998,394
47.902063429999998,396
47.904780039999999,418
47.907496649999999,405
47.910213259999999,415
47.912929869999999,414
47.915646479999999,416
47.91836309,401
47.9210797,372
47.92379631,395
47.92651292,421
47.929229530000001,397
47.931946140000001,413
47.934662750000001,403
47.937379360000001,437
47.940095970000002,394
47.942812580000002,411
47.945529190000002,418
47.948245800000002,406
47.950962410000002,414
47.953679020000003,405
47.956395630000003,419
47.959112240000003,401
47.961828849999996,402
47.964545459999997,385
47.967262069999997,424
47.969978679999997,431
47.972695289999997,444
47.975411899999997,436
47.978128509999998,407
47.980845119999998,385
47.983561729999998,463
47.986278339999998,423
47.988994949999999,459
47.991711559999999,404
47.994428169999999,391
47.997144779999999,398
47.99986139,381
48.002578,365
48.00529461,386
48.00801122,397
48.01072783,410
48.013444440000001,351
48.016161050000001,389
48.018877660000001,376
48.021594270000001,419
48.024310880000002,414
48.027027490000002,385
48.029744100000002,403
48.032460710000002,361
48.035177320000003,381
48.037893930000003,409
48.040610540000003,403
48.043327150000003,390
48.046043759999996,410
48.048760369999997,398
48.051476979999997,427
48.054193589999997,390
48.056910199999997,436
48.059626809999997,381
48.062343419999998,405
48.065060029999998,390
48.067776639999998,424
48.070493249999998,388
48.073209859999999,396
48.075926469999999,403
48.078643079999999,428
48.081359689999999,392
48.0840763,396
48.08679291,418
48.08950952,406
48.09222613,409
48.09494274,399
48.097659350000001,403
48.100375960000001,381
48.103092570000001,422
48.105809180000001,411
48.108525790000002,378
48.111242400000002,406
48.113959010000002,415
48.116675620000002,413
48.119392230000003,398
48.122108840000003,371
48.124825450000003,410
48.127542059999996,413
48.130258669999996,419
48.132975279999997,422
48.135691889999997,436
48.138408499999997,407
48.141125109999997,406
48.143841719999998,387
48.146558329999998,363
48.149274939999998,406
48.151991549999998,400
48.154708159999998,384
48.157424769999999,393
48.160141379999999,440
48.162857989999999,402
48.165574599999999,398
48.16829121,418
48.17100782,408
48.17372443,422
48.17644104,413
48.179157650000001,378
48.181874260000001,436
48.184590870000001,407
48.187307480000001,409
48.190024090000001,448
48.192740700000002,431
48.195457310000002,390
48.198173920000002,382
48.200890530000002,397
48.203607140000003,391
48.206323750000003,384
48.209040360000003,348
48.211756969999996,402
48.214473579999996,403
48.217190189999997,381
48.219906799999997,390
48.222623409999997,415
48.225340019999997,345
48.228056629999998,408
48.230773239999998,381
48.233489849999998,369
48.236206459999998,390
48.238923069999998,400
48.241639679999999,388
48.244356289999999,371
48.247072899999999,405
48.249789509999999,379
48.25250612,386
48.25522273,427
48.25793934,391
48.26065595,376
48.263372560000001,407
48.266089170000001,343
48.268805780000001,393
48.271522390000001,405
48.274239000000001,379
48.276955610000002,387
48.279672220000002,383
48.282388830000002,391
48.285105440000002,415
48.287822050000003,380
48.290538660000003,402
48.293255270000003,389
48.295971879999996,372
48.298688489999996,383
48.301405099999997,406
48.304121709999997,444
48.306838319999997,426
48.309554929999997,403
48.312271539999998,404
48.314988149999998,389
48.317704759999998,407
48.320421369999998,402
48.323137979999998,426
48.325854589999999,395
48.328571199999999,424
48.331287809999999,364
48.334004419999999,387
48.33672103,428
48.33943764,398
48.34215425,373
48.34487086,399
48.347587470000001,405
48.350304080000001,421
48.353020690000001,415
48.355737300000001,392
48.358453910000001,398
48.361170520000002,403
48.363887130000002,357
48.366603740000002,370
48.369320350000002,419
48.372036960000003,394
48.374753570000003,431
48.377470180000003,385
48.380186789999996,378
48.382903399999996,449
48.385620009999997,422
48.388336619999997,385
48.391053229999997,438
48.393769839999997,421
48.396486449999998,422
48.399203059999998,423
48.401919669999998,411
48.404636279999998,415
48.407352889999999,439
48.410069499999999,369
48.412786109999999,390
48.415502719999999,401
48.418219329999999,452
48.42093594,385
48.42365255,417
48.42636916,373
48.42908577,394
48.431802380000001,439
48.434518990000001,373
48.437235600000001,404
48.439952210000001,380
48.442668820000002,399
48.445385430000002,402
48.448102040000002,409
48.450818650000002,416
48.453535260000002,428
48.456251870000003,385
48.458968480000003,405
48.461685090000003,402
48.464401699999996,375
48.467118309999996,427
48.469834919999997,379
48.472551529999997,423
48.475268139999997,380
48.477984749999997,383
48.480701359999998,394
48.483417969999998,395
48.486134579999998,390
48.488851189999998,372
48.491567799999999,371
48.494284409999999,383
48.497001019999999,381
48.499717629999999,410
48.502434239999999,379
48.50515085,416
48.50786746,417
48.51058407,391
48.51330068,393
48.516017290000001,406
48.518733900000001,422
48.521450510000001,403
48.524167120000001,378
48.526883730000002,406
48.529600340000002,409
48.532316950000002,351
48.535033560000002,372
48.537750170000002,360
48.540466780000003,393
48.543183390000003,397
48.545900000000003,404
48.548616609999996,346
48.551333219999997,393
48.554049829999997,373
48.556766439999997,396
48.559483049999997,397
48.562199659999997,421
48.564916269999998,419
48.567632879999998,393
48.570349489999998,364
48.573066099999998,426
48.575782709999999,424
48.578499319999999,429
48.581215929999999,412
48.583932539999999,375
48.58664915,373
48.58936576,352
48.59208237,392
48.59479898,347
48.59751559,399
48.600232200000001,412
48.602948810000001,387
48.605665420000001,377
48.608382030000001,369
48.611098640000002,414
48.613815250000002,428
48.616531860000002,411
48.619248470000002,402
48.621965080000003,358
48.624681690000003,364
48.627398300000003,381
48.630114910000003,388
48.632831519999996,380
48.635548129999997,382
48.638264739999997,394
48.640981349999997,372
48.643697959999997,385
48.646414569999997,425
48.649131179999998,392
48.651847789999998,395
48.654564399999998,394
48.657281009999998,395
48.659997619999999,422
48.662714229999999,382
48.665430839999999,397
48.668147449999999,383
48.67086406,372
48.67358067,415
48.67629728,401
48.67901389,398
48.6817305,368
48.684447110000001,383
48.687163720000001,408
48.689880330000001,396
48.692596940000001,378
48.695313550000002,402
48.698030160000002,402
48.700746770000002,396
48.703463380000002,408
48.706179990000003,373
48.708896600000003,425
48.711613210000003,403
48.714329819999996,392
48.717046429999996,390
48.719763039999997,395
48.722479649999997,346
48.725196259999997,405
48.727912869999997,386
48.730629479999997,349
48.733346089999998,342
48.736062699999998,357
48.738779309999998,411
48.741495919999998,394
48.744212529999999,382
48.746929139999999,410
48.749645749999999,385
48.752362359999999,404
48.75507897,367
48.75779558,346
48.76051219,376
48.7632288,403
48.76594541,377
48.768662020000001,390
48.771378630000001,433
48.774095240000001,409
48.776811850000001,426
48.779528460000002,411
48.782245070000002,407
48.784961680000002,423
48.787678290000002,406
48.790394900000003,401
48.793111510000003,377
48.795828120000003,386
48.798544729999996,371
48.801261339999996,391
48.803977949999997,385
48.806694559999997,390
48.809411169999997,408
48.812127779999997,401
48.814844389999998,351
48.817560999999998,414
48.820277609999998,365
48.822994219999998,393
48.825710829999998,367
48.828427439999999,408
48.831144049999999,393
48.833860659999999,386
48.836577269999999,364
48.83929388,361
48.84201049,376
48.8447271,376
48.84744371,383
48.850160320000001,401
48.852876930000001,437
48.855593540000001,392
48.858310150000001,379
48.861026760000001,407
48.863743370000002,386
48.866459980000002,406
48.869176590000002,367
48.871893200000002,381
48.874609810000003,442
48.877326420000003,364
48.880043030000003,397
48.882759639999996,369
48.885476249999996,391
48.888192859999997,414
48.890909469999997,374
48.893626079999997,368
48.896342689999997,372
48.899059299999998,409
48.901775909999998,375
48.904492519999998,387
48.907209129999998,369
48.909925739999998,390
48.912642349999999,381
48.915358959999999,392
48.918075569999999,381
48.920792179999999,355
48.92350879,399
48.9262254,389
48.92894201,335
48.93165862,359
48.934375230000001,393
48.937091840000001,400
48.939808450000001,400
48.942525060000001,377
48.945241670000001,406
48.947958280000002,388
48.950674890000002,394
48.953391500000002,399
48.956108110000002,369
48.958824720000003,393
48.961541330000003,365
48.964257940000003,421
48.966974549999996,391
48.969691159999996,372
48.972407769999997,355
48.975124379999997,369
48.977840989999997,374
48.980557599999997,387
48.983274209999998,372
48.985990819999998,376
48.988707429999998,352
48.991424039999998,367
48.994140649999999,386
48.996857259999999,349
48.999573869999999,391
49.002290479999999,389
49.005007089999999,410
49.0077237,406
49.01044031,389
49.01315692,393
49.01587353,362
49.018590140000001,359
49.021306750000001,355
49.024023360000001,389
49.026739970000001,368
49.029456580000002,395
49.032173190000002,392
49.034889800000002,402
49.037606410000002,344
49.040323020000002,396
49.043039630000003,400
49.045756240000003,413
49.048472850000003,330
49.051189459999996,361
49.053906069999996,349
49.056622679999997,387
49.059339289999997,347
49.062055899999997,398
49.064772509999997,390
49.067489119999998,388
49.070205729999998,402
49.072922339999998,366
49.075638949999998,368
49.078355559999999,407
49.081072169999999,414
49.083788779999999,375
49.086505389999999,391
49.089221999999999,373
49.09193861,376
49.09465522,395
49.09737183,382
49.10008844,371
49.102805050000001,383
49.105521660000001,349
49.108238270000001,358
49.110954880000001,408
49.113671490000002,401
49.116388100000002,362
49.119104710000002,387
49.121821320000002,353
49.124537930000002,352
49.127254540000003,377
49.129971150000003,390
49.132687760000003,365
49.135404369999996,340
49.138120979999997,362
49.140837589999997,383
49.143554199999997,426
49.146270809999997,373
49.148987419999997,382
49.151704029999998,364
49.154420639999998,376
49.157137249999998,415
49.159853859999998,377
49.162570469999999,394
49.165287079999999,351
49.168003689999999,362
49.170720299999999,331
49.17343691,383
49.17615352,372
49.17887013,374
49.18158674,339
49.18430335,407
49.187019960000001,403
49.189736570000001,355
49.192453180000001,395
49.195169790000001,372
49.197886400000002,394
49.200603010000002,399
49.203319620000002,355
49.206036230000002,382
49.208752840000002,358
49.211469450000003,361
49.214186060000003,402
49.216902670000003,384
49.219619279999996,378
49.222335889999997,384
49.225052499999997,347
49.227769109999997,359
49.230485719999997,348
49.233202329999997,370
49.235918939999998,358
49.238635549999998,367
49.241352159999998,372
49.244068769999998,373
49.246785379999999,375
49.249501989999999,367
49.252218599999999,411
49.254935209999999,399
49.25765182,381
49.26036843,383
49.26308504,372
49.26580165,374
49.26851826,397
49.271234870000001,335
49.273951480000001,360
49.276668090000001,407
49.279384700000001,393
49.282101310000002,340
49.284817920000002,404
49.287534530000002,357
49.290251140000002,343
49.292967750000003,370
49.295684360000003,365
49.298400970000003,420
49.301117579999996,389
49.303834189999996,382
49.306550799999997,398
49.309267409999997,346
49.311984019999997,382
49.314700629999997,327
49.317417239999997,327
49.320133849999998,367
49.322850459999998,373
49.325567069999998,364
49.328283679999998,381
49.331000289999999,354
49.333716899999999,418
49.336433509999999,370
49.339150119999999,408
49.34186673,355
49.34458334,366
49.34729995,351
49.35001656,349
49.35273317,352
49.355449780000001,334
49.358166390000001,375
49.360883000000001,390
49.363599610000001,353
49.366316220000002,345
49.369032830000002,388
49.371749440000002,358
49.374466050000002,362
49.377182660000003,354
49.379899270000003,395
49.382615880000003,326
49.385332489999996,376
49.388049099999996,348
49.390765709999997,363
49.393482319999997,373
49.396198929999997,357
49.398915539999997,355
49.401632149999998,375
49.404348759999998,385
49.407065369999998,360
49.409781979999998,399
49.412498589999998,390
49.415215199999999,380
49.417931809999999,345
49.420648419999999,361
49.423365029999999,376
49.42608164,361
49.42879825,370
49.43151486,355
49.43423147,375
49.436948080000001,388
49.439664690000001,383
49.442381300000001,349
49.445097910000001,360
49.447814520000001,400
49.450531130000002,354
49.453247740000002,370
49.455964350000002,341
49.458680960000002,384
49.461397570000003,338
49.464114180000003,365
49.466830790000003,403
49.469547399999996,353
49.472264009999996,363
49.474980619999997,365
49.477697229999997,392
49.480413839999997,359
49.483130449999997,402
49.485847059999998,397
49.488563669999998,351
49.491280279999998,356
49.493996889999998,363
49.496713499999998,368
49.499430109999999,384
49.502146719999999,378
49.504863329999999,362
49.507579939999999,368
49.51029655,392
49.51301316,401
49.51572977,369
49.51844638,357
49.521162990000001,382
49.523879600000001,382
49.526596210000001,376
49.529312820000001,376
49.532029430000001,376
49.534746040000002,369
49.537462650000002,358
49.540179260000002,378
49.542895870000002,353
49.545612480000003,377
49.548329090000003,349
49.551045700000003,349
49.553762309999996,351
49.556478919999996,356
49.559195529999997,361
49.561912139999997,390
49.564628749999997,376
49.567345359999997,357
49.570061969999998,360
49.572778579999998,323
49.575495189999998,315
49.578211799999998,330
49.580928409999999,365
49.583645019999999,364
49.586361629999999,349
49.589078239999999,338
49.591794849999999,373
49.59451146,357
49.59722807,379
49.59994468,318
49.60266129,411
49.605377900000001,337
49.608094510000001,359
49.610811120000001,360
49.613527730000001,362
49.616244340000002,382
49.618960950000002,355
49.621677560000002,365
49.624394170000002,391
49.627110780000002,360
49.629827390000003,345
49.632544000000003,377
49.635260610000003,378
49.637977219999996,355
49.640693829999996,363
49.643410439999997,387
49.646127049999997,370
49.648843659999997,362
49.651560269999997,350
49.654276879999998,360
49.656993489999998,355
49.659710099999998,342
49.662426709999998,351
49.665143319999999,364
49.667859929999999,341
49.670576539999999,356
49.673293149999999,340
49.676009759999999,364
49.67872637,371
49.68144298,368
49.68415959,324
49.6868762,352
49.689592810000001,382
49.692309420000001,330
49.695026030000001,379
49.697742640000001,390
49.700459250000002,345
49.703175860000002,383
49.705892470000002,382
49.708609080000002,346
49.711325690000002,387
49.714042300000003,343
49.716758910000003,312
49.719475520000003,380
49.722192129999996,330
49.724908739999996,358
49.727625349999997,383
49.730341959999997,347
49.733058569999997,354
49.735775179999997,358
49.738491789999998,360
49.741208399999998,364
49.743925009999998,369
49.746641619999998,379
49.749358229999999,385
49.752074839999999,363
49.754791449999999,348
49.757508059999999,367
49.760224669999999,339
49.76294128,371
49.76565789,352
49.7683745,365
49.77109111,355
49.773807720000001,386
49.776524330000001,375
49.779240940000001,332
49.781957550000001,383
49.784674160000002,360
49.787390770000002,341
49.790107380000002,345
49.792823990000002,364
49.795540600000002,342
49.798257210000003,377
49.800973820000003,335
49.803690429999996,357
49.806407039999996,365
49.809123649999997,353
49.811840259999997,370
49.814556869999997,346
49.817273479999997,330
49.819990089999997,374
49.822706699999998,318
49.825423309999998,358
49.828139919999998,347
49.830856529999998,343
49.833573139999999,367
49.836289749999999,354
49.839006359999999,420
49.841722969999999,347
49.84443958,355
49.84715619,349
49.8498728,342
49.85258941,321
49.85530602,347
49.858022630000001,390
49.860739240000001,345
49.863455850000001,348
49.866172460000001,351
49.868889070000002,335
49.871605680000002,344
49.874322290000002,320
49.877038900000002,379
49.879755510000003,373
49.882472120000003,366
49.885188730000003,326
49.887905339999996,341
49.890621949999996,401
49.893338559999997,354
49.896055169999997,367
49.898771779999997,355
49.901488389999997,363
49.904204999999997,333
49.906921609999998,369
49.909638219999998,357
49.912354829999998,371
49.915071439999998,366
49.917788049999999,367
49.920504659999999,343
49.923221269999999,350
49.925937879999999,354
49.92865449,385
49.9313711,342
49.93408771,334
49.93680432,355
49.93952093,369
49.942237540000001,364
49.944954150000001,365
49.947670760000001,369
49.950387370000001,348
49.953103980000002,363
49.955820590000002,349
49.958537200000002,360
49.961253810000002,384
49.963970420000003,335
49.966687030000003,353
49.969403640000003,383
49.972120249999996,357
49.974836859999996,355
49.977553469999997,378
49.980270079999997,363
49.982986689999997,354
49.985703299999997,411
49.988419909999998,348
49.991136519999998,327
49.993853129999998,399
49.996569739999998,333
49.999286349999998,362
50.002002959999999,348
50.004719569999999,362
50.007436179999999,372
50.010152789999999,372
50.0128694,386
50.01558601,358
50.01830262,339
50.02101923,356
50.023735840000001,386
50.026452450000001,369
50.029169060000001,377
50.031885670000001,333
50.034602280000001,355
50.037318890000002,344
50.040035500000002,344
50.042752110000002,370
50.045468720000002,351
50.048185330000003,341
50.050901940000003,381
50.053618550000003,351
50.056335159999996,368
50.059051769999996,376
50.061768379999997,361
50.064484989999997,370
50.067201599999997,387
50.069918209999997,324
50.072634819999998,367
50.075351429999998,368
50.078068039999998,329
50.080784649999998,360
50.083501259999998,351
50.086217869999999,372
50.088934479999999,353
50.091651089999999,381
50.094367699999999,330
50.09708431,323
50.09980092,336
50.10251753,344
50.10523414,382
50.107950750000001,334
50.110667360000001,340
50.113383970000001,350
50.116100580000001,341
50.118817190000001,361
50.121533800000002,345
50.124250410000002,359
50.126967020000002,365
50.129683630000002,364
50.132400240000003,359
50.135116850000003,364
50.137833460000003,362
50.140550069999996,339
50.143266679999996,321
50.145983289999997,339
50.148699899999997,340
50.151416509999997,360
50.154133119999997,388
50.156849729999998,345
50.159566339999998,355
50.162282949999998,328
50.164999559999998,394
50.167716169999998,335
50.170432779999999,317
50.173149389999999,343
50.175865999999999,330
50.178582609999999,378
50.18129922,341
50.18401583,355
50.18673244,351
50.18944905,368
50.192165660000001,334
50.194882270000001,358
50.197598880000001,316
50.200315490000001,377
50.203032100000001,348
50.205748710000002,361
50.208465320000002,376
50.211181930000002,380
50.213898540000002,349
50.216615150000003,311
50.219331760000003,369
50.222048370000003,344
50.224764979999996,336
50.227481589999996,327
50.230198199999997,326
50.232914809999997,374
50.235631419999997,357
50.238348029999997,346
50.241064639999998,348
50.243781249999998,337
50.246497859999998,369
50.249214469999998,327
50.251931079999999,364
50.254647689999999,404
50.257364299999999,369
50.260080909999999,324
50.262797519999999,358
50.26551413,325
50.26823074,364
50.27094735,359
50.27366396,356
50.276380570000001,380
50.279097180000001,338
50.281813790000001,353
50.284530400000001,359
50.287247010000002,332
50.289963620000002,365
50.292680230000002,337
50.295396840000002,363
50.298113450000002,342
50.300830060000003,365
50.303546670000003,348
50.306263280000003,330
50.308979889999996,339
50.311696499999996,329
50.314413109999997,329
50.317129719999997,328
50.319846329999997,347
50.322562939999997,368
50.325279549999998,352
50.327996159999998,335
50.330712769999998,301
50.333429379999998,352
50.336145989999999,364
50.338862599999999,377
50.341579209999999,343
50.344295819999999,315
50.347012429999999,347
50.34972904,365
50.35244565,357
50.35516226,357
50.35787887,358
50.360595480000001,360
50.363312090000001,365
50.366028700000001,373
50.368745310000001,364
50.371461920000002,319
50.374178530000002,378
50.376895140000002,348
50.379611750000002,402
50.382328360000002,354
50.385044970000003,356
50.387761580000003,361
50.390478189999996,349
50.393194799999996,346
50.395911409999997,357
50.398628019999997,329
50.401344629999997,347
50.404061239999997,354
50.406777849999997,360
50.409494459999998,322
50.412211069999998,357
50.414927679999998,347
50.417644289999998,343
50.420360899999999,358
50.423077509999999,315
50.425794119999999,371
50.428510729999999,308
50.43122734,347
50.43394395,341
50.43666056,341
50.43937717,309
50.44209378,351
50.444810390000001,339
50.447527000000001,324
50.450243610000001,372
50.452960220000001,388
50.455676830000002,324
50.458393440000002,355
50.461110050000002,362
50.463826660000002,343
50.466543270000003,358
50.469259880000003,341
50.471976490000003,337
50.474693099999996,326
50.477409709999996,342
50.480126319999997,320
50.482842929999997,330
50.485559539999997,310
50.488276149999997,318
50.490992759999997,360
50.493709369999998,316
50.496425979999998,345
50.499142589999998,352
50.501859199999998,351
50.504575809999999,355
50.507292419999999,324
50.510009029999999,360
50.512725639999999,363
50.51544225,333
50.51815886,345
50.52087547,343
50.52359208,326
50.52630869,343
50.529025300000001,347
50.531741910000001,343
50.534458520000001,353
50.537175130000001,342
50.539891740000002,327
50.542608350000002,359
50.545324960000002,342
50.548041570000002,323
50.550758180000003,361
50.553474790000003,316
50.556191400000003,358
50.558908009999996,377
50.561624619999996,333
50.564341229999997,346
50.567057839999997,336
50.569774449999997,342
50.572491059999997,349
50.575207669999998,331
50.577924279999998,316
50.580640889999998,379
50.583357499999998,364
50.586074109999998,320
50.588790719999999,352
50.591507329999999,359
50.594223939999999,342
50.596940549999999,347
50.59965716,356
50.60237377,352
50.60509038,346
50.60780699,348
50.6105236,373
50.613240210000001,372
50.615956820000001,346
50.618673430000001,356
50.621390040000001,348
50.624106650000002,341
50.626823260000002,369
50.629539870000002,348
50.632256480000002,354
50.634973090000003,342
50.637689700000003,339
50.640406310000003,388
50.643122919999996,351
50.645839529999996,341
50.648556139999997,359
50.651272749999997,366
50.653989359999997,333
50.656705969999997,327
50.659422579999998,305
50.662139189999998,345
50.664855799999998,339
50.667572409999998,347
50.670289019999998,366
50.673005629999999,357
50.675722239999999,300
50.678438849999999,343
50.681155459999999,342
50.68387207,363
50.68658868,352
50.68930529,325
50.6920219,330
50.694738510000001,340
50.697455120000001,336
50.700171730000001,353
50.702888340000001,347
50.705604950000001,332
50.708321560000002,307
50.711038170000002,363
50.713754780000002,360
50.716471390000002,353
50.719188000000003,369
50.721904610000003,347
50.724621220000003,368
50.727337829999996,347
50.730054439999996,310
50.732771049999997,340
50.735487659999997,319
50.738204269999997,359
50.740920879999997,331
50.743637489999998,292
50.746354099999998,351
50.749070709999998,305
50.751787319999998,315
50.754503929999998,354
50.757220539999999,351
50.759937149999999,352
50.762653759999999,360
50.765370369999999,351
50.76808698,317
50.77080359,336
50.7735202,330
50.77623681,337
50.778953420000001,353
50.781670030000001,324
50.784386640000001,339
50.787103250000001,350
50.789819860000001,330
50.792536470000002,328
50.795253080000002,359
50.797969690000002,351
50.800686300000002,332
50.803402910000003,344
50.806119520000003,343
50.808836130000003,367
50.811552739999996,302
50.814269349999996,336
50.816985959999997,322
50.819702569999997,359
50.822419179999997,317
50.825135789999997,354
50.827852399999998,338
50.830569009999998,336
50.833285619999998,337
50.836002229999998,368
50.838718839999999,376
50.841435449999999,335
50.844152059999999,301
50.846868669999999,327
50.849585279999999,362
50.85230189,318
50.8550185,357
50.85773511,334
50.86045172,339
50.863168330000001,333
50.865884940000001,331
50.868601550000001,340
50.871318160000001,355
50.874034770000002,306
50.876751380000002,357
50.879467990000002,345
50.882184600000002,348
50.884901210000002,316
50.887617820000003,332
50.890334430000003,326
50.893051040000003,355
50.895767649999996,289
50.898484259999996,356
50.901200869999997,337
50.903917479999997,317
50.906634089999997,314
50.909350699999997,349
50.912067309999998,350
50.914783919999998,368
50.917500529999998,337
50.920217139999998,319
50.922933749999999,323
50.925650359999999,340
50.928366969999999,367
50.931083579999999,349
50.933800189999999,316
50.9365168,324
50.93923341,293
50.94195002,336
50.94466663,351
50.947383240000001,320
50.950099850000001,305
50.952816460000001,337
50.955533070000001,308
50.958249680000002,321
50.960966290000002,309
50.963682900000002,348
50.966399510000002,309
50.969116120000002,368
50.971832730000003,319
50.974549340000003,344
50.977265949999996,301
50.979982559999996,358
50.982699169999997,320
50.985415779999997,367
50.988132389999997,376
50.990848999999997,346
50.993565609999997,389
50.996282219999998,344
50.998998829999998,290
51.001715439999998,351
51.004432049999998,339
51.007148659999999,338
51.009865269999999,322
51.012581879999999,324
51.015298489999999,365
51.0180151,340
51.02073171,339
51.02344832,338
51.02616493,330
51.02888154,358
51.031598150000001,312
51.034314760000001,333
51.037031370000001,361
51.039747980000001,330
51.042464590000002,334
51.045181200000002,339
51.047897810000002,314
51.050614420000002,331
51.053331030000002,329
51.056047640000003,348
51.058764250000003,348
51.061480859999996,337
51.064197469999996,358
51.066914079999997,325
51.069630689999997,313
51.072347299999997,314
51.075063909999997,330
51.077780519999997,344
51.080497129999998,310
51.083213739999998,338
51.085930349999998,320
51.088646959999998,339
51.091363569999999,310
51.094080179999999,346
51.096796789999999,356
51.099513399999999,319
51.10223001,353
51.10494662,352
51.10766323,357
51.11037984,338
51.11309645,332
51.115813060000001,344
51.118529670000001,354
51.121246280000001,359
51.123962890000001,334
51.126679500000002,338
51.129396110000002,295
51.132112720000002,339
51.134829330000002,321
51.137545940000003,330
51.140262550000003,323
51.142979160000003,333
51.145695769999996,317
51.148412379999996,331
51.151128989999997,308
51.153845599999997,315
51.156562209999997,343
51.159278819999997,319
51.161995429999997,327
51.164712039999998,318
51.167428649999998,303
51.170145259999998,353
51.172861869999998,342
51.175578479999999,349
51.178295089999999,320
51.181011699999999,341
51.183728309999999,345
51.18644492,329
51.18916153,341
51.19187814,327
51.19459475,341
51.19731136,325
51.200027970000001,330
51.202744580000001,312
51.205461190000001,324
51.208177800000001,329
51.210894410000002,329
51.213611020000002,347
51.216327630000002,319
51.219044240000002,342
51.221760850000003,317
51.224477460000003,339
51.227194070000003,327
51.229910679999996,341
51.232627289999996,313
51.235343899999997,333
51.238060509999997,312
51.240777119999997,330
51.243493729999997,342
51.246210339999998,338
51.248926949999998,332
51.251643559999998,308
51.254360169999998,344
51.257076779999998,319
51.259793389999999,326
51.262509999999999,297
51.265226609999999,331
51.267943219999999,303
51.27065983,328
51.27337644,319
51.27609305,323
51.27880966,322
51.281526270000001,336
51.284242880000001,316
51.286959490000001,384
51.289676100000001,346
51.292392710000001,326
51.295109320000002,358
51.297825930000002,351
51.300542540000002,324
51.303259150000002,323
51.305975760000003,318
51.308692370000003,305
51.311408980000003,339
51.314125589999996,353
51.316842199999996,311
51.319558809999997,325
51.322275419999997,322
51.324992029999997,364
51.327708639999997,311
51.330425249999998,319
51.333141859999998,333
51.335858469999998,343
51.338575079999998,335
51.341291689999998,334
51.344008299999999,293
51.346724909999999,334
51.349441519999999,338
51.352158129999999,352
51.35487474,322
51.35759135,343
51.36030796,350
51.36302457,322
51.365741180000001,340
51.368457790000001,329
51.371174400000001,363
51.373891010000001,348
51.376607620000001,337
51.379324230000002,339
51.382040840000002,340
51.384757450000002,335
51.387474060000002,311
51.390190670000003,318
51.392907280000003,362
51.395623890000003,332
51.398340499999996,332
51.401057109999996,349
51.403773719999997,361
51.406490329999997,342
51.409206939999997,341
51.411923549999997,339
51.414640159999998,363
51.417356769999998,317
51.420073379999998,345
51.422789989999998,320
51.425506599999999,336
51.428223209999999,311
51.430939819999999,321
51.433656429999999,331
51.436373039999999,319
51.43908965,314
51.44180626,320
51.44452287,326
51.44723948,333
51.449956090000001,348
51.452672700000001,331
51.455389310000001,327
51.458105920000001,330
51.460822530000002,344
51.463539140000002,303
51.466255750000002,326
51.468972360000002,304
51.471688970000002,306
51.474405580000003,336
51.477122190000003,310
51.479838800000003,319
51.482555409999996,327
51.485272019999996,315
51.487988629999997,336
51.490705239999997,300
51.493421849999997,323
51.496138459999997,335
51.498855069999998,322
51.501571679999998,370
51.504288289999998,334
51.507004899999998,325
51.509721509999999,337
51.512438119999999,357
51.515154729999999,289
51.517871339999999,317
51.520587949999999,317
51.52330456,328
51.52602117,329
51.52873778,349
51.53145439,327
51.534171000000001,363
51.536887610000001,315
51.539604220000001,333
51.542320830000001,312
51.545037440000002,342
51.547754050000002,285
51.550470660000002,333
51.553187270000002,329
51.555903880000002,290
51.558620490000003,314
51.561337100000003,353
51.564053709999996,342
51.566770319999996,308
51.569486929999997,339
51.572203539999997,349
51.574920149999997,319
51.577636759999997,324
51.580353369999997,375
51.583069979999998,334
51.585786589999998,324
51.588503199999998,314
51.591219809999998,330
51.593936419999999,339
51.596653029999999,302
51.599369639999999,360
51.602086249999999,351
51.604802859999999,311
51.60751947,337
51.61023608,347
51.61295269,382
51.6156693,354
51.618385910000001,306
51.621102520000001,331
51.623819130000001,355
51.626535740000001,323
51.629252350000002,328
51.631968960000002,340
51.634685570000002,323
51.637402180000002,319
51.640118790000002,332
51.642835400000003,312
51.645552010000003,319
51.648268619999996,336
51.650985229999996,322
51.653701839999997,337
51.656418449999997,318
51.659135059999997,309
51.661851669999997,347
51.664568279999997,338
51.667284889999998,295
51.670001499999998,323
51.672718109999998,335
51.675434719999998,313
51.678151329999999,345
51.680867939999999,312
51.683584549999999,333
51.686301159999999,328
51.68901777,358
51.69173438,368
51.69445099,343
51.6971676,299
51.69988421,303
51.702600820000001,325
51.705317430000001,330
51.708034040000001,309
51.710750650000001,369
51.713467260000002,317
51.716183870000002,355
51.718900480000002,340
51.721617090000002,317
51.724333700000003,359
51.727050310000003,356
51.729766920000003,338
51.732483529999996,359
51.735200139999996,336
51.737916749999997,362
51.740633359999997,336
51.743349969999997,322
51.746066579999997,310
51.748783189999997,308
51.751499799999998,306
51.754216409999998,333
51.756933019999998,335
51.759649629999998,317
51.762366239999999,378
51.765082849999999,322
51.767799459999999,317
51.770516069999999,318
51.77323268,323
51.77594929,338
51.7786659,342
51.78138251,328
51.78409912,318
51.786815730000001,325
51.789532340000001,335
51.792248950000001,323
51.794965560000001,337
51.797682170000002,329
51.800398780000002,316
51.803115390000002,335
51.805832000000002,352
51.808548610000003,370
51.811265220000003,317
51.813981830000003,314
51.816698439999996,334
51.819415049999996,329
51.822131659999997,333
51.824848269999997,334
51.827564879999997,349
51.830281489999997,334
51.832998099999998,390
51.835714709999998,337
51.838431319999998,373
51.841147929999998,362
51.843864539999998,352
51.846581149999999,325
51.849297759999999,352
51.852014369999999,381
51.854730979999999,294
51.85744759,367
51.8601642,336
51.86288081,346
51.86559742,328
51.868314030000001,319
51.871030640000001,333
51.873747250000001,334
51.876463860000001,320
51.879180470000001,344
51.881897080000002,350
51.884613690000002,347
51.887330300000002,335
51.890046910000002,327
51.892763520000003,309
51.895480130000003,345
51.898196740000003,378
51.900913349999996,313
51.903629959999996,360
51.906346569999997,343
51.909063179999997,345
51.911779789999997,351
51.914496399999997,343
51.917213009999998,311
51.919929619999998,345
51.922646229999998,346
51.925362839999998,357
51.928079449999998,340
51.930796059999999,350
51.933512669999999,328
51.936229279999999,347
51.938945889999999,325
51.9416625,321
51.94437911,319
51.94709572,332
51.94981233,325
51.952528940000001,322
51.955245550000001,370
51.957962160000001,352
51.960678770000001,326
51.963395380000001,348
51.966111990000002,355
51.968828600000002,345
51.971545210000002,328
51.974261820000002,360
51.976978430000003,358
51.979695040000003,338
51.982411650000003,333
51.985128259999996,342
51.987844869999996,368
51.990561479999997,331
51.993278089999997,348
51.995994699999997,370
51.998711309999997,357
52.001427919999998,342
52.004144529999998,313
52.006861139999998,339
52.009577749999998,314
52.012294359999999,366
52.015010969999999,362
52.017727579999999,337
52.020444189999999,320
52.023160799999999,351
52.02587741,343
52.02859402,330
52.03131063,349
52.03402724,334
52.036743850000001,341
52.039460460000001,350
52.042177070000001,323
52.044893680000001,319
52.047610290000001,325
52.050326900000002,336
52.053043510000002,323
52.055760120000002,325
52.058476730000002,302
52.061193340000003,354
52.063909950000003,331
52.066626560000003,337
52.069343169999996,322
52.072059779999996,367
52.074776389999997,336
52.077492999999997,340
52.080209609999997,338
52.082926219999997,330
52.085642829999998,342
52.088359439999998,312
52.091076049999998,365
52.093792659999998,317
52.096509269999999,332
52.099225879999999,359
52.101942489999999,343
52.104659099999999,338
52.107375709999999,319
52.11009232,345
52.11280893,305
52.11552554,355
52.11824215,384
52.120958760000001,292
52.123675370000001,344
52.126391980000001,329
52.129108590000001,352
52.131825200000002,314
52.134541810000002,325
52.137258420000002,333
52.139975030000002,331
52.142691640000002,354
52.145408250000003,321
52.148124860000003,351
52.150841469999996,335
52.153558079999996,330
52.156274689999996,374
52.158991299999997,313
52.161707909999997,334
52.164424519999997,350
52.167141129999997,357
52.169857739999998,324
52.172574349999998,333
52.175290959999998,346
52.178007569999998,352
52.180724179999999,318
52.183440789999999,359
52.186157399999999,320
52.188874009999999,351
52.191590619999999,333
52.19430723,302
52.19702384,321
52.19974045,361
52.20245706,298
52.205173670000001,295
52.207890280000001,351
52.210606890000001,317
52.213323500000001,315
52.216040110000002,328
52.218756720000002,327
52.221473330000002,346
52.224189940000002,349
52.226906550000002,359
52.229623160000003,343
52.232339770000003,324
52.235056379999996,330
52.237772989999996,330
52.240489599999997,343
52.243206209999997,321
52.245922819999997,326
52.248639429999997,330
52.251356039999997,305
52.254072649999998,338
52.256789259999998,303
52.259505869999998,288
52.262222479999998,318
52.264939089999999,371
52.267655699999999,345
52.270372309999999,319
52.273088919999999,317
52.27580553,333
52.27852214,363
52.28123875,314
52.28395536,328
52.28667197,310
52.289388580000001,344
52.292105190000001,318
52.294821800000001,324
52.297538410000001,330
52.300255020000002,321
52.302971630000002,342
52.305688240000002,339
52.308404850000002,333
52.311121460000003,329
52.313838070000003,324
52.316554680000003,313
52.319271289999996,373
52.321987899999996,313
52.324704509999997,358
52.327421119999997,329
52.330137729999997,316
52.332854339999997,388
52.335570949999997,344
52.338287559999998,346
52.341004169999998,344
52.343720779999998,338
52.346437389999998,325
52.349153999999999,333
52.351870609999999,324
52.354587219999999,340
52.357303829999999,344
52.36002044,350
52.36273705,364
52.36545366,345
52.36817027,340
52.37088688,311
52.373603490000001,305
52.376320100000001,333
52.379036710000001,347
52.381753320000001,296
52.384469930000002,335
52.387186540000002,356
52.389903150000002,351
52.392619760000002,350
52.395336370000003,308
52.398052980000003,307
52.400769590000003,328
52.403486199999996,339
52.406202809999996,335
52.408919419999997,312
52.411636029999997,319
52.414352639999997,307
52.417069249999997,325
52.419785859999998,355
52.422502469999998,336
52.425219079999998,391
52.427935689999998,357
52.430652299999998,331
52.433368909999999,329
52.436085519999999,342
52.438802129999999,338
52.441518739999999,327
52.44423535,303
52.44695196,333
52.44966857,351
52.45238518,343
52.455101790000001,362
52.457818400000001,350
52.460535010000001,323
52.463251620000001,312
52.465968230000001,307
52.468684840000002,360
52.471401450000002,364
52.474118060000002,323
52.476834670000002,322
52.479551280000003,338
52.482267890000003,308
52.484984500000003,356
52.487701109999996,350
52.490417719999996,347
52.493134329999997,345
52.495850939999997,343
52.498567549999997,309
52.501284159999997,344
52.504000769999998,359
52.506717379999998,304
52.509433989999998,320
52.512150599999998,329
52.514867209999998,349
52.517583819999999,308
52.520300429999999,368
52.523017039999999,338
52.525733649999999,338
52.52845026,337
52.53116687,334
52.53388348,346
52.53660009,347
52.539316700000001,345
52.542033310000001,354
52.544749920000001,343
52.547466530000001,350
52.550183140000001,315
52.552899750000002,322
52.555616360000002,303
52.558332970000002,329
52.561049580000002,360
52.563766190000003,353
52.566482800000003,354
52.569199410000003,386
52.571916019999996,343
52.574632629999996,391
52.577349239999997,358
52.580065849999997,339
52.582782459999997,341
52.585499069999997,377
52.588215679999998,331
52.590932289999998,343
52.593648899999998,341
52.596365509999998,374
52.599082119999998,351
52.601798729999999,353
52.604515339999999,354
52.607231949999999,361
52.609948559999999,371
52.61266517,346
52.61538178,311
52.61809839,357
52.620815,343
52.623531610000001,345
52.626248220000001,352
52.628964830000001,342
52.631681440000001,335
52.634398050000001,352
52.637114660000002,328
52.639831270000002,323
52.642547880000002,343
52.645264490000002,338
52.647981100000003,350
52.650697710000003,334
52.653414320000003,327
52.656130929999996,297
52.658847539999996,314
52.661564149999997,312
52.664280759999997,357
52.666997369999997,330
52.669713979999997,345
52.672430589999998,330
52.675147199999998,384
52.677863809999998,358
52.680580419999998,321
52.683297029999999,323
52.686013639999999,367
52.688730249999999,320
52.691446859999999,330
52.694163469999999,359
52.69688008,332
52.69959669,343
52.7023133,323
52.70502991,326
52.707746520000001,334
52.710463130000001,330
52.713179740000001,353
52.715896350000001,322
52.718612960000002,325
52.721329570000002,316
52.724046180000002,315
52.726762790000002,328
52.729479400000002,337
52.732196010000003,301
52.734912620000003,366
52.737629229999996,332
52.740345839999996,353
52.743062449999996,303
52.745779059999997,319
52.748495669999997,302
52.751212279999997,316
52.753928889999997,340
52.756645499999998,380
52.759362109999998,322
52.762078719999998,364
52.764795329999998,349
52.767511939999999,321
52.770228549999999,323
52.772945159999999,334
52.775661769999999,335
52.778378379999999,346
52.78109499,355
52.7838116,327
52.78652821,341
52.78924482,328
52.791961430000001,320
52.794678040000001,363
52.797394650000001,349
52.800111260000001,313
52.802827870000002,374
52.805544480000002,349
52.808261090000002,336
52.810977700000002,299
52.813694310000002,324
52.816410920000003,373
52.819127530000003,357
52.821844139999996,332
52.824560749999996,325
52.827277359999997,329
52.829993969999997,355
52.832710579999997,350
52.835427189999997,339
52.838143799999997,354
52.840860409999998,326
52.843577019999998,345
52.846293629999998,309
52.849010239999998,320
52.851726849999999,348
52.854443459999999,355
52.857160069999999,377
52.859876679999999,339
52.86259329,321
52.8653099,351
52.86802651,332
52.87074312,322
52.87345973,372
52.876176340000001,330
52.878892950000001,341
52.881609560000001,341
52.884326170000001,330
52.887042780000002,347
52.889759390000002,343
52.892476000000002,341
52.895192610000002,329
52.897909220000003,341
52.900625830000003,339
52.903342440000003,344
52.906059049999996,326
52.908775659999996,340
52.911492269999997,342
52.914208879999997,358
52.916925489999997,336
52.919642099999997,356
52.922358709999997,333
52.925075319999998,311
52.927791929999998,351
52.930508539999998,354
52.933225149999998,323
52.935941759999999,308
52.938658369999999,339
52.941374979999999,385
52.944091589999999,327
52.9468082,362
52.94952481,317
52.95224142,362
52.95495803,345
52.95767464,323
52.960391250000001,314
52.963107860000001,344
52.965824470000001,349
52.968541080000001,319
52.971257690000002,339
52.973974300000002,328
52.976690910000002,338
52.979407520000002,336
52.982124130000003,362
52.984840740000003,349
52.987557350000003,311
52.990273959999996,355
52.992990569999996,330
52.995707179999997,368
52.998423789999997,337
53.001140399999997,337
53.003857009999997,325
53.006573619999998,335
53.009290229999998,337
53.012006839999998,344
53.014723449999998,315
53.017440059999998,355
53.020156669999999,340
53.022873279999999,341
53.025589889999999,344
53.028306499999999,353
53.03102311,328
53.03373972,355
53.03645633,315
53.03917294,330
53.04188955,332
53.044606160000001,335
53.047322770000001,324
53.050039380000001,366
53.052755990000001,331
53.055472600000002,334
53.058189210000002,365
53.060905820000002,320
53.063622430000002,338
53.066339040000003,306
53.069055650000003,330
53.071772260000003,330
53.074488869999996,334
53.077205479999996,364
53.079922089999997,336
53.082638699999997,315
53.085355309999997,352
53.088071919999997,325
53.090788529999998,319
53.093505139999998,336
53.096221749999998,334
53.098938359999998,335
53.101654969999998,328
53.104371579999999,331
53.107088189999999,338
53.109804799999999,331
53.112521409999999,318
53.11523802,355
53.11795463,327
53.12067124,344
53.12338785,313
53.126104460000001,336
53.128821070000001,343
53.131537680000001,328
53.134254290000001,339
53.136970900000001,345
53.139687510000002,298
53.142404120000002,341
53.145120730000002,333
53.147837340000002,294
53.150553950000003,308
53.153270560000003,324
53.155987170000003,361
53.158703779999996,337
53.161420389999996,337
53.164136999999997,323
53.166853609999997,347
53.169570219999997,345
53.172286829999997,331
53.175003439999998,334
53.177720049999998,331
53.180436659999998,328
53.183153269999998,367
53.185869879999998,320
53.188586489999999,333
53.191303099999999,338
53.194019709999999,314
53.196736319999999,328
53.19945293,335
53.20216954,354
53.20488615,322
53.20760276,339
53.210319370000001,331
53.213035980000001,323
53.215752590000001,317
53.218469200000001,373
53.221185810000001,353
53.223902420000002,296
53.226619030000002,309
53.229335640000002,332
53.232052250000002,288
53.234768860000003,320
53.237485470000003,344
53.240202080000003,334
53.242918689999996,356
53.245635299999996,322
53.248351909999997,336
53.251068519999997,331
53.253785129999997,310
53.256501739999997,288
53.259218349999998,326
53.261934959999998,334
53.264651569999998,353
53.267368179999998,318
53.270084789999999,329
53.272801399999999,333
53.275518009999999,327
53.278234619999999,340
53.280951229999999,358
53.28366784,332
53.28638445,335
53.28910106,313
53.29181767,324
53.294534280000001,295
53.297250890000001,329
53.299967500000001,316
53.302684110000001,348
53.305400720000002,326
53.308117330000002,318
53.310833940000002,350
53.313550550000002,308
53.316267160000002,352
53.318983770000003,337
53.321700380000003,320
53.324416989999996,308
53.327133599999996,320
53.329850209999996,360
53.332566819999997,312
53.335283429999997,316
53.338000039999997,309
53.340716649999997,321
53.343433259999998,343
53.346149869999998,334
53.348866479999998,319
53.351583089999998,298
53.354299699999999,327
53.357016309999999,312
53.359732919999999,302
53.362449529999999,324
53.365166139999999,312
53.36788275,296
53.37059936,288
53.37331597,369
53.37603258,336
53.378749190000001,325
53.381465800000001,352
53.384182410000001,326
53.386899020000001,333
53.389615630000002,334
53.392332240000002,331
53.395048850000002,343
53.397765460000002,305
53.400482070000002,300
53.403198680000003,342
53.405915290000003,313
53.408631899999996,345
53.411348509999996,276
53.414065119999997,333
53.416781729999997,343
53.419498339999997,313
53.422214949999997,331
53.424931559999997,332
53.427648169999998,324
53.430364779999998,322
53.433081389999998,320
53.435797999999998,331
53.438514609999999,302
53.441231219999999,308
53.443947829999999,333
53.446664439999999,329
53.44938105,315
53.45209766,325
53.45481427,329
53.45753088,306
53.46024749,308
53.462964100000001,318
53.465680710000001,308
53.468397320000001,321
53.471113930000001,356
53.473830540000002,309
53.476547150000002,353
53.479263760000002,289
53.481980370000002,297
53.484696980000002,329
53.487413590000003,299
53.490130200000003,302
53.492846809999996,370
53.495563419999996,330
53.498280029999997,339
53.500996639999997,334
53.503713249999997,307
53.506429859999997,319
53.509146469999997,351
53.511863079999998,308
53.514579689999998,346
53.517296299999998,309
53.520012909999998,311
53.522729519999999,316
53.525446129999999,320
53.528162739999999,313
53.530879349999999,306
53.53359596,328
53.53631257,331
53.53902918,316
53.54174579,324
53.5444624,312
53.547179010000001,290
53.549895620000001,283
53.552612230000001,319
53.555328840000001,295
53.558045450000002,308
53.560762060000002,352
53.563478670000002,304
53.566195280000002,312
53.568911890000003,351
53.571628500000003,316
53.574345110000003,314
53.577061719999996,290
53.579778329999996,303
53.582494939999997,336
53.585211549999997,335
53.587928159999997,350
53.590644769999997,293
53.593361379999997,307
53.596077989999998,323
53.598794599999998,331
53.601511209999998,319
53.604227819999998,307
53.606944429999999,324
53.609661039999999,312
53.612377649999999,319
53.615094259999999,306
53.61781087,323
53.62052748,329
53.62324409,351
53.6259607,342
53.62867731,327
53.631393920000001,306
53.634110530000001,335
53.636827140000001,312
53.639543750000001,285
53.642260360000002,324
53.644976970000002,325
53.647693580000002,334
53.650410190000002,315
53.653126800000003,332
53.655843410000003,322
53.658560020000003,318
53.661276629999996,294
53.663993239999996,303
53.666709849999997,322
53.669426459999997,290
53.672143069999997,332
53.674859679999997,301
53.677576289999998,327
53.680292899999998,294
53.683009509999998,314
53.685726119999998,343
53.688442729999998,304
53.691159339999999,305
53.693875949999999,310
53.696592559999999,322
53.699309169999999,301
53.70202578,322
53.70474239,326
53.707459,289
53.71017561,324
53.712892220000001,371
53.715608830000001,342
53.718325440000001,323
53.721042050000001,327
53.723758660000001,281
53.726475270000002,296
53.729191880000002,322
53.731908490000002,316
53.734625100000002,350
53.737341710000003,306
53.740058320000003,291
53.742774930000003,299
53.745491539999996,329
53.748208149999996,324
53.750924759999997,332
53.753641369999997,323
53.756357979999997,341
53.759074589999997,296
53.761791199999998,368
53.764507809999998,294
53.767224419999998,318
53.769941029999998,309
53.772657639999998,281
53.775374249999999,281
53.778090859999999,303
53.780807469999999,301
53.783524079999999,304
53.78624069,339
53.7889573,298
53.79167391,337
53.79439052,299
53.797107130000001,298
53.799823740000001,300
53.802540350000001,315
53.805256960000001,299
53.807973570000001,307
53.810690180000002,292
53.813406790000002,307
53.816123400000002,343
53.818840010000002,326
53.821556620000003,333
53.824273230000003,292
53.826989840000003,310
53.829706449999996,327
53.832423059999996,307
53.835139669999997,329
53.837856279999997,316
53.840572889999997,370
53.843289499999997,302
53.846006109999998,279
53.848722719999998,322
53.851439329999998,314
53.854155939999998,319
53.856872549999999,310
53.859589159999999,372
53.862305769999999,320
53.865022379999999,287
53.867738989999999,284
53.8704556,328
53.87317221,322
53.87588882,333
53.87860543,336
53.881322040000001,317
53.884038650000001,303
53.886755260000001,322
53.889471870000001,305
53.892188480000002,280
53.894905090000002,303
53.897621700000002,295
53.900338310000002,328
53.903054920000002,326
53.905771530000003,271
53.908488140000003,312
53.911204749999996,306
53.913921359999996,296
53.916637969999996,323
53.919354579999997,311
53.922071189999997,330
53.924787799999997,315
53.927504409999997,324
53.930221019999998,292
53.932937629999998,313
53.935654239999998,306
53.938370849999998,310
53.941087459999999,307
53.943804069999999,263
53.946520679999999,285
53.949237289999999,331
53.951953899999999,324
53.95467051,279
53.95738712,291
53.96010373,317
53.96282034,322
53.965536950000001,332
53.968253560000001,284
53.970970170000001,360
53.973686780000001,301
53.976403390000002,278
53.979120000000002,313
53.981836610000002,294
53.984553220000002,331
53.987269830000002,278
53.989986440000003,301
53.992703050000003,299
53.995419659999996,321
53.998136269999996,296
54.000852879999997,306
54.003569489999997,343
54.006286099999997,332
54.009002709999997,339
54.011719319999997,272
54.014435929999998,331
54.017152539999998,262
54.019869149999998,312
54.022585759999998,311
54.025302369999999,280
54.028018979999999,328
54.030735589999999,308
54.033452199999999,315
54.036168809999999,289
54.03888542,316
54.04160203,326
54.04431864,323
54.04703525,333
54.049751860000001,304
54.052468470000001,364
54.055185080000001,337
54.057901690000001,331
54.060618300000002,311
54.063334910000002,308
54.066051520000002,326
54.068768130000002,307
54.071484740000002,310
54.074201350000003,307
54.076917960000003,292
54.079634569999996,328
54.082351179999996,312
54.085067789999997,297
54.087784399999997,296
54.090501009999997,284
54.093217619999997,336
54.095934229999997,327
54.098650839999998,277
54.101367449999998,315
54.104084059999998,347
54.106800669999998,309
54.109517279999999,305
54.112233889999999,335
54.114950499999999,319
54.117667109999999,350
54.12038372,310
54.12310033,302
54.12581694,295
54.12853355,285
54.13125016,329
54.133966770000001,347
54.136683380000001,307
54.139399990000001,298
54.142116600000001,288
54.144833210000002,344
54.147549820000002,300
54.150266430000002,309
54.152983040000002,292
54.155699650000003,311
54.158416260000003,323
54.161132870000003,296
54.163849479999996,362
54.166566089999996,287
54.169282699999997,315
54.171999309999997,309
54.174715919999997,331
54.177432529999997,290
54.180149139999997,335
54.182865749999998,330
54.185582359999998,330
54.188298969999998,314
54.191015579999998,335
54.193732189999999,334
54.196448799999999,304
54.199165409999999,300
54.201882019999999,305
54.20459863,308
54.20731524,285
54.21003185,298
54.21274846,327
54.21546507,300
54.218181680000001,313
54.220898290000001,280
54.223614900000001,336
54.226331510000001,339
54.229048120000002,288
54.231764730000002,282
54.234481340000002,301
54.237197950000002,321
54.239914560000003,328
54.242631170000003,298
54.245347780000003,302
54.248064389999996,303
54.250780999999996,308
54.253497609999997,315
54.256214219999997,304
54.258930829999997,304
54.261647439999997,273
54.264364049999998,327
54.267080659999998,355
54.269797269999998,307
54.272513879999998,303
54.275230489999998,323
54.277947099999999,306
54.280663709999999,309
54.283380319999999,285
54.286096929999999,281
54.28881354,305
54.29153015,329
54.29424676,302
54.29696337,317
54.299679980000001,314
54.302396590000001,302
54.305113200000001,314
54.307829810000001,313
54.310546420000001,344
54.313263030000002,325
54.315979640000002,330
54.318696250000002,287
54.321412860000002,302
54.324129470000003,304
54.326846080000003,322
54.329562690000003,310
54.332279299999996,336
54.334995909999996,306
54.337712519999997,320
54.340429129999997,327
54.343145739999997,334
54.345862349999997,311
54.348578959999998,308
54.351295569999998,306
54.354012179999998,300
54.356728789999998,294
54.359445399999998,311
54.362162009999999,315
54.364878619999999,314
54.367595229999999,277
54.370311839999999,334
54.37302845,301
54.37574506,331
54.37846167,305
54.38117828,332
54.383894890000001,298
54.386611500000001,294
54.389328110000001,302
54.392044720000001,306
54.394761330000001,297
54.397477940000002,315
54.400194550000002,330
54.402911160000002,315
54.405627770000002,331
54.408344380000003,300
54.411060990000003,291
54.413777600000003,306
54.416494209999996,309
54.419210819999996,326
54.421927429999997,294
54.424644039999997,311
54.427360649999997,310
54.430077259999997,318
54.432793869999998,278
54.435510479999998,316
54.438227089999998,330
54.440943699999998,300
54.443660309999999,302
54.446376919999999,318
54.449093529999999,312
54.451810139999999,318
54.454526749999999,326
54.45724336,278
54.45995997,329
54.46267658,305
54.46539319,312
54.468109800000001,298
54.470826410000001,336
54.473543020000001,303
54.476259630000001,305
54.478976240000001,312
54.481692850000002,335
54.484409460000002,286
54.487126070000002,306
54.489842680000002,313
54.492559290000003,321
54.495275900000003,268
54.497992509999996,328
54.500709119999996,302
54.503425729999996,291
54.506142339999997,319
54.508858949999997,291
54.511575559999997,306
54.514292169999997,336
54.517008779999998,296
54.519725389999998,298
54.522441999999998,313
54.525158609999998,288
54.527875219999999,290
54.530591829999999,291
54.533308439999999,299
54.536025049999999,289
54.538741659999999,312
54.54145827,313
54.54417488,292
54.54689149,236
54.5496081,344
54.552324710000001,283
54.555041320000001,296
54.557757930000001,334
54.560474540000001,295
54.563191150000002,319
54.565907760000002,300
54.568624370000002,278
54.571340980000002,318
54.574057590000002,329
54.576774200000003,315
54.579490810000003,304
54.582207419999996,311
54.584924029999996,303
54.587640639999996,275
54.590357249999997,286
54.593073859999997,293
54.595790469999997,299
54.598507079999997,309
54.601223689999998,285
54.603940299999998,298
54.606656909999998,321
54.609373519999998,295
54.612090129999999,296
54.614806739999999,288
54.617523349999999,350
54.620239959999999,303
54.622956569999999,284
54.62567318,318
54.62838979,292
54.6311064,344
54.63382301,281
54.636539620000001,310
54.639256230000001,278
54.641972840000001,301
54.644689450000001,315
54.647406060000002,315
54.650122670000002,282
54.652839280000002,320
54.655555890000002,290
54.658272500000002,290
54.660989110000003,290
54.663705720000003,291
54.666422329999996,348
54.669138939999996,285
54.671855549999997,313
54.674572159999997,340
54.677288769999997,294
54.680005379999997,306
54.682721989999997,305
54.685438599999998,309
54.688155209999998,302
54.690871819999998,317
54.693588429999998,282
54.696305039999999,303
54.699021649999999,288
54.701738259999999,325
54.704454869999999,306
54.70717148,267
54.70988809,295
54.7126047,305
54.71532131,314
54.71803792,326
54.720754530000001,316
54.723471140000001,311
54.726187750000001,268
54.728904360000001,305
54.731620970000002,257
54.734337580000002,274
54.737054190000002,296
54.739770800000002,308
54.742487410000003,291
54.745204020000003,283
54.747920630000003,297
54.750637239999996,299
54.753353849999996,289
54.756070459999997,326
54.758787069999997,319
54.761503679999997,318
54.764220289999997,324
54.766936899999997,298
54.769653509999998,314
54.772370119999998,285
54.775086729999998,269
54.777803339999998,323
54.780519949999999,292
54.783236559999999,275
54.785953169999999,300
54.788669779999999,274
54.79138639,329
54.794103,295
54.79681961,300
54.79953622,280
54.80225283,313
54.804969440000001,282
54.807686050000001,313
54.810402660000001,308
54.813119270000001,324
54.815835880000002,312
54.818552490000002,263
54.821269100000002,293
54.823985710000002,275
54.826702320000003,305
54.829418930000003,315
54.832135540000003,311
54.834852149999996,306
54.837568759999996,283
54.840285369999997,311
54.843001979999997,345
54.845718589999997,328
54.848435199999997,279
54.851151809999998,271
54.853868419999998,301
54.856585029999998,310
54.859301639999998,316
54.862018249999998,322
54.864734859999999,309
54.867451469999999,294
54.870168079999999,314
54.872884689999999,307
54.8756013,303
54.87831791,286
54.88103452,309
54.88375113,283
54.886467740000001,340
54.889184350000001,304
54.891900960000001,318
54.894617570000001,301
54.897334180000001,322
54.900050790000002,312
54.902767400000002,303
54.905484010000002,320
54.908200620000002,276
54.910917230000003,267
54.913633840000003,277
54.916350450000003,303
54.919067059999996,320
54.921783669999996,281
54.924500279999997,303
54.927216889999997,274
54.929933499999997,274
54.932650109999997,267
54.935366719999998,294
54.938083329999998,276
54.940799939999998,288
54.943516549999998,300
54.946233159999998,247
54.948949769999999,311
54.951666379999999,320
54.954382989999999,279
54.957099599999999,286
54.95981621,286
54.96253282,295
54.96524943,318
54.96796604,262
54.970682650000001,304
54.973399260000001,278
54.976115870000001,280
54.978832480000001,291
54.981549090000001,267
54.984265700000002,285
54.986982310000002,319
54.989698920000002,304
54.992415530000002,315
54.995132140000003,278
54.997848750000003,282
55.000565360000003,333
55.003281969999996,311
55.005998579999996,286
55.008715189999997,307
55.011431799999997,294
55.014148409999997,328
55.016865019999997,284
55.019581629999998,313
55.022298239999998,270
55.025014849999998,291
55.027731459999998,313
55.030448069999998,285
55.033164679999999,281
55.035881289999999,267
55.038597899999999,300
55.041314509999999,293
55.04403112,268
55.04674773,289
55.04946434,306
55.05218095,312
55.054897560000001,286
55.057614170000001,287
55.060330780000001,308
55.063047390000001,287
55.065764000000001,301
55.068480610000002,311
55.071197220000002,323
55.073913830000002,296
55.076630440000002,306
55.079347050000003,286
55.082063660000003,284
55.084780269999996,314
55.087496879999996,247
55.090213489999996,294
55.092930099999997,332
55.095646709999997,292
55.098363319999997,284
55.101079929999997,312
55.103796539999998,300
55.106513149999998,297
55.109229759999998,267
55.111946369999998,295
55.114662979999999,337
55.117379589999999,290
55.120096199999999,287
55.122812809999999,304
55.125529419999999,330
55.12824603,295
55.13096264,307
55.13367925,321
55.13639586,274
55.139112470000001,278
55.141829080000001,260
55.144545690000001,303
55.147262300000001,302
55.149978910000002,310
55.152695520000002,311
55.155412130000002,282
55.158128740000002,296
55.160845350000002,274
55.163561960000003,332
55.166278570000003,275
55.168995179999996,323
55.171711789999996,271
55.174428399999996,273
55.177145009999997,306
55.179861619999997,317
55.182578229999997,279
55.185294839999997,287
55.188011449999998,273
55.190728059999998,289
55.193444669999998,278
55.196161279999998,301
55.198877889999999,270
55.201594499999999,321
55.204311109999999,271
55.207027719999999,290
55.209744329999999,306
55.21246094,295
55.21517755,261
55.21789416,265
55.22061077,266
55.223327380000001,284
55.226043990000001,314
55.228760600000001,306
55.231477210000001,247
55.234193820000002,271
55.236910430000002,302
55.239627040000002,272
55.242343650000002,293
55.245060260000002,290
55.247776870000003,281
55.250493480000003,284
55.253210089999996,307
55.255926699999996,266
55.258643309999997,291
55.261359919999997,290
55.264076529999997,300
55.266793139999997,303
55.269509749999997,314
55.272226359999998,318
55.274942969999998,286
55.277659579999998,264
55.280376189999998,287
55.283092799999999,278
55.285809409999999,309
55.288526019999999,288
55.291242629999999,292
55.29395924,299
55.29667585,284
55.29939246,290
55.30210907,318
55.30482568,285
55.307542290000001,310
55.310258900000001,321
55.312975510000001,301
55.315692120000001,311
55.318408730000002,303
55.321125340000002,300
55.323841950000002,279
55.326558560000002,300
55.329275170000003,318
55.331991780000003,290
55.334708390000003,230
55.337424999999996,289
55.340141609999996,285
55.342858219999997,292
55.345574829999997,298
55.348291439999997,323
55.351008049999997,282
55.353724659999997,277
55.356441269999998,290
55.359157879999998,298
55.361874489999998,299
55.364591099999998,275
55.367307709999999,292
55.370024319999999,276
55.372740929999999,277
55.375457539999999,272
55.37817415,291
55.38089076,312
55.38360737,320
55.38632398,286
55.38904059,280
55.391757200000001,295
55.394473810000001,274
55.397190420000001,279
55.399907030000001,308
55.402623640000002,313
55.405340250000002,269
55.408056860000002,280
55.410773470000002,248
55.413490080000003,263
55.416206690000003,278
55.418923300000003,309
55.421639909999996,286
55.424356519999996,263
55.427073129999997,284
55.429789739999997,285
55.432506349999997,265
55.435222959999997,257
55.437939569999998,279
55.440656179999998,313
55.443372789999998,277
55.446089399999998,304
55.448806009999998,283
55.451522619999999,265
55.454239229999999,303
55.456955839999999,288
55.459672449999999,296
55.46238906,314
55.46510567,276
55.46782228,280
55.47053889,261
55.4732555,311
55.475972110000001,287
55.478688720000001,274
55.481405330000001,290
55.484121940000001,292
55.486838550000002,268
55.489555160000002,295
55.492271770000002,271
55.494988380000002,303
55.497704990000003,293
55.500421600000003,269
55.503138210000003,281
55.505854819999996,264
55.508571429999996,318
55.511288039999997,289
55.514004649999997,300
55.516721259999997,262
55.519437869999997,283
55.522154479999998,303
55.524871089999998,295
55.527587699999998,271
55.530304309999998,271
55.533020919999998,275
55.535737529999999,291
55.538454139999999,251
55.541170749999999,291
55.543887359999999,315
55.54660397,268
55.54932058,261
55.55203719,272
55.5547538,283
55.557470410000001,319
55.560187020000001,276
55.562903630000001,277
55.565620240000001,264
55.568336850000001,291
55.571053460000002,286
55.573770070000002,268
55.576486680000002,281
55.579203290000002,284
55.581919900000003,312
55.584636510000003,316
55.587353119999996,302
55.590069729999996,277
55.592786339999996,282
55.595502949999997,280
55.598219559999997,270
55.600936169999997,305
55.603652779999997,303
55.606369389999998,285
55.609085999999998,286
55.611802609999998,276
55.614519219999998,273
55.617235829999998,274
55.619952439999999,297
55.622669049999999,280
55.625385659999999,311
55.628102269999999,294
55.63081888,261
55.63353549,282
55.6362521,309
55.63896871,257
55.641685320000001,300
55.644401930000001,268
55.647118540000001,265
55.649835150000001,273
55.652551760000001,263
55.655268370000002,226
55.657984980000002,268
55.660701590000002,288
55.663418200000002,320
55.666134810000003,282
55.668851420000003,277
55.671568029999996,231
55.674284639999996,291
55.677001249999996,274
55.679717859999997,248
55.682434469999997,284
55.685151079999997,293
55.687867689999997,281
55.690584299999998,266
55.693300909999998,271
55.696017519999998,291
55.698734129999998,294
55.701450739999999,302
55.704167349999999,300
55.706883959999999,289
55.709600569999999,296
55.712317179999999,283
55.71503379,272
55.7177504,304
55.72046701,304
55.72318362,284
55.725900230000001,273
55.728616840000001,307
55.731333450000001,271
55.734050060000001,289
55.736766670000002,270
55.739483280000002,267
55.742199890000002,296
55.744916500000002,275
55.747633110000002,275
55.750349720000003,269
55.753066330000003,283
55.755782939999996,285
55.758499549999996,307
55.761216159999996,292
55.763932769999997,288
55.766649379999997,303
55.769365989999997,305
55.772082599999997,342
55.774799209999998,300
55.777515819999998,302
55.780232429999998,302
55.782949039999998,293
55.785665649999999,293
55.788382259999999,299
55.791098869999999,278
55.793815479999999,265
55.796532089999999,275
55.7992487,274
55.80196531,296
55.80468192,272
55.80739853,281
55.810115140000001,271
55.812831750000001,256
55.815548360000001,266
55.818264970000001,287
55.820981580000002,296
55.823698190000002,275
55.826414800000002,283
55.829131410000002,292
55.831848020000002,294
55.834564630000003,287
55.837281240000003,279
55.839997849999996,266
55.842714459999996,259
55.845431069999997,270
55.848147679999997,283
55.850864289999997,238
55.853580899999997,240
55.856297509999997,296
55.859014119999998,297
55.861730729999998,287
55.864447339999998,301
55.867163949999998,275
55.869880559999999,270
55.872597169999999,247
55.875313779999999,257
55.878030389999999,270
55.880747,276
55.88346361,288
55.88618022,276
55.88889683,290
55.89161344,271
55.894330050000001,241
55.897046660000001,307
55.899763270000001,286
55.902479880000001,249
55.905196490000002,268
55.907913100000002,308
55.910629710000002,282
55.913346320000002,249
55.916062930000002,278
55.918779540000003,291
55.921496150000003,263
55.924212759999996,276
55.926929369999996,263
55.929645979999997,269
55.932362589999997,285
55.935079199999997,295
55.937795809999997,266
55.940512419999997,260
55.943229029999998,307
55.945945639999998,302
55.948662249999998,273
55.951378859999998,258
55.954095469999999,288
55.956812079999999,256
55.959528689999999,292
55.962245299999999,259
55.96496191,284
55.96767852,301
55.97039513,273
55.97311174,301
55.97582835,261
55.978544960000001,270
55.981261570000001,275
55.983978180000001,244
55.986694790000001,259
55.989411400000002,288
55.992128010000002,269
55.994844620000002,307
55.997561230000002,274
56.000277840000003,246
56.002994450000003,259
56.005711060000003,296
56.008427669999996,286
56.011144279999996,239
56.013860889999997,274
56.016577499999997,241
56.019294109999997,268
56.022010719999997,267
56.024727329999997,296
56.027443939999998,258
56.030160549999998,282
56.032877159999998,297
56.035593769999998,290
56.038310379999999,260
56.041026989999999,265
56.043743599999999,266
56.046460209999999,244
56.04917682,271
56.05189343,304
56.05461004,282
56.05732665,275
56.06004326,264
56.062759870000001,283
56.065476480000001,237
56.068193090000001,300
56.070909700000001,265
56.073626310000002,271
56.076342920000002,266
56.079059530000002,293
56.081776140000002,236
56.084492750000003,275
56.087209360000003,280
56.089925970000003,290
56.092642579999996,278
56.095359189999996,284
56.098075799999997,285
56.100792409999997,244
56.103509019999997,274
56.106225629999997,279
56.108942239999998,280
56.111658849999998,271
56.114375459999998,285
56.117092069999998,279
56.119808679999998,277
56.122525289999999,282
56.125241899999999,283
56.127958509999999,300
56.130675119999999,268
56.13339173,233
56.13610834,292
56.13882495,274
56.14154156,272
56.144258170000001,272
56.146974780000001,285
56.149691390000001,284
56.152408000000001,245
56.155124610000001,280
56.157841220000002,276
56.160557830000002,270
56.163274440000002,282
56.165991050000002,240
56.168707660000003,282
56.171424270000003,265
56.174140879999996,273
56.176857489999996,289
56.179574099999996,290
56.182290709999997,288
56.185007319999997,261
56.187723929999997,291
56.190440539999997,256
56.193157149999998,277
56.195873759999998,281
56.198590369999998,271
56.201306979999998,256
56.204023589999998,274
56.206740199999999,298
56.209456809999999,267
56.212173419999999,274
56.214890029999999,285
56.21760664,268
56.22032325,272
56.22303986,272
56.22575647,261
56.228473080000001,301
56.231189690000001,244
56.233906300000001,257
56.236622910000001,266
56.239339520000001,271
56.242056130000002,286
56.244772740000002,270
56.247489350000002,296
56.250205960000002,278
56.252922570000003,279
56.255639180000003,260
56.258355789999996,260
56.261072399999996,268
56.263789009999996,262
56.266505619999997,248
56.269222229999997,298
56.271938839999997,239
56.274655449999997,312
56.277372059999998,314
56.280088669999998,295
56.282805279999998,278
56.285521889999998,292
56.288238499999999,286
56.290955109999999,314
56.293671719999999,269
56.296388329999999,292
56.299104939999999,269
56.30182155,272
56.30453816,248
56.30725477,271
56.30997138,272
56.312687990000001,269
56.315404600000001,265
56.318121210000001,272
56.320837820000001,249
56.323554430000002,280
56.326271040000002,262
56.328987650000002,281
56.331704260000002,296
56.334420870000002,260
56.337137480000003,259
56.339854090000003,278
56.342570699999996,271
56.345287309999996,302
56.348003919999996,237
56.350720529999997,292
56.353437139999997,262
56.356153749999997,272
56.358870359999997,280
56.361586969999998,246
56.364303579999998,279
56.367020189999998,240
56.369736799999998,264
56.372453409999999,258
56.375170019999999,270
56.377886629999999,273
56.380603239999999,283
56.383319849999999,246
56.38603646,300
56.38875307,246
56.39146968,284
56.39418629,291
56.396902900000001,284
56.399619510000001,250
56.402336120000001,269
56.405052730000001,260
56.407769340000002,279
56.410485950000002,281
56.413202560000002,247
56.415919170000002,249
56.418635780000002,288
56.421352390000003,267
56.424069000000003,269
56.426785609999996,262
56.429502219999996,261
56.432218829999997,272
56.434935439999997,244
56.437652049999997,292
56.440368659999997,261
56.443085269999997,259
56.445801879999998,268
56.448518489999998,264
56.451235099999998,282
56.453951709999998,268
56.456668319999999,290
56.459384929999999,276
56.462101539999999,265
56.464818149999999,264
56.467534759999999,277
56.47025137,271
56.47296798,279
56.47568459,279
56.4784012,266
56.481117810000001,276
56.483834420000001,248
56.486551030000001,292
56.489267640000001,249
56.491984250000002,256
56.494700860000002,285
56.497417470000002,256
56.500134080000002,241
56.502850690000002,305
56.505567300000003,249
56.508283910000003,274
56.511000519999996,273
56.513717129999996,272
56.516433739999997,264
56.519150349999997,297
56.521866959999997,274
56.524583569999997,282
56.527300179999997,287
56.530016789999998,304
56.532733399999998,274
56.535450009999998,286
56.538166619999998,274
56.540883229999999,248
56.543599839999999,262
56.546316449999999,287
56.549033059999999,285
56.55174967,287
56.55446628,305
56.55718289,244
56.5598995,273
56.56261611,291
56.565332720000001,265
56.568049330000001,279
56.570765940000001,264
56.573482550000001,291
56.576199160000002,281
56.578915770000002,272
56.581632380000002,277
56.584348990000002,249
56.587065600000003,240
56.589782210000003,243
56.592498820000003,277
56.595215429999996,256
56.597932039999996,249
56.600648649999997,288
56.603365259999997,279
56.606081869999997,283
56.608798479999997,277
56.611515089999997,259
56.614231699999998,259
56.616948309999998,257
56.619664919999998,287
56.622381529999998,271
56.625098139999999,264
56.627814749999999,265
56.630531359999999,265
56.633247969999999,273
56.63596458,257
56.63868119,257
56.6413978,276
56.64411441,270
56.64683102,301
56.649547630000001,287
56.652264240000001,258
56.654980850000001,270
56.657697460000001,262
56.660414070000002,276
56.663130680000002,294
56.665847290000002,275
56.668563900000002,280
56.671280510000003,264
56.673997120000003,257
56.676713730000003,285
56.679430339999996,266
56.682146949999996,269
56.684863559999997,283
56.687580169999997,261
56.690296779999997,292
56.693013389999997,236
56.695729999999998,243
56.698446609999998,278
56.701163219999998,256
56.703879829999998,295
56.706596439999998,256
56.709313049999999,266
56.712029659999999,256
56.714746269999999,263
56.717462879999999,264
56.72017949,306
56.7228961,289
56.72561271,257
56.72832932,258
56.731045930000001,248
56.733762540000001,286
56.736479150000001,276
56.739195760000001,296
56.741912370000001,270
56.744628980000002,291
56.747345590000002,256
56.750062200000002,286
56.752778810000002,293
56.755495420000003,250
56.758212030000003,271
56.760928639999996,250
56.763645249999996,268
56.766361859999996,265
56.769078469999997,270
56.771795079999997,272
56.774511689999997,242
56.777228299999997,251
56.779944909999998,241
56.782661519999998,247
56.785378129999998,259
56.788094739999998,246
56.790811349999998,233
56.793527959999999,294
56.796244569999999,268
56.798961179999999,274
56.801677789999999,264
56.8043944,240
56.80711101,241
56.80982762,270
56.81254423,257
56.815260840000001,282
56.817977450000001,268
56.820694060000001,243
56.823410670000001,277
56.826127280000001,251
56.828843890000002,262
56.831560500000002,288
56.834277110000002,257
56.836993720000002,275
56.839710330000003,260
56.842426940000003,309
56.845143549999996,265
56.847860159999996,231
56.850576769999996,288
56.853293379999997,292
56.856009989999997,278
56.858726599999997,257
56.861443209999997,293
56.864159819999998,271
56.866876429999998,279
56.869593039999998,284
56.872309649999998,256
56.875026259999999,259
56.877742869999999,297
56.880459479999999,301
56.883176089999999,289
56.885892699999999,279
56.88860931,269
56.89132592,295
56.89404253,272
56.89675914,236
56.899475750000001,290
56.902192360000001,266
56.904908970000001,265
56.907625580000001,314
56.910342190000001,271
56.913058800000002,274
56.915775410000002,264
56.918492020000002,248
56.921208630000002,276
56.923925240000003,315
56.926641850000003,243
56.929358459999996,271
56.932075069999996,259
56.934791679999996,269
56.937508289999997,273
56.940224899999997,281
56.942941509999997,270
56.945658119999997,280
56.948374729999998,291
56.951091339999998,234
56.953807949999998,223
56.956524559999998,244
56.959241169999999,225
56.961957779999999,281
56.964674389999999,280
56.967390999999999,268
56.970107609999999,280
56.97282422,264
56.97554083,246
56.97825744,276
56.98097405,306
56.983690660000001,270
56.986407270000001,248
56.989123880000001,273
56.991840490000001,265
56.994557100000002,268
56.997273710000002,271
56.999990320000002,272
57.002706930000002,294
57.005423540000002,259
57.008140150000003,261
57.010856760000003,263
57.013573369999996,268
57.016289979999996,285
57.019006589999996,271
57.021723199999997,277
57.024439809999997,269
57.027156419999997,271
57.029873029999997,264
57.032589639999998,295
57.035306249999998,270
57.038022859999998,244
57.040739469999998,276
57.043456079999999,227
57.046172689999999,270
57.048889299999999,240
57.051605909999999,285
57.054322519999999,312
57.05703913,259
57.05975574,247
57.06247235,271
57.06518896,238
57.067905570000001,246
57.070622180000001,289
57.073338790000001,289
57.076055400000001,282
57.078772010000002,265
57.081488620000002,263
57.084205230000002,291
57.086921840000002,258
57.089638450000002,269
57.092355060000003,276
57.095071670000003,263
57.097788279999996,265
57.100504889999996,311
57.103221499999997,257
57.105938109999997,262
57.108654719999997,273
57.111371329999997,300
57.114087939999997,260
57.116804549999998,274
57.119521159999998,259
57.122237769999998,240
57.124954379999998,275
57.127670989999999,285
57.130387599999999,265
57.133104209999999,262
57.135820819999999,272
57.13853743,264
57.14125404,259
57.14397065,259
57.14668726,274
57.14940387,266
57.152120480000001,235
57.154837090000001,283
57.157553700000001,278
57.160270310000001,228
57.162986920000002,279
57.165703530000002,272
57.168420140000002,261
57.171136750000002,264
57.173853360000003,302
57.176569970000003,259
57.179286580000003,261
57.182003189999996,245
57.184719799999996,227
57.187436409999997,234
57.190153019999997,244
57.192869629999997,276
57.195586239999997,262
57.198302849999997,289
57.201019459999998,278
57.203736069999998,281
57.206452679999998,274
57.209169289999998,293
57.211885899999999,269
57.214602509999999,243
57.217319119999999,307
57.220035729999999,270
57.22275234,269
57.22546895,244
57.22818556,278
57.23090217,256
57.23361878,267
57.236335390000001,272
57.239052000000001,277
57.241768610000001,250
57.244485220000001,224
57.247201830000002,263
57.249918440000002,258
57.252635050000002,279
57.255351660000002,245
57.258068270000003,259
57.260784880000003,250
57.263501490000003,256
57.266218099999996,276
57.268934709999996,269
57.271651319999997,250
57.274367929999997,267
57.277084539999997,227
57.279801149999997,263
57.282517759999998,292
57.285234369999998,260
57.287950979999998,304
57.290667589999998,300
57.293384199999998,248
57.296100809999999,235
57.298817419999999,261
57.301534029999999,249
57.304250639999999,271
57.30696725,251
57.30968386,279
57.31240047,277
57.31511708,222
57.317833690000001,274
57.320550300000001,264
57.323266910000001,268
57.325983520000001,239
57.328700130000001,249
57.331416740000002,265
57.334133350000002,264
57.336849960000002,283
57.339566570000002,261
57.342283180000003,264
57.344999790000003,298
57.347716399999996,261
57.350433009999996,270
57.353149619999996,232
57.355866229999997,245
57.358582839999997,268
57.361299449999997,241
57.364016059999997,263
57.366732669999998,272
57.369449279999998,268
57.372165889999998,248
57.374882499999998,244
57.377599109999998,290
57.380315719999999,275
57.383032329999999,271
57.385748939999999,245
57.388465549999999,266
57.39118216,224
57.39389877,247
57.39661538,259
57.39933199,261
57.402048600000001,230
57.404765210000001,256
57.407481820000001,251
57.410198430000001,261
57.412915040000001,278
57.415631650000002,264
57.418348260000002,241
57.421064870000002,262
57.423781480000002,296
57.426498090000003,256
57.429214700000003,243
57.431931309999996,258
57.434647919999996,269
57.437364529999996,258
57.440081139999997,265
57.442797749999997,269
57.445514359999997,250
57.448230969999997,258
57.450947579999998,258
57.453664189999998,291
57.456380799999998,267
57.459097409999998,275
57.461814019999998,259
57.464530629999999,292
57.467247239999999,234
57.469963849999999,264
57.472680459999999,265
57.47539707,256
57.47811368,288
57.48083029,274
57.4835469,235
57.486263510000001,272
57.488980120000001,269
57.491696730000001,267
57.494413340000001,226
57.497129950000001,247
57.499846560000002,280
57.502563170000002,241
57.505279780000002,250
57.507996390000002,236
57.510713000000003,257
57.513429610000003,264
57.516146219999996,249
57.518862829999996,263
57.521579439999996,239
57.524296049999997,270
57.527012659999997,280
57.529729269999997,241
57.532445879999997,244
57.535162489999998,270
57.537879099999998,270
57.540595709999998,248
57.543312319999998,247
57.546028929999999,259
57.548745539999999,275
57.551462149999999,262
57.554178759999999,264
57.556895369999999,275
57.55961198,282
57.56232859,228
57.5650452,262
57.56776181,284
57.570478420000001,286
57.573195030000001,278
57.575911640000001,235
57.578628250000001,280
57.581344860000002,259
57.584061470000002,278
57.586778080000002,293
57.589494690000002,260
57.592211300000002,248
57.594927910000003,250
57.597644520000003,283
57.600361129999996,277
57.603077739999996,285
57.605794349999996,250
57.608510959999997,265
57.611227569999997,257
57.613944179999997,242
57.616660789999997,256
57.619377399999998,239
57.622094009999998,284
57.624810619999998,257
57.627527229999998,270
57.630243839999999,246
57.632960449999999,230
57.635677059999999,265
57.638393669999999,241
57.641110279999999,262
57.64382689,236
57.6465435,261
57.64926011,262
57.65197672,276
57.654693330000001,286
57.657409940000001,249
57.660126550000001,242
57.662843160000001,248
57.665559770000002,293
57.668276380000002,239
57.670992990000002,278
57.673709600000002,260
57.676426210000002,256
57.679142820000003,243
57.681859430000003,275
57.684576039999996,256
57.687292649999996,232
57.690009259999997,264
57.692725869999997,283
57.695442479999997,292
57.698159089999997,232
57.700875699999997,245
57.703592309999998,248
57.706308919999998,236
57.709025529999998,259
57.711742139999998,245
57.714458749999999,245
57.717175359999999,273
57.719891969999999,260
57.722608579999999,243
57.72532519,248
57.7280418,288
57.73075841,263
57.73347502,245
57.73619163,244
57.738908240000001,259
57.741624850000001,267
57.744341460000001,246
57.747058070000001,248
57.749774680000002,262
57.752491290000002,283
57.755207900000002,282
57.757924510000002,249
57.760641120000003,241
57.763357730000003,229
57.766074340000003,229
57.768790949999996,248
57.771507559999996,230
57.774224169999997,210
57.776940779999997,259
57.779657389999997,216
57.782373999999997,218
57.785090609999997,239
57.787807219999998,237
57.790523829999998,216
57.793240439999998,261
57.795957049999998,261
57.798673659999999,291
57.801390269999999,300
57.804106879999999,235
57.806823489999999,240
57.8095401,267
57.81225671,245
57.81497332,274
57.81768993,272
57.82040654,269
57.823123150000001,266
57.825839760000001,273
57.828556370000001,277
57.831272980000001,273
57.833989590000002,258
57.836706200000002,244
57.839422810000002,279
57.842139420000002,242
57.844856030000003,258
57.847572640000003,224
57.850289250000003,237
57.853005859999996,262
57.855722469999996,243
57.858439079999997,276
57.861155689999997,261
57.863872299999997,261
57.866588909999997,265
57.869305519999998,278
57.872022129999998,231
57.874738739999998,246
57.877455349999998,245
57.880171959999998,218
57.882888569999999,263
57.885605179999999,243
57.888321789999999,243
57.891038399999999,237
57.89375501,244
57.89647162,234
57.89918823,275
57.90190484,249
57.90462145,277
57.907338060000001,263
57.910054670000001,268
57.912771280000001,263
57.915487890000001,225
57.918204500000002,256
57.920921110000002,216
57.923637720000002,264
57.926354330000002,272
57.929070940000003,249
57.931787550000003,252
57.934504159999996,233
57.937220769999996,218
57.939937379999996,266
57.942653989999997,245
57.945370599999997,281
57.948087209999997,299
57.950803819999997,237
57.953520429999998,227
57.956237039999998,234
57.958953649999998,282
57.961670259999998,248
57.964386869999998,238
57.967103479999999,261
57.969820089999999,234
57.972536699999999,262
57.975253309999999,296
57.97796992,274
57.98068653,223
57.98340314,263
57.98611975,228
57.988836360000001,289
57.991552970000001,231
57.994269580000001,269
57.996986190000001,260
57.999702800000001,243
58.002419410000002,247
58.005136020000002,257
58.007852630000002,248
58.010569240000002,237
58.013285850000003,237
58.016002460000003,259
58.018719069999996,219
58.021435679999996,267
58.024152289999996,262
58.026868899999997,256
58.029585509999997,245
58.032302119999997,248
58.035018729999997,257
58.037735339999998,245
58.040451949999998,271
58.043168559999998,281
58.045885169999998,246
58.048601779999998,266
58.051318389999999,211
58.054034999999999,259
58.056751609999999,240
58.059468219999999,225
58.06218483,265
58.06490144,259
58.06761805,277
58.07033466,274
58.073051270000001,248
58.075767880000001,241
58.078484490000001,235
58.081201100000001,249
58.083917710000001,285
58.086634320000002,239
58.089350930000002,248
58.092067540000002,246
58.094784150000002,268
58.097500760000003,266
58.100217370000003,283
58.102933979999996,231
58.105650589999996,264
58.108367199999996,251
58.111083809999997,282
58.113800419999997,278
58.116517029999997,247
58.119233639999997,261
58.121950249999998,238
58.124666859999998,265
58.127383469999998,269
58.130100079999998,274
58.132816689999999,245
58.135533299999999,264
58.138249909999999,215
58.140966519999999,280
58.143683129999999,240
58.14639974,259
58.14911635,250
58.15183296,264
58.15454957,248
58.157266180000001,244
58.159982790000001,262
58.162699400000001,257
58.165416010000001,256
58.168132620000002,269
58.170849230000002,274
58.173565840000002,256
58.176282450000002,273
58.178999060000002,256
58.181715670000003,246
58.184432280000003,239
58.187148889999996,264
58.189865499999996,261
58.192582109999996,246
58.195298719999997,225
58.198015329999997,271
58.200731939999997,274
58.203448549999997,232
58.206165159999998,248
58.208881769999998,230
58.211598379999998,267
58.214314989999998,245
58.217031599999999,277
58.219748209999999,242
58.222464819999999,278
58.225181429999999,262
58.227898039999999,267
58.23061465,225
58.23333126,265
58.23604787,245
58.23876448,247
58.241481090000001,281
58.244197700000001,232
58.246914310000001,276
58.249630920000001,294
58.252347530000002,246
58.255064140000002,256
58.257780750000002,242
58.260497360000002,263
58.263213970000002,280
58.265930580000003,244
58.268647190000003,260
58.271363799999996,267
58.274080409999996,270
58.276797019999997,277
58.279513629999997,267
58.282230239999997,266
58.284946849999997,239
58.287663459999997,232
58.290380069999998,229
58.293096679999998,279
58.295813289999998,256
58.298529899999998,260
58.301246509999999,251
58.303963119999999,248
58.306679729999999,260
58.309396339999999,267
58.31211295,256
58.31482956,256
58.31754617,242
58.32026278,278
58.32297939,266
58.325696000000001,228
58.328412610000001,291
58.331129220000001,244
58.333845830000001,245
58.336562440000002,294
58.339279050000002,241
58.341995660000002,260
58.344712270000002,250
58.347428880000002,217
58.350145490000003,236
58.352862100000003,241
58.355578709999996,248
58.358295319999996,262
58.361011929999997,260
58.363728539999997,258
58.366445149999997,283
58.369161759999997,239
58.371878369999997,241
58.374594979999998,235
58.377311589999998,230
58.380028199999998,282
58.382744809999998,262
58.385461419999999,221
58.388178029999999,240
58.390894639999999,230
58.393611249999999,251
58.39632786,283
58.39904447,237
58.40176108,243
58.40447769,309
58.4071943,250
58.409910910000001,245
58.412627520000001,283
58.415344130000001,219
58.418060740000001,270
58.420777350000002,269
58.423493960000002,278
58.426210570000002,250
58.428927180000002,220
58.431643790000003,247
58.434360400000003,228
58.437077010000003,245
58.439793619999996,282
58.442510229999996,287
58.445226839999997,256
58.447943449999997,288
58.450660059999997,260
58.453376669999997,238
58.456093279999997,222
58.458809889999998,236
58.461526499999998,231
58.464243109999998,251
58.466959719999998,261
58.469676329999999,243
58.472392939999999,277
58.475109549999999,247
58.477826159999999,248
58.48054277,261
58.48325938,278
58.48597599,265
58.4886926,268
58.49140921,244
58.494125820000001,234
58.496842430000001,249
58.499559040000001,243
58.502275650000001,226
58.504992260000002,265
58.507708870000002,266
58.510425480000002,231
58.513142090000002,278
58.515858700000003,261
58.518575310000003,245
58.521291919999996,247
58.524008529999996,232
58.526725139999996,251
58.529441749999997,270
58.532158359999997,274
58.534874969999997,249
58.537591579999997,243
58.540308189999998,240
58.543024799999998,277
58.545741409999998,286
58.548458019999998,246
58.551174629999998,291
58.553891239999999,271
58.556607849999999,256
58.559324459999999,248
58.562041069999999,274
58.56475768,257
58.56747429,262
58.5701909,247
58.57290751,268
58.575624120000001,257
58.578340730000001,244
58.581057340000001,259
58.583773950000001,256
58.586490560000001,264
58.589207170000002,268
58.591923780000002,239
58.594640390000002,240
58.597357000000002,276
58.600073610000003,279
58.602790220000003,270
58.605506829999996,265
58.608223439999996,234
58.610940049999996,256
58.613656659999997,275
58.616373269999997,233
58.619089879999997,269
58.621806489999997,241
58.624523099999998,231
58.627239709999998,273
58.629956319999998,270
58.632672929999998,297
58.635389539999998,240
58.638106149999999,230
58.640822759999999,260
58.643539369999999,262
58.646255979999999,249
58.64897259,236
58.6516892,230
58.65440581,238
58.65712242,225
58.659839030000001,230
58.662555640000001,234
58.665272250000001,238
58.667988860000001,264
58.670705470000001,247
58.673422080000002,265
58.676138690000002,279
58.678855300000002,256
58.681571910000002,259
58.684288520000003,245
58.687005130000003,266
58.689721739999996,247
58.692438349999996,274
58.695154959999996,247
58.697871569999997,257
58.700588179999997,259
58.703304789999997,250
58.706021399999997,257
58.708738009999998,250
58.711454619999998,244
58.714171229999998,232
58.716887839999998,237
58.719604449999999,290
58.722321059999999,244
58.725037669999999,265
58.727754279999999,225
58.730470889999999,233
58.7331875,263
58.73590411,261
58.73862072,248
58.74133733,285
58.744053940000001,231
58.746770550000001,263
58.749487160000001,269
58.752203770000001,286
58.754920380000002,246
58.757636990000002,268
58.760353600000002,260
58.763070210000002,279
58.765786820000002,270
58.768503430000003,249
58.771220040000003,242
58.773936649999996,274
58.776653259999996,232
58.779369869999996,268
58.782086479999997,273
58.784803089999997,236
58.787519699999997,259
58.790236309999997,266
58.792952919999998,240
58.795669529999998,257
58.798386139999998,272
58.801102749999998,272
58.803819359999999,247
58.806535969999999,261
58.809252579999999,229
58.811969189999999,258
58.814685799999999,246
58.81740241,243
58.82011902,265
58.82283563,263
58.82555224,225
58.828268850000001,272
58.830985460000001,270
58.833702070000001,265
58.836418680000001,283
58.839135290000002,224
58.841851900000002,230
58.844568510000002,256
58.847285120000002,273
58.850001730000002,271
58.852718340000003,260
58.855434950000003,229
58.858151559999996,281
58.860868169999996,270
58.863584779999996,271
58.866301389999997,243
58.869017999999997,267
58.871734609999997,210
58.874451219999997,269
58.877167829999998,270
58.879884439999998,283
58.882601049999998,273
58.885317659999998,261
58.888034269999999,246
58.890750879999999,235
58.893467489999999,264
58.896184099999999,269
58.898900709999999,234
58.90161732,258
58.90433393,221
58.90705054,270
58.90976715,243
58.912483760000001,250
58.915200370000001,272
58.917916980000001,267
58.920633590000001,219
58.923350200000002,227
58.926066810000002,250
58.928783420000002,274
58.931500030000002,241
58.934216640000002,247
58.936933250000003,215
58.939649860000003,237
58.942366469999996,224
58.945083079999996,229
58.947799689999997,273
58.950516299999997,228
58.953232909999997,280
58.955949519999997,267
58.958666129999997,241
58.961382739999998,232
58.964099349999998,223
58.966815959999998,256
58.969532569999998,202
58.972249179999999,281
58.974965789999999,247
58.977682399999999,236
58.980399009999999,244
58.98311562,262
58.98583223,238
58.98854884,274
58.99126545,247
58.99398206,272
58.996698670000001,238
58.999415280000001,269
59.002131890000001,275
59.004848500000001,248
59.007565110000002,225
59.010281720000002,239
59.012998330000002,260
59.015714940000002,281
59.018431550000003,259
59.021148160000003,226
59.023864770000003,229
59.026581379999996,271
59.029297989999996,250
59.032014599999997,249
59.034731209999997,249
59.037447819999997,237
59.040164429999997,229
59.042881039999997,284
59.045597649999998,218
59.048314259999998,251
59.051030869999998,232
59.053747479999998,270
59.056464089999999,225
59.059180699999999,250
59.061897309999999,235
59.064613919999999,260
59.06733053,239
59.07004714,242
59.07276375,250
59.07548036,228
59.07819697,248
59.080913580000001,237
59.083630190000001,247
59.086346800000001,246
59.089063410000001,247
59.091780020000002,237
59.094496630000002,258
59.097213240000002,216
59.099929850000002,259
59.102646460000003,237
59.105363070000003,237
59.108079679999996,246
59.110796289999996,248
59.113512899999996,236
59.116229509999997,261
59.118946119999997,225
59.121662729999997,269
59.124379339999997,250
59.127095949999998,232
59.129812559999998,274
59.132529169999998,238
59.135245779999998,242
59.137962389999998,250
59.140678999999999,260
59.143395609999999,248
59.146112219999999,233
59.148828829999999,279
59.15154544,238
59.15426205,239
59.15697866,246
59.15969527,262
59.162411880000001,237
59.165128490000001,246
59.167845100000001,240
59.170561710000001,213
59.173278320000001,284
59.175994930000002,277
59.178711540000002,241
59.181428150000002,207
59.184144760000002,245
59.186861370000003,237
59.189577980000003,263
59.192294589999996,246
59.195011199999996,232
59.197727809999996,250
59.200444419999997,262
59.203161029999997,232
59.205877639999997,206
59.208594249999997,198
59.211310859999998,232
59.214027469999998,256
59.216744079999998,259
59.219460689999998,236
59.222177299999998,226
59.224893909999999,226
59.227610519999999,240
59.230327129999999,241
59.233043739999999,244
59.23576035,238
59.23847696,234
59.24119357,230
59.24391018,215
59.246626790000001,224
59.249343400000001,247
59.252060010000001,271
59.254776620000001,245
59.257493230000001,233
59.260209840000002,224
59.262926450000002,205
59.265643060000002,214
59.268359670000002,243
59.271076280000003,242
59.273792890000003,265
59.276509499999996,259
59.279226109999996,226
59.281942719999996,260
59.284659329999997,232
59.287375939999997,217
59.290092549999997,269
59.292809159999997,257
59.295525769999998,256
59.298242379999998,204
59.300958989999998,211
59.303675599999998,223
59.306392209999998,237
59.309108819999999,230
59.311825429999999,250
59.314542039999999,239
59.317258649999999,232
59.31997526,239
59.32269187,239
59.32540848,256
59.32812509,269
59.330841700000001,264
59.333558310000001,242
59.336274920000001,271
59.338991530000001,264
59.341708140000001,235
59.344424750000002,266
59.347141360000002,245
59.349857970000002,242
59.352574580000002,229
59.355291190000003,280
59.358007800000003,260
59.360724409999996,209
59.363441019999996,228
59.366157629999996,240
59.368874239999997,234
59.371590849999997,240
59.374307459999997,260
59.377024069999997,222
59.379740679999998,237
59.382457289999998,259
59.385173899999998,264
59.387890509999998,268
59.390607119999999,243
59.393323729999999,220
59.396040339999999,266
59.398756949999999,230
59.401473559999999,261
59.40419017,239
59.40690678,275
59.40962339,237
59.41234,224
59.415056610000001,268
59.417773220000001,270
59.420489830000001,247
59.423206440000001,265
59.425923050000002,231
59.428639660000002,227
59.431356270000002,232
59.434072880000002,236
59.436789490000002,242
59.439506100000003,259
59.442222710000003,236
59.444939319999996,231
59.447655929999996,271
59.450372539999996,220
59.453089149999997,263
59.455805759999997,224
59.458522369999997,261
59.461238979999997,245
59.463955589999998,234
59.466672199999998,245
59.469388809999998,233
59.472105419999998,276
59.474822029999999,232
59.477538639999999,259
59.480255249999999,220
59.482971859999999,239
59.485688469999999,244
59.48840508,232
59.49112169,239
59.4938383,243
59.49655491,236
59.499271520000001,217
59.501988130000001,233
59.504704740000001,227
59.507421350000001,224
59.510137960000002,266
59.512854570000002,237
59.515571180000002,247
59.518287790000002,226
59.521004400000002,260
59.523721010000003,244
59.526437620000003,237
59.529154229999996,250
59.531870839999996,242
59.534587449999997,273
59.537304059999997,243
59.540020669999997,232
59.542737279999997,211
59.545453889999997,244
59.548170499999998,220
59.550887109999998,226
59.553603719999998,234
59.556320329999998,239
59.559036939999999,238
59.561753549999999,230
59.564470159999999,239
59.567186769999999,249
59.56990338,259
59.57261999,275
59.5753366,234
59.57805321,238
59.58076982,265
59.583486430000001,249
59.586203040000001,240
59.588919650000001,243
59.591636260000001,231
59.594352870000002,270
59.597069480000002,249
59.599786090000002,231
59.602502700000002,245
59.605219310000003,246
59.607935920000003,225
59.610652530000003,201
59.613369139999996,228
59.616085749999996,261
59.618802359999997,238
59.621518969999997,236
59.624235579999997,232
59.626952189999997,226
59.629668799999997,247
59.632385409999998,234
59.635102019999998,232
59.637818629999998,228
59.640535239999998,263
59.643251849999999,244
59.645968459999999,269
59.648685069999999,243
59.651401679999999,236
59.65411829,237
59.6568349,246
59.65955151,232
59.66226812,259
59.66498473,238
59.667701340000001,234
59.670417950000001,249
59.673134560000001,227
59.675851170000001,257
59.678567780000002,237
59.681284390000002,229
59.684001000000002,274
59.686717610000002,251
59.689434220000003,220
59.692150830000003,256
59.694867439999996,213
59.697584049999996,213
59.700300659999996,232
59.703017269999997,250
59.705733879999997,276
59.708450489999997,217
59.711167099999997,237
59.713883709999998,236
59.716600319999998,242
59.719316929999998,225
59.722033539999998,262
59.724750149999998,269
59.727466759999999,221
59.730183369999999,242
59.732899979999999,237
59.735616589999999,259
59.7383332,225
59.74104981,233
59.74376642,243
59.74648303,259
59.74919964,233
59.751916250000001,231
59.754632860000001,264
59.757349470000001,256
59.760066080000001,235
59.762782690000002,218
59.765499300000002,259
59.768215910000002,272
59.770932520000002,223
59.773649130000003,245
59.776365740000003,221
59.779082349999996,227
59.781798959999996,265
59.784515569999996,210
59.787232179999997,265
59.789948789999997,250
59.792665399999997,233
59.795382009999997,250
59.798098619999998,265
59.800815229999998,219
59.803531839999998,248
59.806248449999998,246
59.808965059999998,257
59.811681669999999,240
59.814398279999999,242
59.817114889999999,250
59.819831499999999,238
59.82254811,237
59.82526472,258
59.82798133,230
59.83069794,233
59.833414550000001,292
59.836131160000001,226
59.838847770000001,246
59.841564380000001,209
59.844280990000001,218
59.846997600000002,231
59.849714210000002,234
59.852430820000002,183
59.855147430000002,242
59.857864040000003,236
59.860580650000003,245
59.863297259999996,243
59.866013869999996,207
59.868730479999996,256
59.871447089999997,230
59.874163699999997,247
59.876880309999997,237
59.879596919999997,244
59.882313529999998,240
59.885030139999998,238
59.887746749999998,209
59.890463359999998,223
59.893179969999998,225
59.895896579999999,230
59.898613189999999,223
59.901329799999999,245
59.904046409999999,264
59.90676302,216
59.90947963,241
59.91219624,250
59.91491285,236
59.917629460000001,223
59.920346070000001,229
59.923062680000001,240
59.925779290000001,227
59.928495900000001,235
59.931212510000002,234
59.933929120000002,213
59.936645730000002,226
59.939362340000002,247
59.942078950000003,271
59.944795560000003,246
59.947512169999996,232
59.950228779999996,228
59.952945389999996,220
59.955661999999997,256
59.958378609999997,210
59.961095219999997,235
59.963811829999997,218
59.966528439999998,239
59.969245049999998,250
59.971961659999998,242
59.974678269999998,236
59.977394879999999,249
59.980111489999999,228
59.982828099999999,243
59.985544709999999,282
59.988261319999999,240
59.99097793,231
59.99369454,225
59.99641115,222
59.99912776,256
60.001844370000001,247
60.004560980000001,214
60.007277590000001,276
60.009994200000001,208
60.012710810000002,227
60.015427420000002,210
60.018144030000002,229
60.020860640000002,192
60.023577250000002,234
60.026293860000003,207
60.029010470000003,240
60.031727079999996,236
60.034443689999996,233
60.037160299999996,249
60.039876909999997,191
60.042593519999997,229
60.045310129999997,228
60.048026739999997,210
60.050743349999998,266
60.053459959999998,247
60.056176569999998,229
60.058893179999998,237
60.061609789999999,219
60.064326399999999,237
60.067043009999999,237
60.069759619999999,231
60.072476229999999,221
60.07519284,266
60.07790945,215
60.08062606,237
60.08334267,266
60.086059280000001,228
60.088775890000001,202
60.091492500000001,249
60.094209110000001,249
60.096925720000002,261
60.099642330000002,242
60.102358940000002,247
60.105075550000002,218
60.107792160000002,223
60.110508770000003,259
60.113225380000003,235
60.115941989999996,240
60.118658599999996,235
60.121375209999997,238
60.124091819999997,235
60.126808429999997,248
60.129525039999997,242
60.132241649999997,242
60.134958259999998,217
60.137674869999998,222
60.140391479999998,206
60.143108089999998,258
60.145824699999999,237
60.148541309999999,244
60.151257919999999,231
60.153974529999999,247
60.15669114,227
60.15940775,232
60.16212436,233
60.16484097,239
60.16755758,208
60.170274190000001,264
60.172990800000001,241
60.175707410000001,218
60.178424020000001,269
60.181140630000002,238
60.183857240000002,222
60.186573850000002,273
60.189290460000002,219
60.192007070000002,239
60.194723680000003,235
60.197440290000003,220
60.200156899999996,229
60.202873509999996,249
60.205590119999997,266
60.208306729999997,257
60.211023339999997,279
60.213739949999997,242
60.216456559999997,234
60.219173169999998,246
60.221889779999998,256
60.224606389999998,236
60.227322999999998,216
60.230039609999999,242
60.232756219999999,234
60.235472829999999,230
60.238189439999999,193
60.24090605,241
60.24362266,234
60.24633927,238
60.24905588,268
60.25177249,228
60.254489100000001,229
60.257205710000001,238
60.259922320000001,271
60.262638930000001,226
60.265355540000002,249
60.268072150000002,205
60.270788760000002,238
60.273505370000002,236
60.276221980000003,218
60.278938590000003,204
60.281655199999996,209
60.284371809999996,220
60.287088419999996,222
60.289805029999997,215
60.292521639999997,243
60.295238249999997,238
60.297954859999997,219
60.300671469999997,238
60.303388079999998,231
60.306104689999998,205
60.308821299999998,250
60.311537909999998,242
60.314254519999999,231
60.316971129999999,232
60.319687739999999,246
60.322404349999999,229
60.32512096,214
60.32783757,216
60.33055418,216
60.33327079,205
60.3359874,233
60.338704010000001,213
60.341420620000001,268
60.344137230000001,205
60.346853840000001,246
60.349570450000002,241
60.352287060000002,244
60.355003670000002,209
60.357720280000002,263
60.360436890000003,218
60.363153500000003,249
60.365870109999996,227
60.368586719999996,259
60.371303329999996,217
60.374019939999997,266
60.376736549999997,239
60.379453159999997,214
60.382169769999997,214
60.384886379999998,232
60.387602989999998,241
60.390319599999998,234
60.393036209999998,216
60.395752819999998,206
60.398469429999999,222
60.401186039999999,240
60.403902649999999,257
60.406619259999999,228
60.40933587,201
60.41205248,242
60.41476909,240
60.4174857,210
60.420202310000001,223
60.422918920000001,224
60.425635530000001,257
60.428352140000001,233
60.431068750000001,228
60.433785360000002,224
60.436501970000002,229
60.439218580000002,193
60.441935190000002,243
60.444651800000003,258
60.447368410000003,224
60.450085019999996,218
60.452801629999996,198
60.455518239999996,210
60.458234849999997,234
60.460951459999997,230
60.463668069999997,237
60.466384679999997,239
60.469101289999998,273
60.471817899999998,243
60.474534509999998,225
60.477251119999998,217
60.479967729999998,243
60.482684339999999,238
60.485400949999999,232
60.488117559999999,198
60.490834169999999,206
60.49355078,218
60.49626739,235
60.498984,235
60.50170061,227
60.504417220000001,225
60.507133830000001,240
60.509850440000001,242
60.512567050000001,194
60.515283660000001,244
60.518000270000002,240
60.520716880000002,233
60.523433490000002,260
60.526150100000002,245
60.528866710000003,256
60.531583320000003,191
60.534299929999996,244
60.537016539999996,280
60.539733149999996,227
60.542449759999997,229
60.545166369999997,245
60.547882979999997,218
60.550599589999997,223
60.553316199999998,229
60.556032809999998,226
60.558749419999998,240
60.561466029999998,230
60.564182639999999,226
60.566899249999999,263
60.569615859999999,280
60.572332469999999,233
60.575049079999999,240
60.57776569,227
60.5804823,245
60.58319891,246
60.58591552,215
60.588632130000001,226
60.591348740000001,238
60.594065350000001,229
60.596781960000001,237
60.599498570000002,242
60.602215180000002,227
60.604931790000002,229
60.607648400000002,263
60.610365010000002,269
60.613081620000003,232
60.615798230000003,231
60.618514839999996,269
60.621231449999996,237
60.623948059999996,207
60.626664669999997,231
60.629381279999997,232
60.632097889999997,237
60.634814499999997,261
60.637531109999998,240
60.640247719999998,233
60.642964329999998,227
60.645680939999998,245
60.648397549999999,276
60.651114159999999,242
60.653830769999999,219
60.656547379999999,230
60.659263989999999,231
60.6619806,251
60.66469721,244
60.66741382,208
60.67013043,207
60.672847040000001,214
60.675563650000001,221
60.678280260000001,266
60.680996870000001,244
60.683713480000002,236
60.686430090000002,274
60.689146700000002,233
60.691863310000002,226
60.694579920000002,260
60.697296530000003,206
60.700013140000003,239
60.702729749999996,243
60.705446359999996,270
60.708162969999997,212
60.710879579999997,258
60.713596189999997,213
60.716312799999997,224
60.719029409999997,224
60.721746019999998,221
60.724462629999998,261
60.727179239999998,222
60.729895849999998,256
60.732612459999999,262
60.735329069999999,206
60.738045679999999,212
60.740762289999999,244
60.743478899999999,225
60.74619551,204
60.74891212,267
60.75162873,235
60.75434534,243
60.757061950000001,233
60.759778560000001,247
60.762495170000001,229
60.765211780000001,225
60.767928390000002,261
60.770645000000002,241
60.773361610000002,215
60.776078220000002,240
60.778794830000002,242
60.781511440000003,270
60.784228049999996,259
60.786944659999996,237
60.789661269999996,219
60.792377879999997,233
60.795094489999997,257
60.797811099999997,263
60.800527709999997,246
60.803244319999997,278
60.805960929999998,211
60.808677539999998,226
60.811394149999998,228
60.814110759999998,226
60.816827369999999,267
60.819543979999999,227
60.822260589999999,268
60.824977199999999,241
60.82769381,217
60.83041042,220
60.83312703,259
60.83584364,247
60.83856025,233
60.841276860000001,237
60.843993470000001,257
60.846710080000001,238
60.849426690000001,223
60.852143300000002,221
60.854859910000002,223
60.857576520000002,231
60.860293130000002,260
60.863009740000003,237
60.865726350000003,245
60.868442959999996,240
60.871159569999996,234
60.873876179999996,239
60.876592789999997,247
60.879309399999997,217
60.882026009999997,247
60.884742619999997,245
60.887459229999997,243
60.890175839999998,258
60.892892449999998,250
60.895609059999998,274
60.898325669999998,251
60.901042279999999,243
60.903758889999999,241
60.906475499999999,242
60.909192109999999,242
60.91190872,232
60.91462533,224
60.91734194,234
60.92005855,249
60.92277516,250
60.925491770000001,241
60.928208380000001,219
60.930924990000001,257
60.933641600000001,242
60.936358210000002,217
60.939074820000002,257
60.941791430000002,238
60.944508040000002,238
60.947224650000003,223
60.949941260000003,268
60.952657869999996,259
60.955374479999996,228
60.958091089999996,244
60.960807699999997,266
60.963524309999997,226
60.966240919999997,247
60.968957529999997,248
60.971674139999998,228
60.974390749999998,231
60.977107359999998,235
60.979823969999998,261
60.982540579999998,232
60.985257189999999,238
60.987973799999999,261
60.990690409999999,229
60.993407019999999,220
60.99612363,272
60.99884024,258
61.00155685,249
61.00427346,246
61.006990070000001,248
61.009706680000001,260
61.012423290000001,247
61.015139900000001,235
61.017856510000001,227
61.020573120000002,221
61.023289730000002,228
61.026006340000002,235
61.028722950000002,277
61.031439560000003,230
61.034156170000003,246
61.036872779999996,269
61.039589389999996,244
61.042305999999996,236
61.045022609999997,238
61.047739219999997,251
61.050455829999997,237
61.053172439999997,223
61.055889049999998,277
61.058605659999998,230
61.061322269999998,274
61.064038879999998,231
61.066755489999998,261
61.069472099999999,245
61.072188709999999,248
61.074905319999999,246
61.077621929999999,244
61.08033854,226
61.08305515,249
61.08577176,249
61.08848837,239
61.091204980000001,230
61.093921590000001,259
61.096638200000001,232
61.099354810000001,258
61.102071420000001,215
61.104788030000002,250
61.107504640000002,259
61.110221250000002,228
61.112937860000002,243
61.115654470000003,227
61.118371080000003,233
61.121087689999996,234
61.123804299999996,234
61.126520909999996,245
61.129237519999997,242
61.131954129999997,244
61.134670739999997,236
61.137387349999997,242
61.140103959999998,233
61.142820569999998,244
61.145537179999998,216
61.148253789999998,223
61.150970399999999,239
61.153687009999999,247
61.156403619999999,218
61.159120229999999,256
61.161836839999999,250
61.16455345,226
61.16727006,224
61.16998667,239
61.17270328,230
61.175419890000001,219
61.178136500000001,239
61.180853110000001,211
61.183569720000001,245
61.186286330000001,222
61.189002940000002,244
61.191719550000002,256
61.194436160000002,272
61.197152770000002,249
61.199869380000003,272
61.202585990000003,220
61.205302599999996,230
61.208019209999996,219
61.210735819999996,222
61.213452429999997,242
61.216169039999997,256
61.218885649999997,283
61.221602259999997,247
61.224318869999998,248
61.227035479999998,220
61.229752089999998,241
61.232468699999998,243
61.235185309999999,215
61.237901919999999,224
61.240618529999999,243
61.243335139999999,261
61.246051749999999,223
61.24876836,244
61.25148497,245
61.25420158,231
61.25691819,226
61.259634800000001,243
61.262351410000001,233
61.265068020000001,246
61.267784630000001,228
61.270501240000002,240
61.273217850000002,223
61.275934460000002,248
61.278651070000002,226
61.281367680000002,213
61.284084290000003,249
61.286800900000003,268
61.289517509999996,263
61.292234119999996,273
61.294950729999996,247
61.297667339999997,248
61.300383949999997,240
61.303100559999997,222
61.305817169999997,281
61.308533779999998,265
61.311250389999998,269
61.313966999999998,241
61.316683609999998,248
61.319400219999999,276
61.322116829999999,222
61.324833439999999,226
61.327550049999999,233
61.330266659999999,230
61.33298327,227
61.33569988,246
61.33841649,247
61.3411331,240
61.343849710000001,220
61.346566320000001,194
61.349282930000001,257
61.351999540000001,225
61.354716150000002,270
61.357432760000002,224
61.360149370000002,246
61.362865980000002,218
61.365582590000002,266
61.368299200000003,249
61.371015809999996,266
61.373732419999996,192
61.376449029999996,234
61.379165639999997,235
61.381882249999997,231
61.384598859999997,259
61.387315469999997,244
61.390032079999997,261
61.392748689999998,237
61.395465299999998,269
61.398181909999998,266
61.400898519999998,196
61.403615129999999,237
61.406331739999999,229
61.409048349999999,217
61.411764959999999,239
61.41448157,235
61.41719818,240
61.41991479,264
61.4226314,214
61.42534801,209
61.428064620000001,232
61.430781230000001,222
61.433497840000001,228
61.436214450000001,218
61.438931060000002,247
61.441647670000002,237
61.444364280000002,234
61.447080890000002,228
61.449797500000003,249
61.452514110000003,256
61.455230719999996,228
61.457947329999996,230
61.460663939999996,234
61.463380549999997,234
61.466097159999997,215
61.468813769999997,214
61.471530379999997,272
61.474246989999997,237
61.476963599999998,247
61.479680209999998,272
61.482396819999998,206
61.485113429999998,248
61.487830039999999,237
61.490546649999999,246
61.493263259999999,246
61.495979869999999,220
61.49869648,230
61.50141309,267
61.5041297,238
61.50684631,242
61.50956292,236
61.512279530000001,261
61.514996140000001,214
61.517712750000001,232
61.520429360000001,210
61.523145970000002,263
61.525862580000002,235
61.528579190000002,240
61.531295800000002,263
61.534012410000003,240
61.536729020000003,248
61.539445629999996,267
61.542162239999996,231
61.544878849999996,265
61.547595459999997,257
61.550312069999997,226
61.553028679999997,233
61.555745289999997,213
61.558461899999998,239
61.561178509999998,234
61.563895119999998,293
61.566611729999998,218
61.569328339999998,228
61.572044949999999,245
61.574761559999999,226
61.577478169999999,229
61.580194779999999,223
61.58291139,226
61.585628,246
61.58834461,275
61.59106122,257
61.593777830000001,256
61.596494440000001,213
61.599211050000001,208
61.601927660000001,240
61.604644270000001,244
61.607360880000002,242
61.610077490000002,249
61.612794100000002,249
61.615510710000002,210
61.618227320000003,267
61.620943930000003,231
61.623660539999996,250
61.626377149999996,269
61.629093759999996,238
61.631810369999997,274
61.634526979999997,245
61.637243589999997,237
61.639960199999997,221
61.642676809999998,244
61.645393419999998,242
61.648110029999998,242
61.650826639999998,218
61.653543249999998,234
61.656259859999999,245
61.658976469999999,246
61.661693079999999,233
61.664409689999999,210
61.6671263,240
61.66984291,258
61.67255952,275
61.67527613,249
61.677992740000001,240
61.680709350000001,219
61.683425960000001,260
61.686142570000001,270
61.688859180000001,220
61.691575790000002,227
61.694292400000002,219
61.697009010000002,225
61.699725620000002,238
61.702442230000003,239
61.705158840000003,267
61.707875449999996,217
61.710592059999996,229
61.713308669999996,242
61.716025279999997,262
61.718741889999997,243
61.721458499999997,213
61.724175109999997,236
61.726891719999998,281
61.729608329999998,221
61.732324939999998,236
61.735041549999998,229
61.737758159999998,262
61.740474769999999,235
61.743191379999999,249
61.745907989999999,234
61.748624599999999,260
61.75134121,261
61.75405782,238
61.75677443,245
61.75949104,227
61.762207650000001,235
61.764924260000001,247
61.767640870000001,237
61.770357480000001,226
61.773074090000001,244
61.775790700000002,236
61.778507310000002,234
61.781223920000002,265
61.783940530000002,244
61.786657140000003,216
61.789373750000003,215
61.792090359999996,241
61.794806969999996,238
61.797523579999996,264
61.800240189999997,281
61.802956799999997,237
61.805673409999997,237
61.808390019999997,239
61.811106629999998,243
61.813823239999998,256
61.816539849999998,259
61.819256459999998,231
61.821973069999999,272
61.824689679999999,264
61.827406289999999,222
61.830122899999999,264
61.832839509999999,242
61.83555612,260
61.83827273,256
61.84098934,223
61.84370595,243
61.846422560000001,230
61.849139170000001,256
61.851855780000001,256
61.854572390000001,256
61.857289000000002,241
61.860005610000002,256
61.862722220000002,246
61.865438830000002,235
61.868155440000002,264
61.870872050000003,250
61.873588660000003,231
61.876305269999996,256
61.879021879999996,256
61.881738489999996,235
61.884455099999997,257
61.887171709999997,236
61.889888319999997,237
61.892604929999997,243
61.895321539999998,272
61.898038149999998,220
61.900754759999998,248
61.903471369999998,208
61.906187979999999,217
61.908904589999999,208
61.911621199999999,271
61.914337809999999,278
61.917054419999999,243
61.91977103,240
61.92248764,226
61.92520425,212
61.92792086,235
61.930637470000001,270
61.933354080000001,218
61.936070690000001,242
61.938787300000001,218
61.941503910000002,256
61.944220520000002,244
61.946937130000002,266
61.949653740000002,237
61.952370350000002,241
61.955086960000003,233
61.957803569999996,256
61.960520179999996,249
61.963236789999996,213
61.965953399999997,243
61.968670009999997,261
61.971386619999997,229
61.974103229999997,236
61.976819839999997,236
61.979536449999998,232
61.982253059999998,246
61.984969669999998,293
61.987686279999998,258
61.990402889999999,266
61.993119499999999,264
61.995836109999999,262
61.998552719999999,241
62.00126933,262
62.00398594,248
62.00670255,235
62.00941916,239
62.01213577,279
62.014852380000001,236
62.017568990000001,240
62.020285600000001,232
62.023002210000001,236
62.025718820000002,245
62.028435430000002,213
62.031152040000002,246
62.033868650000002,256
62.036585260000003,235
62.039301870000003,243
62.042018479999996,248
62.044735089999996,239
62.047451699999996,266
62.050168309999997,258
62.052884919999997,243
62.055601529999997,244
62.058318139999997,263
62.061034749999997,242
62.063751359999998,214
62.066467969999998,260
62.069184579999998,230
62.071901189999998,231
62.074617799999999,269
62.077334409999999,231
62.080051019999999,269
62.082767629999999,246
62.08548424,226
62.08820085,270
62.09091746,241
62.09363407,256
62.09635068,257
62.099067290000001,259
62.101783900000001,212
62.104500510000001,228
62.107217120000001,256
62.109933730000002,242
62.112650340000002,236
62.115366950000002,285
62.118083560000002,233
62.120800170000003,242
62.123516780000003,249
62.126233389999996,212
62.128949999999996,267
62.131666609999996,243
62.134383219999997,235
62.137099829999997,227
62.139816439999997,277
62.142533049999997,256
62.145249659999998,220
62.147966269999998,249
62.150682879999998,235
62.153399489999998,240
62.156116099999998,237
62.158832709999999,219
62.161549319999999,231
62.164265929999999,241
62.166982539999999,236
62.16969915,259
62.17241576,244
62.17513237,244
62.17784898,250
62.18056559,226
62.183282200000001,250
62.185998810000001,261
62.188715420000001,248
62.191432030000001,278
62.194148640000002,239
62.196865250000002,236
62.199581860000002,244
62.202298470000002,266
62.205015080000003,216
62.207731690000003,305
62.210448299999996,259
62.213164909999996,233
62.215881519999996,256
62.218598129999997,256
62.221314739999997,234
62.224031349999997,243
62.226747959999997,239
62.229464569999998,279
62.232181179999998,238
62.234897789999998,233
62.237614399999998,230
62.240331009999998,243
62.243047619999999,246
62.245764229999999,278
62.248480839999999,226
62.251197449999999,223
62.25391406,224
62.25663067,262
62.25934728,221
62.26206389,240
62.264780500000001,248
62.267497110000001,246
62.270213720000001,243
62.272930330000001,267
62.275646940000001,240
62.278363550000002,249
62.281080160000002,237
62.283796770000002,243
62.286513380000002,230
62.289229990000003,227
62.291946600000003,210
62.294663209999996,241
62.297379819999996,225
62.300096429999996,239
62.302813039999997,258
62.305529649999997,231
62.308246259999997,258
62.310962869999997,229
62.313679479999998,269
62.316396089999998,228
62.319112699999998,235
62.321829309999998,186
62.324545919999998,235
62.327262529999999,241
62.329979139999999,245
62.332695749999999,258
62.335412359999999,262
62.33812897,237
62.34084558,241
62.34356219,223
62.3462788,236
62.348995410000001,239
62.351712020000001,237
62.354428630000001,234
62.357145240000001,258
62.359861850000001,244
62.362578460000002,234
62.365295070000002,239
62.368011680000002,239
62.370728290000002,229
62.373444900000003,211
62.376161510000003,244
62.378878119999996,221
62.381594729999996,273
62.384311339999996,238
62.387027949999997,242
62.389744559999997,232
62.392461169999997,241
62.395177779999997,256
62.397894389999998,242
62.400610999999998,235
62.403327609999998,265
62.406044219999998,207
62.408760829999999,231
62.411477439999999,228
62.414194049999999,265
62.416910659999999,201
62.419627269999999,243
62.42234388,233
62.42506049,245
62.4277771,218
62.43049371,242
62.433210320000001,245
62.435926930000001,199
62.438643540000001,251
62.441360150000001,251
62.444076760000002,292
62.446793370000002,212
62.449509980000002,218
62.452226590000002,230
62.454943200000002,245
62.457659810000003,275
62.460376420000003,233
62.463093029999996,224
62.465809639999996,227
62.468526249999996,231
62.471242859999997,219
62.473959469999997,219
62.476676079999997,236
62.479392689999997,229
62.482109299999998,224
62.484825909999998,222
62.487542519999998,228
62.490259129999998,234
62.492975739999999,233
62.495692349999999,231
62.498408959999999,217
62.501125569999999,239
62.503842179999999,205
62.50655879,228
62.5092754,248
62.51199201,233
62.51470862,230
62.517425230000001,219
62.520141840000001,211
62.522858450000001,221
62.525575060000001,245
62.528291670000002,242
62.531008280000002,243
62.533724890000002,248
62.536441500000002,236
62.539158110000002,244
62.541874720000003,242
62.544591329999996,234
62.547307939999996,263
62.550024549999996,248
62.552741159999997,216
62.555457769999997,243
62.558174379999997,212
62.560890989999997,246
62.563607599999997,237
62.566324209999998,244
62.569040819999998,234
62.571757429999998,257
62.574474039999998,240
62.577190649999999,266
62.579907259999999,224
62.582623869999999,232
62.585340479999999,213
62.58805709,237
62.5907737,233
62.59349031,243
62.59620692,237
62.59892353,232
62.601640140000001,212
62.604356750000001,218
62.607073360000001,230
62.609789970000001,245
62.612506580000002,240
62.615223190000002,222
62.617939800000002,215
62.620656410000002,220
62.623373020000002,260
62.626089630000003,227
62.628806239999996,237
62.631522849999996,258
62.634239459999996,219
62.636956069999997,222
62.639672679999997,203
62.642389289999997,232
62.645105899999997,236
62.647822509999997,201
62.650539119999998,218
62.653255729999998,212
62.655972339999998,238
62.658688949999998,221
62.661405559999999,217
62.664122169999999,232
62.666838779999999,256
62.669555389999999,228
62.672272,219
62.67498861,237
62.67770522,242
62.68042183,238
62.68313844,196
62.685855050000001,210
62.688571660000001,256
62.691288270000001,243
62.694004880000001,240
62.696721490000002,215
62.699438100000002,220
62.702154710000002,220
62.704871320000002,205
62.707587930000003,200
62.710304540000003,217
62.713021149999996,263
62.715737759999996,214
62.718454369999996,213
62.721170979999997,246
62.723887589999997,219
62.726604199999997,226
62.729320809999997,201
62.732037419999997,212
62.734754029999998,235
62.737470639999998,244
62.740187249999998,224
62.742903859999998,246
62.745620469999999,207
62.748337079999999,224
62.751053689999999,216
62.753770299999999,201
62.75648691,218
62.75920352,228
62.76192013,242
62.76463674,228
62.76735335,231
62.770069960000001,219
62.772786570000001,211
62.775503180000001,228
62.778219790000001,233
62.780936400000002,245
62.783653010000002,225
62.786369620000002,228
62.789086230000002,187
62.791802840000003,232
62.794519450000003,206
62.797236059999996,214
62.799952669999996,216
62.802669279999996,236
62.805385889999997,225
62.808102499999997,249
62.810819109999997,236
62.813535719999997,207
62.816252329999998,244
62.818968939999998,207
62.821685549999998,240
62.824402159999998,226
62.827118769999998,266
62.829835379999999,211
62.832551989999999,213
62.835268599999999,268
62.837985209999999,208
62.84070182,214
62.84341843,213
62.84613504,193
62.84885165,228
62.851568260000001,226
62.854284870000001,231
62.857001480000001,223
62.859718090000001,211
62.862434700000001,198
62.865151310000002,240
62.867867920000002,201
62.870584530000002,217
62.873301140000002,205
62.876017750000003,219
62.878734360000003,202
62.881450969999996,220
62.884167579999996,224
62.886884189999996,212
62.889600799999997,235
62.892317409999997,213
62.895034019999997,222
62.897750629999997,233
62.900467239999998,235
62.903183849999998,211
62.905900459999998,227
62.908617069999998,230
62.911333679999998,243
62.914050289999999,198
62.916766899999999,222
62.919483509999999,232
62.922200119999999,213
62.92491673,238
62.92763334,246
62.93034995,226
62.93306656,222
62.935783170000001,235
62.938499780000001,228
62.941216390000001,213
62.943933000000001,213
62.946649610000001,218
62.949366220000002,203
62.952082830000002,235
62.954799440000002,203
62.957516050000002,211
62.960232660000003,216
62.962949270000003,205
62.965665879999996,219
62.968382489999996,208
62.971099099999996,225
62.973815709999997,239
62.976532319999997,204
62.979248929999997,217
62.981965539999997,210
62.984682149999998,230
62.987398759999998,219
62.990115369999998,220
62.992831979999998,213
62.995548589999999,217
62.998265199999999,242
63.000981809999999,239
63.003698419999999,225
63.006415029999999,214
63.00913164,236
63.01184825,229
63.01456486,199
63.01728147,239
63.019998080000001,210
63.022714690000001,227
63.025431300000001,206
63.028147910000001,225
63.030864520000002,234
63.033581130000002,223
63.036297740000002,217
63.039014350000002,258
63.041730960000002,222
63.044447570000003,215
63.047164180000003,204
63.049880789999996,237
63.052597399999996,218
63.055314009999996,225
63.058030619999997,219
63.060747229999997,239
63.063463839999997,226
63.066180449999997,223
63.068897059999998,212
63.071613669999998,233
63.074330279999998,202
63.077046889999998,233
63.079763499999999,238
63.082480109999999,262
63.085196719999999,226
63.087913329999999,239
63.090629939999999,216
63.09334655,225
63.09606316,241
63.09877977,211
63.10149638,212
63.104212990000001,220
63.106929600000001,231
63.109646210000001,230
63.112362820000001,218
63.115079430000002,218
63.117796040000002,261
63.120512650000002,259
63.123229260000002,226
63.125945870000002,257
63.128662480000003,203
63.131379089999996,264
63.134095699999996,219
63.136812309999996,218
63.139528919999997,236
63.142245529999997,234
63.144962139999997,220
63.147678749999997,221
63.150395359999997,235
63.153111969999998,209
63.155828579999998,234
63.158545189999998,224
63.161261799999998,217
63.163978409999999,217
63.166695019999999,216
63.169411629999999,243
63.172128239999999,219
63.174844849999999,226
63.17756146,217
63.18027807,211
63.18299468,215
63.18571129,217
63.188427900000001,243
63.191144510000001,202
63.193861120000001,262
63.196577730000001,194
63.199294340000002,196
63.202010950000002,234
63.204727560000002,225
63.207444170000002,228
63.210160780000002,222
63.212877390000003,219
63.215593999999996,205
63.218310609999996,241
63.221027219999996,232
63.223743829999997,240
63.226460439999997,234
63.229177049999997,220
63.231893659999997,200
63.234610269999997,200
63.237326879999998,215
63.240043489999998,232
63.242760099999998,256
63.245476709999998,212
63.248193319999999,223
63.250909929999999,225
63.253626539999999,225
63.256343149999999,200
63.25905976,220
63.26177637,221
63.26449298,237
63.26720959,218
63.2699262,235
63.272642810000001,244
63.275359420000001,234
63.278076030000001,212
63.280792640000001,228
63.283509250000002,222
63.286225860000002,228
63.288942470000002,213
63.291659080000002,212
63.294375690000003,212
63.297092300000003,218
63.299808909999996,208
63.302525519999996,241
63.305242129999996,236
63.307958739999997,233
63.310675349999997,223
63.313391959999997,259
63.316108569999997,213
63.318825179999997,218
63.321541789999998,239
63.324258399999998,227
63.326975009999998,229
63.329691619999998,206
63.332408229999999,220
63.335124839999999,185
63.337841449999999,207
63.340558059999999,239
63.34327467,230
63.34599128,209
63.34870789,212
63.3514245,214
63.35414111,212
63.356857720000001,209
63.359574330000001,189
63.362290940000001,243
63.365007550000001,229
63.367724160000002,241
63.370440770000002,208
63.373157380000002,226
63.375873990000002,234
63.378590600000003,235
63.381307210000003,239
63.384023819999996,221
63.386740429999996,201
63.389457039999996,227
63.392173649999997,200
63.394890259999997,238
63.397606869999997,240
63.400323479999997,211
63.403040089999998,230
63.405756699999998,216
63.408473309999998,244
63.411189919999998,224
63.413906529999998,227
63.416623139999999,246
63.419339749999999,204
63.422056359999999,235
63.424772969999999,247
63.42748958,241
63.43020619,210
63.4329228,182
63.43563941,218
63.438356020000001,231
63.441072630000001,208
63.443789240000001,231
63.446505850000001,212
63.449222460000001,262
63.451939070000002,232
63.454655680000002,212
63.457372290000002,237
63.460088900000002,210
63.462805510000003,229
63.465522120000003,231
63.468238729999996,214
63.470955339999996,188
63.473671949999996,215
63.476388559999997,211
63.479105169999997,229
63.481821779999997,199
63.484538389999997,256
63.487254999999998,243
63.489971609999998,214
63.492688219999998,199
63.495404829999998,216
63.498121439999998,214
63.500838049999999,232
63.503554659999999,201
63.506271269999999,230
63.508987879999999,258
63.51170449,202
63.5144211,226
63.51713771,222
63.51985432,212
63.522570930000001,239
63.525287540000001,215
63.528004150000001,234
63.530720760000001,206
63.533437370000001,233
63.536153980000002,211
63.538870590000002,204
63.541587200000002,214
63.544303810000002,225
63.547020420000003,222
63.549737030000003,215
63.552453639999996,221
63.555170249999996,189
63.557886859999996,211
63.560603469999997,221
63.563320079999997,208
63.566036689999997,230
63.568753299999997,242
63.571469909999998,202
63.574186519999998,182
63.576903129999998,232
63.579619739999998,229
63.582336349999999,244
63.585052959999999,225
63.587769569999999,217
63.590486179999999,204
63.593202789999999,237
63.5959194,222
63.59863601,225
63.60135262,192
63.60406923,219
63.606785840000001,217
63.609502450000001,220
63.612219060000001,198
63.614935670000001,215
63.617652280000001,197
63.620368890000002,262
63.623085500000002,229
63.625802110000002,214
63.628518720000002,217
63.631235330000003,250
63.633951940000003,229
63.636668549999996,224
63.639385159999996,194
63.642101769999996,217
63.644818379999997,241
63.647534989999997,237
63.650251599999997,212
63.652968209999997,204
63.655684819999998,209
63.658401429999998,219
63.661118039999998,214
63.663834649999998,227
63.666551259999999,233
63.669267869999999,218
63.671984479999999,218
63.674701089999999,207
63.677417699999999,215
63.68013431,216
63.68285092,224
63.68556753,222
63.68828414,205
63.691000750000001,197
63.693717360000001,214
63.696433970000001,209
63.699150580000001,215
63.701867190000002,194
63.704583800000002,224
63.707300410000002,221
63.710017020000002,244
63.712733630000002,233
63.715450240000003,193
63.718166849999996,224
63.720883459999996,228
63.723600069999996,212
63.726316679999996,257
63.729033289999997,229
63.731749899999997,218
63.734466509999997,192
63.737183119999997,230
63.739899729999998,241
63.742616339999998,222
63.745332949999998,202
63.748049559999998,208
63.750766169999999,208
63.753482779999999,212
63.756199389999999,219
63.758915999999999,216
63.761632609999999,211
63.76434922,210
63.76706583,222
63.76978244,195
63.77249905,184
63.775215660000001,213
63.777932270000001,223
63.780648880000001,223
63.783365490000001,213
63.786082100000002,239
63.788798710000002,216
63.791515320000002,222
63.794231930000002,213
63.796948540000002,234
63.799665150000003,243
63.802381759999996,230
63.805098369999996,213
63.807814979999996,228
63.810531589999997,219
63.813248199999997,208
63.815964809999997,192
63.818681419999997,248
63.821398029999997,196
63.824114639999998,224
63.826831249999998,205
63.829547859999998,198
63.832264469999998,230
63.834981079999999,212
63.837697689999999,216
63.840414299999999,224
63.843130909999999,225
63.84584752,222
63.84856413,213
63.85128074,200
63.85399735,215
63.85671396,203
63.859430570000001,264
63.862147180000001,215
63.864863790000001,218
63.867580400000001,231
63.870297010000002,211
63.873013620000002,230
63.875730230000002,225
63.878446840000002,217
63.881163450000003,226
63.883880060000003,207
63.886596669999996,213
63.889313279999996,222
63.892029889999996,175
63.894746499999997,226
63.897463109999997,215
63.900179719999997,218
63.902896329999997,228
63.905612939999997,212
63.908329549999998,216
63.911046159999998,202
63.913762769999998,216
63.916479379999998,219
63.919195989999999,218
63.921912599999999,189
63.924629209999999,203
63.927345819999999,220
63.93006243,214
63.93277904,193
63.93549565,256
63.93821226,232
63.94092887,225
63.943645480000001,211
63.946362090000001,205
63.949078700000001,228
63.951795310000001,192
63.954511920000002,233
63.957228530000002,220
63.959945140000002,216
63.962661750000002,218
63.965378360000003,216
63.968094970000003,203
63.970811579999996,226
63.973528189999996,203
63.976244799999996,222
63.978961409999997,211
63.981678019999997,202
63.984394629999997,209
63.987111239999997,206
63.989827849999998,247
63.992544459999998,203
63.995261069999998,225
63.997977679999998,202
64.000694289999998,200
64.003410899999992,213
64.006127509999999,217
64.008844119999992,198
64.011560729999999,196
64.014277339999992,221
64.01699395,201
64.019710559999993,217
64.02242717,242
64.025143779999993,207
64.027860390000001,227
64.030576999999994,202
64.033293610000001,220
64.036010219999994,212
64.038726830000002,226
64.041443439999995,212
64.044160050000002,262
64.046876659999995,200
64.049593270000003,227
64.052309879999996,204
64.055026489999989,210
64.057743099999996,219
64.060459709999989,199
64.063176319999997,210
64.06589292999999,256
64.068609539999997,231
64.07132614999999,225
64.074042759999998,210
64.076759369999991,226
64.079475979999998,205
64.082192589999991,235
64.084909199999998,202
64.087625809999992,257
64.090342419999999,209
64.093059029999992,227
64.095775639999999,213
64.098492249999993,218
64.10120886,193
64.103925469999993,205
64.10664208,196
64.109358689999993,212
64.112075300000001,265
64.114791909999994,256
64.117508520000001,210
64.120225129999994,204
64.122941740000002,213
64.125658349999995,216
64.128374960000002,212
64.131091569999995,222
64.133808180000003,222
64.136524789999996,215
64.139241399999989,191
64.141958009999996,214
64.144674619999989,210
64.147391229999997,221
64.15010783999999,221
64.152824449999997,221
64.15554105999999,222
64.158257669999998,207
64.160974279999991,233
64.163690889999998,224
64.166407499999991,243
64.169124109999998,221
64.171840719999992,213
64.174557329999999,230
64.177273939999992,244
64.179990549999999,207
64.182707159999993,221
64.18542377,243
64.188140379999993,202
64.19085699,220
64.193573599999993,215
64.196290210000001,189
64.199006819999994,246
64.201723430000001,215
64.204440039999994,212
64.207156650000002,214
64.209873259999995,217
64.212589870000002,195
64.215306479999995,210
64.218023090000003,242
64.220739699999996,239
64.223456309999989,233
64.226172919999996,207
64.228889529999989,207
64.231606139999997,234
64.23432274999999,216
64.237039359999997,214
64.23975596999999,222
64.242472579999998,249
64.245189189999991,207
64.247905799999998,202
64.250622409999991,244
64.253339019999999,224
64.256055629999992,213
64.258772239999999,218
64.261488849999992,236
64.264205459999999,223
64.266922069999993,223
64.26963868,225
64.272355289999993,231
64.2750719,246
64.277788509999993,197
64.280505120000001,219
64.283221729999994,191
64.285938340000001,204
64.288654949999994,206
64.291371560000002,224
64.294088169999995,215
64.296804780000002,209
64.299521389999995,201
64.302238000000003,208
64.304954609999996,261
64.307671219999989,200
64.310387829999996,228
64.313104439999989,214
64.315821049999997,210
64.31853765999999,231
64.321254269999997,225
64.32397087999999,226
64.326687489999998,205
64.329404099999991,257
64.332120709999998,242
64.334837319999991,213
64.337553929999999,245
64.340270539999992,232
64.342987149999999,213
64.345703759999992,215
64.348420369999999,222
64.351136979999993,239
64.35385359,206
64.356570199999993,246
64.35928681,228
64.362003419999994,229
64.364720030000001,209
64.367436639999994,227
64.370153250000001,221
64.372869859999994,216
64.375586470000002,221
64.378303079999995,216
64.381019690000002,223
64.383736299999995,230
64.386452910000003,210
64.389169519999996,228
64.391886129999989,221
64.394602739999996,207
64.397319349999989,222
64.400035959999997,218
64.40275256999999,232
64.405469179999997,212
64.40818578999999,208
64.410902399999998,215
64.413619009999991,228
64.416335619999998,208
64.419052229999991,210
64.421768839999999,214
64.424485449999992,217
64.427202059999999,233
64.429918669999992,239
64.43263528,239
64.435351889999993,203
64.4380685,220
64.440785109999993,227
64.44350172,212
64.446218329999994,213
64.448934940000001,241
64.451651549999994,245
64.454368160000001,211
64.457084769999994,239
64.459801380000002,227
64.462517989999995,222
64.465234600000002,220
64.467951209999995,224
64.470667820000003,266
64.473384429999996,247
64.476101039999989,182
64.478817649999996,201
64.481534259999989,226
64.484250869999997,209
64.48696747999999,214
64.489684089999997,219
64.49240069999999,216
64.495117309999998,204
64.497833919999991,222
64.500550529999998,208
64.503267139999991,227
64.505983749999999,220
64.508700359999992,233
64.511416969999999,203
64.514133579999992,217
64.51685019,193
64.519566799999993,242
64.52228341,209
64.525000019999993,216
64.52771663,212
64.530433239999994,235
64.533149850000001,229
64.535866459999994,214
64.538583070000001,211
64.541299679999995,216
64.544016290000002,211
64.546732899999995,207
64.549449510000002,216
64.552166119999995,225
64.554882730000003,232
64.557599339999996,218
64.560315949999989,224
64.563032559999996,214
64.565749169999989,212
64.568465779999997,216
64.57118238999999,223
64.573898999999997,262
64.57661560999999,214
64.579332219999998,226
64.582048829999991,272
64.584765439999998,203
64.587482049999991,228
64.590198659999999,234
64.592915269999992,218
64.595631879999999,209
64.598348489999992,220
64.6010651,219
64.603781709999993,222
64.60649832,224
64.609214929999993,206
64.61193154,235
64.614648149999994,238
64.617364760000001,225
64.620081369999994,227
64.622797980000001,214
64.625514589999995,263
64.628231200000002,240
64.630947809999995,232
64.633664420000002,223
64.636381029999995,194
64.639097640000003,234
64.641814249999996,219
64.644530859999989,198
64.647247469999996,219
64.64996407999999,214
64.652680689999997,225
64.65539729999999,213
64.658113909999997,199
64.66083051999999,218
64.663547129999998,219
64.666263739999991,267
64.668980349999998,219
64.671696959999991,229
64.674413569999999,227
64.677130179999992,215
64.679846789999999,209
64.682563399999992,213
64.68528001,228
64.687996619999993,216
64.69071323,221
64.693429839999993,214
64.696146450000001,240
64.698863059999994,226
64.701579670000001,237
64.704296279999994,217
64.707012890000001,216
64.709729499999995,195
64.712446110000002,201
64.715162719999995,231
64.717879330000002,242
64.720595939999995,218
64.723312550000003,223
64.726029159999996,217
64.728745769999989,234
64.731462379999996,225
64.73417898999999,203
64.736895599999997,233
64.73961220999999,220
64.742328819999997,207
64.74504542999999,239
64.747762039999998,216
64.750478649999991,222
64.753195259999998,208
64.755911869999991,249
64.758628479999999,249
64.761345089999992,219
64.764061699999999,188
64.766778309999992,208
64.76949492,215
64.772211529999993,193
64.77492814,189
64.777644749999993,219
64.780361360000001,223
64.783077969999994,231
64.785794580000001,199
64.788511189999994,208
64.791227800000001,204
64.793944409999995,222
64.796661020000002,204
64.799377629999995,225
64.802094240000002,212
64.804810849999996,223
64.807527460000003,231
64.810244069999996,217
64.812960679999989,201
64.815677289999996,187
64.81839389999999,202
64.821110509999997,201
64.82382711999999,199
64.826543729999997,208
64.82926033999999,236
64.831976949999998,241
64.834693559999991,180
64.837410169999998,198
64.840126779999991,209
64.842843389999999,235
64.845559999999992,210
64.848276609999999,204
64.850993219999992,207
64.85370983,228
64.856426439999993,229
64.85914305,209
64.861859659999993,211
64.864576270000001,247
64.867292879999994,199
64.870009490000001,222
64.872726099999994,200
64.875442710000002,210
64.878159319999995,233
64.880875930000002,237
64.883592539999995,196
64.886309150000002,209
64.889025759999996,204
64.891742369999989,245
64.894458979999996,204
64.897175589999989,206
64.899892199999996,234
64.90260880999999,256
64.905325419999997,219
64.90804202999999,183
64.910758639999997,234
64.913475249999991,214
64.916191859999998,235
64.918908469999991,228
64.921625079999998,219
64.924341689999991,206
64.927058299999999,203
64.929774909999992,206
64.932491519999999,210
64.935208129999992,200
64.93792474,225
64.940641349999993,238
64.94335796,182
64.946074569999993,217
64.948791180000001,203
64.951507789999994,221
64.954224400000001,242
64.956941009999994,189
64.959657620000002,233
64.962374229999995,230
64.965090840000002,207
64.967807449999995,206
64.970524060000002,231
64.973240669999996,235
64.975957279999989,187
64.978673889999996,203
64.981390499999989,228
64.984107109999997,223
64.98682371999999,206
64.989540329999997,233
64.99225693999999,223
64.994973549999997,203
64.997690159999991,210
65.000406769999998,238
65.003123379999991,216
65.005839989999998,218
65.008556599999991,201
65.011273209999999,215
65.013989819999992,197
65.016706429999999,217
65.019423039999992,198
65.02213965,244
65.024856259999993,206
65.02757287,200
65.030289479999993,218
65.033006090000001,215
65.035722699999994,204
65.038439310000001,225
65.041155919999994,204
65.043872530000002,213
65.046589139999995,234
65.049305750000002,214
65.052022359999995,216
65.054738970000002,193
65.057455579999996,215
65.060172189999989,198
65.062888799999996,220
65.065605409999989,220
65.068322019999997,207
65.07103862999999,206
65.073755239999997,216
65.07647184999999,195
65.079188459999997,230
65.081905069999991,223
65.084621679999998,212
65.087338289999991,192
65.090054899999998,183
65.092771509999992,211
65.095488119999999,209
65.098204729999992,244
65.100921339999999,220
65.103637949999992,223
65.10635456,209
65.109071169999993,230
65.11178778,201
65.114504389999993,216
65.117221000000001,248
65.119937609999994,199
65.122654220000001,219
65.125370829999994,229
65.128087440000002,219
65.130804049999995,179
65.133520660000002,239
65.136237269999995,192
65.138953880000003,229
65.141670489999996,204
65.144387099999989,206
65.147103709999996,231
65.149820319999989,214
65.152536929999997,226
65.15525353999999,210
65.157970149999997,211
65.16068675999999,209
65.163403369999997,237
65.166119979999991,198
65.168836589999998,203
65.171553199999991,225
65.174269809999998,218
65.176986419999992,228
65.179703029999999,240
65.182419639999992,226
65.185136249999999,215
65.187852859999992,230
65.19056947,210
65.193286079999993,191
65.19600269,196
65.198719299999993,213
65.201435910000001,229
65.204152519999994,218
65.206869130000001,233
65.209585739999994,207
65.212302350000002,224
65.215018959999995,192
65.217735570000002,220
65.220452179999995,219
65.223168790000003,198
65.225885399999996,203
65.228602009999989,198
65.231318619999996,208
65.234035229999989,227
65.236751839999997,225
65.23946844999999,214
65.242185059999997,242
65.24490166999999,232
65.247618279999998,206
65.250334889999991,225
65.253051499999998,226
65.255768109999991,208
65.258484719999998,184
65.261201329999992,210
65.263917939999999,206
65.266634549999992,210
65.269351159999999,197
65.272067769999992,239
65.27478438,195
65.277500989999993,217
65.2802176,201
65.282934209999993,243
65.285650820000001,184
65.288367429999994,202
65.291084040000001,219
65.293800649999994,228
65.296517260000002,213
65.299233869999995,220
65.301950480000002,205
65.304667089999995,234
65.307383700000003,202
65.310100309999996,217
65.312816919999989,240
65.315533529999996,214
65.318250139999989,222
65.320966749999997,204
65.32368335999999,217
65.326399969999997,228
65.32911657999999,230
65.331833189999998,222
65.334549799999991,236
65.337266409999998,214
65.339983019999991,180
65.342699629999998,223
65.345416239999992,217
65.348132849999999,202
65.350849459999992,213
65.353566069999999,214
65.356282679999993,199
65.35899929,198
65.361715899999993,204
65.36443251,205
65.367149119999993,214
65.369865730000001,223
65.372582339999994,230
65.375298950000001,201
65.378015559999994,201
65.380732170000002,209
65.383448779999995,187
65.386165390000002,225
65.388881999999995,216
65.391598610000003,220
65.394315219999996,204
65.397031829999989,222
65.399748439999996,217
65.402465049999989,208
65.405181659999997,209
65.40789826999999,186
65.410614879999997,196
65.41333148999999,191
65.416048099999998,231
65.418764709999991,219
65.421481319999998,220
65.424197929999991,225
65.426914539999999,201
65.429631149999992,208
65.432347759999999,229
65.435064369999992,211
65.437780979999999,208
65.440497589999993,245
65.4432142,242
65.445930809999993,212
65.44864742,219
65.451364029999993,192
65.454080640000001,204
65.456797249999994,210
65.459513860000001,241
65.462230469999994,184
65.464947080000002,214
65.467663689999995,216
65.470380300000002,238
65.473096909999995,218
65.475813520000003,222
65.478530129999996,227
65.481246739999989,214
65.483963349999996,213
65.486679959999989,215
65.489396569999997,205
65.49211317999999,210
65.494829789999997,205
65.49754639999999,210
65.500263009999998,228
65.502979619999991,199
65.505696229999998,216
65.508412839999991,216
65.511129449999999,227
65.513846059999992,213
65.516562669999999,244
65.519279279999992,225
65.521995889999999,242
65.524712499999993,205
65.52742911,220
65.530145719999993,241
65.53286233,203
65.535578939999994,214
65.538295550000001,217
65.541012159999994,241
65.543728770000001,223
65.546445379999994,219
65.549161990000002,230
65.551878599999995,232
65.554595210000002,210
65.557311819999995,223
65.560028430000003,204
65.562745039999996,231
65.565461649999989,231
65.568178259999996,221
65.570894869999989,230
65.573611479999997,194
65.57632808999999,207
65.579044699999997,230
65.58176130999999,236
65.584477919999998,204
65.587194529999991,204
65.589911139999998,217
65.592627749999991,211
65.595344359999999,198
65.598060969999992,216
65.600777579999999,215
65.603494189999992,214
65.606210799999999,201
65.608927409999993,220
65.61164402,213
65.614360629999993,214
65.61707724,233
65.619793849999994,197
65.622510460000001,211
65.625227069999994,207
65.627943680000001,210
65.630660289999994,195
65.633376900000002,210
65.636093509999995,204
65.638810120000002,201
65.641526729999995,227
65.644243340000003,223
65.646959949999996,246
65.649676559999989,209
65.652393169999996,221
65.655109779999989,239
65.657826389999997,199
65.66054299999999,208
65.663259609999997,220
65.66597621999999,227
65.668692829999998,223
65.671409439999991,184
65.674126049999998,208
65.676842659999991,201
65.679559269999999,219
65.682275879999992,216
65.684992489999999,207
65.687709099999992,238
65.69042571,195
65.693142319999993,230
65.69585893,185
65.698575539999993,237
65.70129215,209
65.704008759999994,208
65.706725370000001,235
65.709441979999994,209
65.712158590000001,213
65.714875199999994,192
65.717591810000002,200
65.720308419999995,221
65.723025030000002,213
65.725741639999995,203
65.728458250000003,216
65.731174859999996,211
65.733891469999989,195
65.736608079999996,259
65.739324689999989,204
65.742041299999997,202
65.74475790999999,212
65.747474519999997,213
65.75019112999999,208
65.752907739999998,235
65.755624349999991,197
65.758340959999998,184
65.761057569999991,216
65.763774179999999,238
65.766490789999992,187
65.769207399999999,202
65.771924009999992,217
65.77464062,208
65.777357229999993,181
65.78007384,211
65.782790449999993,214
65.78550706,217
65.788223669999994,221
65.790940280000001,206
65.793656889999994,206
65.796373500000001,233
65.799090109999995,213
65.801806720000002,230
65.804523329999995,215
65.807239940000002,223
65.809956549999995,213
65.812673160000003,210
65.815389769999996,196
65.818106379999989,183
65.820822989999996,215
65.823539599999989,226
65.826256209999997,186
65.82897281999999,214
65.831689429999997,226
65.83440603999999,184
65.837122649999998,196
65.839839259999991,212
65.842555869999998,200
65.845272479999991,209
65.847989089999999,201
65.850705699999992,208
65.853422309999999,211
65.856138919999992,181
65.85885553,217
65.861572139999993,208
65.86428875,239
65.867005359999993,199
65.869721970000001,196
65.872438579999994,208
65.875155190000001,207
65.877871799999994,234
65.880588410000001,202
65.883305019999995,202
65.886021630000002,225
65.888738239999995,238
65.891454850000002,227
65.894171459999995,222
65.896888070000003,223
65.899604679999996,207
65.902321289999989,186
65.905037899999996,205
65.90775450999999,200
65.910471119999997,211
65.91318772999999,217
65.915904339999997,207
65.91862094999999,223
65.921337559999998,204
65.924054169999991,193
65.926770779999998,233
65.929487389999991,212
65.932203999999999,225
65.934920609999992,212
65.937637219999999,242
65.940353829999992,216
65.94307044,205
65.945787049999993,201
65.94850366,208
65.951220269999993,214
65.953936880000001,216
65.956653489999994,226
65.959370100000001,212
65.962086709999994,211
65.964803320000001,214
65.967519929999995,204
65.970236540000002,229
65.972953149999995,203
65.975669760000002,207
65.978386369999996,184
65.981102980000003,216
65.983819589999996,231
65.986536199999989,200
65.989252809999996,226
65.99196941999999,250
65.994686029999997,239
65.99740263999999,241
66.000119249999997,197
66.00283585999999,205
66.005552469999998,199
66.008269079999991,188
66.010985689999998,229
66.013702299999991,226
66.016418909999999,199
66.019135519999992,197
66.021852129999999,195
66.024568739999992,203
66.02728535,220
66.030001959999993,211
66.03271857,248
66.035435179999993,210
66.038151790000001,221
66.040868399999994,201
66.043585010000001,205
66.046301619999994,201
66.049018230000001,231
66.051734839999995,207
66.054451450000002,229
66.057168059999995,199
66.059884670000002,200
66.062601279999996,176
66.065317889999989,215
66.068034499999996,208
66.070751109999989,198
66.073467719999996,185
66.07618432999999,194
66.078900939999997,203
66.08161754999999,207
66.084334159999997,183
66.087050769999991,201
66.089767379999998,210
66.092483989999991,240
66.095200599999998,232
66.097917209999991,221
66.100633819999999,225
66.103350429999992,201
66.106067039999999,199
66.108783649999992,214
66.11150026,224
66.114216869999993,209
66.11693348,220
66.119650089999993,223
66.122366700000001,247
66.125083309999994,208
66.127799920000001,218
66.130516529999994,211
66.133233140000002,196
66.135949749999995,229
66.138666360000002,211
66.141382969999995,210
66.144099580000002,196
66.146816189999996,233
66.149532799999989,203
66.152249409999996,183
66.154966019999989,211
66.157682629999996,213
66.16039923999999,192
66.163115849999997,208
66.16583245999999,226
66.168549069999997,197
66.171265679999991,229
66.173982289999998,199
66.176698899999991,202
66.179415509999998,221
66.182132119999991,202
66.184848729999999,230
66.187565339999992,224
66.190281949999999,238
66.192998559999992,216
66.19571517,224
66.198431779999993,224
66.20114839,206
66.203864999999993,228
66.206581610000001,192
66.209298219999994,224
66.212014830000001,215
66.214731439999994,218
66.217448050000002,226
66.220164659999995,228
66.222881270000002,223
66.225597879999995,195
66.228314490000002,190
66.231031099999996,192
66.233747709999989,215
66.236464319999996,204
66.239180929999989,192
66.241897539999997,201
66.24461414999999,227
66.247330759999997,227
66.25004736999999,236
66.252763979999997,218
66.255480589999991,237
66.258197199999998,209
66.260913809999991,215
66.263630419999998,190
66.266347029999991,214
66.269063639999999,202
66.271780249999992,203
66.274496859999999,193
66.277213469999992,180
66.27993008,211
66.282646689999993,199
66.2853633,197
66.288079909999993,243
66.290796520000001,220
66.293513129999994,222
66.296229740000001,225
66.298946349999994,211
66.301662960000002,206
66.304379569999995,222
66.307096180000002,180
66.309812789999995,231
66.312529400000003,217
66.315246009999996,242
66.317962619999989,203
66.320679229999996,178
66.323395839999989,205
66.326112449999997,205
66.32882905999999,203
66.331545669999997,215
66.33426227999999,203
66.336978889999997,231
66.339695499999991,219
66.342412109999998,182
66.345128719999991,215
66.347845329999998,200
66.350561939999992,196
66.353278549999999,215
66.355995159999992,203
66.358711769999999,214
66.361428379999992,234
66.36414499,185
66.366861599999993,209
66.36957821,219
66.372294819999993,196
66.375011430000001,215
66.377728039999994,192
66.380444650000001,202
66.383161259999994,180
66.385877870000002,221
66.388594479999995,211
66.391311090000002,225
66.394027699999995,205
66.396744310000003,238
66.399460919999996,205
66.402177529999989,178
66.404894139999996,180
66.407610749999989,192
66.410327359999997,206
66.41304396999999,194
66.415760579999997,261
66.41847718999999,234
66.421193799999998,196
66.423910409999991,212
66.426627019999998,212
66.429343629999991,201
66.432060239999998,207
66.434776849999992,229
66.437493459999999,220
66.440210069999992,207
66.442926679999999,240
66.445643289999992,235
66.4483599,199
66.451076509999993,206
66.45379312,231
66.456509729999993,229
66.459226340000001,210
66.461942949999994,225
66.464659560000001,208
66.467376169999994,197
66.470092780000002,226
66.472809389999995,198
66.475526000000002,205
66.478242609999995,217
66.480959220000003,214
66.483675829999996,207
66.486392439999989,206
66.489109049999996,237
66.491825659999989,229
66.494542269999997,187
66.49725887999999,186
66.499975489999997,202
66.50269209999999,200
66.505408709999998,212
66.508125319999991,213
66.510841929999998,215
66.513558539999991,239
66.516275149999998,224
66.518991759999992,209
66.521708369999999,194
66.524424979999992,200
66.527141589999999,229
66.529858199999993,197
66.53257481,199
66.535291419999993,220
66.53800803,211
66.540724639999993,204
66.543441250000001,210
66.546157859999994,228
66.548874470000001,210
66.551591079999994,212
66.554307690000002,218
66.557024299999995,216
66.559740910000002,225
66.562457519999995,239
66.565174130000003,212
66.567890739999996,229
66.570607349999989,212
66.573323959999996,232
66.576040569999989,222
66.578757179999997,200
66.58147378999999,215
66.584190399999997,226
66.58690700999999,216
66.589623619999998,233
66.592340229999991,197
66.595056839999998,197
66.597773449999991,206
66.600490059999998,208
66.603206669999992,211
66.605923279999999,239
66.608639889999992,201
66.611356499999999,210
66.614073109999993,187
66.61678972,261
66.619506329999993,204
66.62222294,192
66.624939549999993,222
66.627656160000001,213
66.630372769999994,211
66.633089380000001,200
66.635805989999994,180
66.638522600000002,213
66.641239209999995,222
66.643955820000002,223
66.646672429999995,210
66.649389040000003,206
66.652105649999996,199
66.654822259999989,224
66.657538869999996,201
66.660255479999989,196
66.662972089999997,195
66.66568869999999,225
66.668405309999997,237
66.67112191999999,206
66.673838529999998,218
66.676555139999991,180
66.679271749999998,198
66.681988359999991,245
66.684704969999999,226
66.687421579999992,223
66.690138189999999,208
66.692854799999992,234
66.695571409999999,227
66.698288019999993,195
66.70100463,221
66.703721239999993,201
66.70643785,223
66.709154459999993,209
66.711871070000001,209
66.714587679999994,194
66.717304290000001,213
66.720020899999994,232
66.722737510000002,212
66.725454119999995,216
66.728170730000002,219
66.730887339999995,219
66.733603950000003,206
66.736320559999996,183
66.739037169999989,207
66.741753779999996,283
66.744470389999989,202
66.747186999999997,201
66.74990360999999,208
66.752620219999997,222
66.75533682999999,207
66.758053439999998,193
66.760770049999991,197
66.763486659999998,229
66.766203269999991,174
66.768919879999999,205
66.771636489999992,218
66.774353099999999,222
66.777069709999992,207
66.779786319999999,192
66.782502929999993,189
66.78521954,203
66.787936149999993,220
66.79065276,218
66.793369369999994,202
66.796085980000001,184
66.798802589999994,234
66.801519200000001,208
66.804235809999994,226
66.806952420000002,230
66.809669029999995,235
66.812385640000002,193
66.815102249999995,198
66.817818860000003,227
66.820535469999996,220
66.823252079999989,208
66.825968689999996,204
66.828685299999989,204
66.831401909999997,198
66.83411851999999,199
66.836835129999997,179
66.83955173999999,206
66.842268349999998,202
66.844984959999991,193
66.847701569999998,205
66.850418179999991,220
66.853134789999999,216
66.855851399999992,198
66.858568009999999,202
66.861284619999992,202
66.86400123,230
66.866717839999993,224
66.86943445,232
66.872151059999993,217
66.87486767,222
66.877584279999994,187
66.880300890000001,215
66.883017499999994,208
66.885734110000001,208
66.888450719999994,217
66.891167330000002,220
66.893883939999995,198
66.896600550000002,200
66.899317159999995,210
66.902033770000003,213
66.904750379999996,224
66.907466989999989,243
66.910183599999996,194
66.912900209999989,210
66.915616819999997,200
66.91833342999999,213
66.921050039999997,235
66.92376664999999,202
66.926483259999998,234
66.929199869999991,200
66.931916479999998,218
66.934633089999991,194
66.937349699999999,207
66.940066309999992,195
66.942782919999999,226
66.945499529999992,208
66.94821614,205
66.950932749999993,193
66.95364936,208
66.956365969999993,206
66.95908258,219
66.961799189999994,201
66.964515800000001,234
66.967232409999994,182
66.969949020000001,223
66.972665629999995,238
66.975382240000002,203
66.978098849999995,200
66.980815460000002,224
66.983532069999995,249
66.986248680000003,204
66.988965289999996,222
66.991681899999989,193
66.994398509999996,218
66.997115119999989,207
66.999831729999997,233
67.00254833999999,207
67.005264949999997,204
67.00798155999999,214
67.010698169999998,208
67.013414779999991,211
67.016131389999998,187
67.018847999999991,188
67.021564609999999,217
67.024281219999992,200
67.026997829999999,217
67.029714439999992,208
67.03243105,218
67.035147659999993,199
67.03786427,229
67.040580879999993,235
67.04329749,201
67.046014099999994,202
67.048730710000001,225
67.051447319999994,227
67.054163930000001,197
67.056880539999995,230
67.059597150000002,188
67.062313759999995,206
67.065030370000002,227
67.067746979999995,221
67.070463590000003,184
67.073180199999996,225
67.075896809999989,222
67.078613419999996,236
67.08133002999999,221
67.084046639999997,219
67.08676324999999,235
67.089479859999997,225
67.09219646999999,202
67.094913079999998,225
67.097629689999991,218
67.100346299999998,187
67.103062909999991,200
67.105779519999999,214
67.108496129999992,186
67.111212739999999,202
67.113929349999992,206
67.11664596,183
67.119362569999993,205
67.12207918,200
67.124795789999993,211
67.127512400000001,210
67.130229009999994,218
67.132945620000001,233
67.135662229999994,204
67.138378840000001,197
67.141095449999995,206
67.143812060000002,216
67.146528669999995,215
67.149245280000002,223
67.151961889999995,206
67.154678499999989,257
67.157395109999996,213
67.160111719999989,209
67.162828329999996,205
67.16554493999999,208
67.168261549999997,211
67.17097815999999,205
67.173694769999997,243
67.17641137999999,198
67.179127989999998,206
67.181844599999991,202
67.184561209999998,216
67.187277819999991,203
67.189994429999999,198
67.192711039999992,226
67.195427649999999,223
67.198144259999992,217
67.20086087,260
67.203577479999993,189
67.20629409,198
67.209010699999993,214
67.211727310000001,210
67.214443919999994,223
67.217160530000001,210
67.219877139999994,232
67.222593750000001,232
67.225310359999995,207
67.228026970000002,206
67.230743579999995,243
67.233460190000002,204
67.236176799999996,211
67.238893409999989,235
67.241610019999996,221
67.244326629999989,229
67.247043239999996,217
67.24975984999999,203
67.252476459999997,228
67.25519306999999,203
67.257909679999997,193
67.26062628999999,171
67.263342899999998,202
67.266059509999991,213
67.268776119999998,216
67.271492729999991,222
67.274209339999999,211
67.276925949999992,191
67.279642559999999,235
67.282359169999992,220
67.28507578,189
67.287792389999993,209
67.290509,224
67.293225609999993,225
67.295942220000001,218
67.298658829999994,227
67.301375440000001,216
67.304092049999994,190
67.306808660000002,185
67.309525269999995,220
67.312241880000002,230
67.314958489999995,238
67.317675100000002,226
67.320391709999996,258
67.323108319999989,235
67.325824929999996,228
67.328541539999989,214
67.331258149999996,211
67.33397475999999,191
67.336691369999997,206
67.33940797999999,204
67.342124589999997,223
67.344841199999991,223
67.347557809999998,208
67.350274419999991,224
67.352991029999998,201
67.355707639999991,199
67.358424249999999,209
67.361140859999992,238
67.363857469999999,197
67.366574079999992,201
67.36929069,205
67.372007299999993,182
67.37472391,205
67.377440519999993,202
67.380157130000001,212
67.382873739999994,213
67.385590350000001,217
67.388306959999994,220
67.391023570000002,231
67.393740179999995,212
67.396456790000002,194
67.399173399999995,217
67.401890010000002,218
67.404606619999996,210
67.407323229999989,203
67.410039839999996,182
67.412756449999989,207
67.415473059999997,224
67.41818966999999,208
67.420906279999997,222
67.42362288999999,218
67.426339499999997,235
67.429056109999991,201
67.431772719999998,216
67.434489329999991,207
67.437205939999998,212
67.439922549999991,235
67.442639159999999,230
67.445355769999992,189
67.448072379999999,225
67.450788989999992,205
67.4535056,229
67.456222209999993,208
67.45893882,242
67.461655429999993,205
67.464372040000001,192
67.467088649999994,205
67.469805260000001,219
67.472521869999994,188
67.475238480000002,228
67.477955089999995,202
67.480671700000002,214
67.483388309999995,243
67.486104920000002,186
67.488821529999996,196
67.491538139999989,202
67.494254749999996,216
67.496971359999989,227
67.499687969999997,220
67.50240457999999,199
67.505121189999997,185
67.50783779999999,213
67.510554409999997,211
67.513271019999991,201
67.515987629999998,205
67.518704239999991,188
67.521420849999998,214
67.524137459999992,218
67.526854069999999,231
67.529570679999992,189
67.532287289999999,209
67.535003899999992,216
67.53772051,218
67.540437119999993,201
67.54315373,211
67.545870339999993,198
67.548586950000001,215
67.551303559999994,197
67.554020170000001,197
67.556736779999994,175
67.559453390000002,234
67.562169999999995,201
67.564886610000002,221
67.567603219999995,224
67.570319830000003,233
67.573036439999996,217
67.575753049999989,230
67.578469659999996,191
67.581186269999989,201
67.583902879999997,222
67.58661948999999,234
67.589336099999997,209
67.59205270999999,217
67.594769319999997,210
67.597485929999991,218
67.600202539999998,191
67.602919149999991,239
67.605635759999998,236
67.608352369999992,217
67.611068979999999,217
67.613785589999992,218
67.616502199999999,198
67.619218809999992,207
67.62193542,225
67.624652029999993,198
67.62736864,197
67.630085249999993,208
67.632801860000001,234
67.635518469999994,205
67.638235080000001,227
67.640951689999994,197
67.643668300000002,201
67.646384909999995,186
67.649101520000002,202
67.651818129999995,191
67.654534740000003,221
67.657251349999996,229
67.659967959999989,176
67.662684569999996,232
67.665401179999989,215
67.668117789999997,194
67.67083439999999,203
67.673551009999997,215
67.67626761999999,215
67.678984229999998,216
67.681700839999991,210
67.684417449999998,211
67.687134059999991,189
67.689850669999998,240
67.692567279999992,193
67.695283889999999,234
67.698000499999992,202
67.700717109999999,230
67.703433719999992,181
67.70615033,220
67.708866939999993,225
67.71158355,179
67.714300159999993,225
67.717016770000001,205
67.719733379999994,237
67.722449990000001,223
67.725166599999994,208
67.727883210000002,238
67.730599819999995,203
67.733316430000002,216
67.736033039999995,206
67.738749650000003,196
67.741466259999996,202
67.744182869999989,198
67.746899479999996,214
67.749616089999989,214
67.752332699999997,226
67.75504930999999,185
67.757765919999997,188
67.76048252999999,202
67.763199139999998,201
67.765915749999991,225
67.768632359999998,203
67.771348969999991,196
67.774065579999998,209
67.776782189999992,190
67.779498799999999,206
67.782215409999992,217
67.784932019999999,194
67.787648629999993,213
67.79036524,276
67.793081849999993,209
67.79579846,212
67.798515069999993,220
67.801231680000001,221
67.803948289999994,213
67.806664900000001,198
67.809381509999994,222
67.812098120000002,208
67.814814729999995,219
67.817531340000002,210
67.820247949999995,221
67.822964560000003,183
67.825681169999996,215
67.828397779999989,234
67.831114389999996,209
67.833830999999989,219
67.836547609999997,210
67.83926421999999,218
67.841980829999997,225
67.84469743999999,193
67.847414049999998,204
67.850130659999991,200
67.852847269999998,216
67.855563879999991,213
67.858280489999999,242
67.860997099999992,215
67.863713709999999,205
67.866430319999992,184
67.869146929999999,224
67.871863539999993,211
67.87458015,205
67.877296759999993,184
67.88001337,207
67.882729979999993,223
67.885446590000001,214
67.888163199999994,247
67.890879810000001,216
67.893596419999994,237
67.896313030000002,188
67.899029639999995,197
67.901746250000002,202
67.904462859999995,243
67.907179470000003,233
67.909896079999996,210
67.912612689999989,202
67.915329299999996,258
67.918045909999989,203
67.920762519999997,199
67.92347912999999,224
67.926195739999997,211
67.92891234999999,202
67.931628959999998,185
67.934345569999991,234
67.937062179999998,221
67.939778789999991,210
67.942495399999999,222
67.945212009999992,245
67.947928619999999,210
67.950645229999992,246
67.953361839999999,225
67.956078449999993,226
67.95879506,212
67.961511669999993,197
67.96422828,226
67.966944889999994,219
67.969661500000001,221
67.972378109999994,207
67.975094720000001,172
67.977811329999994,200
67.980527940000002,228
67.983244549999995,217
67.985961160000002,208
67.988677769999995,264
67.991394380000003,230
67.994110989999996,206
67.996827599999989,205
67.999544209999996,201
68.002260819999989,201
68.004977429999997,233
68.00769403999999,214
68.010410649999997,224
68.01312725999999,192
68.015843869999998,205
68.018560479999991,218
68.021277089999998,231
68.023993699999991,210
68.026710309999999,205
68.029426919999992,218
68.032143529999999,199
68.034860139999992,198
68.037576749999999,218
68.040293359999993,203
68.04300997,222
68.045726579999993,201
68.04844319,187
68.051159799999994,206
68.053876410000001,220
68.056593019999994,201
68.059309630000001,229
68.062026239999994,221
68.064742850000002,200
68.067459459999995,232
68.070176070000002,213
68.072892679999995,229
68.075609290000003,208
68.078325899999996,208
68.081042509999989,221
68.083759119999996,209
68.086475729999989,217
68.089192339999997,233
68.09190894999999,228
68.094625559999997,224
68.09734216999999,222
68.100058779999998,196
68.102775389999991,212
68.105491999999998,220
68.108208609999991,190
68.110925219999999,194
68.113641829999992,206
68.116358439999999,184
68.119075049999992,179
68.12179166,221
68.124508269999993,215
68.12722488,193
68.129941489999993,203
68.1326581,225
68.135374709999994,207
68.138091320000001,180
68.140807929999994,179
68.143524540000001,220
68.146241149999994,201
68.148957760000002,200
68.151674369999995,212
68.154390980000002,215
68.157107589999995,220
68.159824200000003,206
68.162540809999996,234
68.165257419999989,216
68.167974029999996,207
68.170690639999989,198
68.173407249999997,202
68.17612385999999,205
68.178840469999997,216
68.18155707999999,200
68.184273689999998,218
68.186990299999991,196
68.189706909999998,210
68.192423519999991,232
68.195140129999999,221
68.197856739999992,177
68.200573349999999,210
68.203289959999992,178
68.20600657,220
68.208723179999993,197
68.21143979,211
68.214156399999993,208
68.21687301,200
68.219589619999994,214
68.222306230000001,234
68.225022839999994,187
68.227739450000001,209
68.230456059999995,197
68.233172670000002,223
68.235889279999995,172
68.238605890000002,209
68.241322499999995,210
68.244039110000003,204
68.246755719999996,209
68.249472329999989,204
68.252188939999996,205
68.254905549999989,223
68.257622159999997,220
68.26033876999999,197
68.263055379999997,188
68.26577198999999,199
68.268488599999998,195
68.271205209999991,235
68.273921819999998,209
68.276638429999991,203
68.279355039999999,200
68.282071649999992,212
68.284788259999999,199
68.287504869999992,206
68.29022148,203
68.292938089999993,209
68.2956547,228
68.298371309999993,203
68.301087920000001,216
68.303804529999994,206
68.306521140000001,198
68.309237749999994,199
68.311954360000001,195
68.314670969999995,200
68.317387580000002,202
68.320104189999995,218
68.322820800000002,183
68.325537409999995,235
68.328254019999989,208
68.330970629999996,203
68.333687239999989,198
68.336403849999996,220
68.33912045999999,209
68.341837069999997,221
68.34455367999999,206
68.347270289999997,216
68.34998689999999,179
68.352703509999998,158
68.355420119999991,223
68.358136729999998,223
68.360853339999991,212
68.363569949999999,199
68.366286559999992,217
68.369003169999999,202
68.371719779999992,221
68.37443639,213
68.377152999999993,198
68.37986961,215
68.382586219999993,202
68.385302830000001,207
68.388019439999994,208
68.390736050000001,210
68.393452659999994,203
68.396169270000001,188
68.398885879999995,183
68.401602490000002,207
68.404319099999995,202
68.407035710000002,188
68.409752319999996,205
68.412468929999989,196
68.415185539999996,210
68.417902149999989,192
68.420618759999996,188
68.42333536999999,188
68.426051979999997,177
68.42876858999999,199
68.431485199999997,219
68.43420180999999,209
68.436918419999998,206
68.439635029999991,229
68.442351639999998,198
68.445068249999991,211
68.447784859999999,194
68.450501469999992,195
68.453218079999999,216
68.455934689999992,182
68.4586513,221
68.461367909999993,192
68.46408452,212
68.466801129999993,199
68.469517740000001,205
68.472234349999994,204
68.474950960000001,207
68.477667569999994,192
68.480384180000001,205
68.483100789999995,203
68.485817400000002,210
68.488534009999995,220
68.491250620000002,239
68.493967229999996,216
68.496683839999989,197
68.499400449999996,208
68.502117059999989,204
68.504833669999996,208
68.50755027999999,231
68.510266889999997,224
68.51298349999999,193
68.515700109999997,203
68.518416719999991,215
68.521133329999998,219
68.523849939999991,219
68.526566549999998,206
68.529283159999991,188
68.531999769999999,211
68.534716379999992,190
68.537432989999999,192
68.540149599999992,230
68.54286621,212
68.545582819999993,229
68.54829943,195
68.551016039999993,217
68.553732650000001,235
68.556449259999994,173
68.559165870000001,203
68.561882479999994,197
68.564599090000002,231
68.567315699999995,225
68.570032310000002,218
68.572748919999995,207
68.575465530000002,217
68.578182139999996,199
68.580898749999989,236
68.583615359999996,215
68.586331969999989,217
68.589048579999996,203
68.59176518999999,208
68.594481799999997,191
68.59719840999999,226
68.599915019999997,226
68.602631629999991,185
68.605348239999998,224
68.608064849999991,203
68.610781459999998,206
68.613498069999991,188
68.616214679999999,265
68.618931289999992,231
68.621647899999999,190
68.624364509999992,187
68.62708112,232
68.629797729999993,187
68.63251434,196
68.635230949999993,190
68.637947560000001,210
68.640664169999994,207
68.643380780000001,210
68.646097389999994,203
68.648814000000002,207
68.651530609999995,205
68.654247220000002,202
68.656963829999995,194
68.659680440000002,197
68.662397049999996,210
68.665113659999989,199
68.667830269999996,199
68.670546879999989,191
68.673263489999997,222
68.67598009999999,203
68.678696709999997,178
68.68141331999999,233
68.684129929999997,188
68.686846539999991,203
68.689563149999998,215
68.692279759999991,214
68.694996369999998,206
68.697712979999991,227
68.700429589999999,214
68.703146199999992,203
68.705862809999999,180
68.708579419999992,195
68.71129603,227
68.714012639999993,186
68.71672925,256
68.719445859999993,176
68.722162470000001,202
68.724879079999994,210
68.727595690000001,213
68.730312299999994,201
68.733028910000002,216
68.735745519999995,200
68.738462130000002,221
68.741178739999995,203
68.743895350000003,214
68.746611959999996,214
68.749328569999989,218
68.752045179999996,203
68.754761789999989,205
68.757478399999997,207
68.76019500999999,220
68.762911619999997,189
68.76562822999999,189
68.768344839999997,196
68.771061449999991,216
68.773778059999998,204
68.776494669999991,223
68.779211279999998,206
68.781927889999992,205
68.784644499999999,202
68.787361109999992,216
68.790077719999999,216
68.792794329999992,219
68.79551094,227
68.798227549999993,212
68.80094416,232
68.803660769999993,224
68.806377380000001,210
68.809093989999994,194
68.811810600000001,186
68.814527209999994,214
68.817243820000002,199
68.819960429999995,213
68.822677040000002,212
68.825393649999995,221
68.828110260000003,224
68.830826869999996,205
68.833543479999989,233
68.836260089999996,205
68.838976699999989,198
68.841693309999997,184
68.84440991999999,196
68.847126529999997,208
68.84984313999999,223
68.852559749999998,195
68.855276359999991,214
68.857992969999998,215
68.860709579999991,204
68.863426189999998,214
68.866142799999992,196
68.868859409999999,214
68.871576019999992,215
68.874292629999999,191
68.877009239999992,207
68.87972585,218
68.882442459999993,213
68.88515907,201
68.887875679999993,179
68.890592290000001,205
68.893308899999994,201
68.896025510000001,191
68.898742119999994,221
68.901458730000002,196
68.904175339999995,211
68.906891950000002,184
68.909608559999995,169
68.912325170000003,221
68.915041779999996,225
68.917758389999989,203
68.920474999999996,218
68.923191609999989,192
68.925908219999997,218
68.92862482999999,205
68.931341439999997,215
68.93405804999999,215
68.936774659999998,226
68.939491269999991,198
68.942207879999998,202
68.944924489999991,190
68.947641099999998,211
68.950357709999992,190
68.953074319999999,207
68.955790929999992,203
68.958507539999999,209
68.961224149999993,213
68.96394076,216
68.966657369999993,175
68.96937398,191
68.972090589999993,216
68.974807200000001,179
68.977523809999994,202
68.980240420000001,219
68.982957029999994,197
68.985673640000002,198
68.988390249999995,208
68.991106860000002,204
68.993823469999995,211
68.996540080000003,205
68.999256689999996,213
69.001973300000003,210
69.004689909999996,208
69.007406520000004,216
69.010123129999997,220
69.012839740000004,200
69.015556349999997,209
69.018272960000004,195
69.020989569999998,201
69.023706180000005,191
69.026422789999998,201
69.029139400000005,192
69.031856009999998,208
69.034572620000006,215
69.037289229999999,175
69.040005840000006,220
69.042722449999999,199
69.045439059999993,202
69.04815567,201
69.050872279999993,212
69.05358889,190
69.056305499999993,193
69.059022110000001,203
69.061738719999994,201
69.064455330000001,196
69.067171939999994,184
69.069888550000002,184
69.072605159999995,187
69.075321770000002,207
69.078038379999995,218
69.080754990000003,215
69.083471599999996,194
69.086188210000003,210
69.088904819999996,207
69.091621430000004,197
69.094338039999997,215
69.097054650000004,204
69.099771259999997,237
69.102487870000004,189
69.105204479999998,218
69.107921090000005,225
69.110637699999998,199
69.113354310000005,212
69.116070919999999,183
69.118787530000006,178
69.121504139999999,222
69.124220750000006,216
69.126937359999999,196
69.129653969999993,182
69.13237058,184
69.135087189999993,200
69.1378038,199
69.140520409999993,196
69.143237020000001,178
69.145953629999994,209
69.148670240000001,229
69.151386849999994,189
69.154103460000002,214
69.156820069999995,191
69.159536680000002,193
69.162253289999995,204
69.164969900000003,188
69.167686509999996,199
69.170403120000003,193
69.173119729999996,228
69.175836340000004,214
69.178552949999997,196
69.181269560000004,211
69.183986169999997,233
69.186702780000005,193
69.189419389999998,186
69.192136000000005,201
69.194852609999998,210
69.197569220000005,208
69.200285829999999,205
69.203002440000006,213
69.205719049999999,181
69.208435659999992,241
69.211152269999999,188
69.213868879999993,199
69.21658549,226
69.219302099999993,193
69.22201871,216
69.224735319999994,237
69.227451930000001,234
69.230168539999994,199
69.232885150000001,198
69.235601759999994,212
69.238318370000002,217
69.241034979999995,189
69.243751590000002,235
69.246468199999995,208
69.249184810000003,230
69.251901419999996,200
69.254618030000003,194
69.257334639999996,233
69.260051250000004,162
69.262767859999997,205
69.265484470000004,216
69.268201079999997,195
69.270917690000005,200
69.273634299999998,207
69.276350910000005,220
69.279067519999998,207
69.281784130000005,230
69.284500739999999,209
69.287217350000006,208
69.289933959999999,208
69.292650569999992,222
69.29536718,217
69.298083789999993,210
69.3008004,217
69.303517009999993,206
69.30623362,211
69.308950229999994,194
69.311666840000001,195
69.314383449999994,205
69.317100060000001,188
69.319816669999994,224
69.322533280000002,208
69.325249889999995,203
69.327966500000002,225
69.330683109999995,208
69.333399720000003,196
69.336116329999996,224
69.338832940000003,220
69.341549549999996,213
69.344266160000004,219
69.346982769999997,207
69.349699380000004,205
69.352415989999997,197
69.355132600000005,223
69.357849209999998,192
69.360565820000005,205
69.363282429999998,204
69.365999040000005,188
69.368715649999999,198
69.371432260000006,242
69.374148869999999,211
69.376865479999992,218
69.37958209,184
69.382298699999993,190
69.38501531,205
69.387731919999993,215
69.39044853,224
69.393165139999994,207
69.395881750000001,186
69.398598359999994,204
69.401314970000001,202
69.404031579999995,221
69.406748190000002,196
69.409464799999995,226
69.412181410000002,212
69.414898019999995,199
69.417614630000003,188
69.420331239999996,185
69.423047850000003,229
69.425764459999996,211
69.428481070000004,225
69.431197679999997,187
69.433914290000004,208
69.436630899999997,202
69.439347510000005,200
69.442064119999998,180
69.444780730000005,184
69.447497339999998,185
69.450213950000006,231
69.452930559999999,235
69.455647170000006,202
69.458363779999999,211
69.461080389999992,221
69.463797,198
69.466513609999993,210
69.46923022,207
69.471946829999993,213
69.47466344,204
69.477380049999994,208
69.480096660000001,190
69.482813269999994,199
69.485529880000001,197
69.488246489999995,194
69.490963100000002,205
69.493679709999995,187
69.496396320000002,184
69.499112929999995,201
69.501829540000003,208
69.504546149999996,208
69.507262760000003,218
69.509979369999996,209
69.512695980000004,184
69.515412589999997,198
69.518129200000004,219
69.520845809999997,206
69.523562420000005,214
69.526279029999998,209
69.528995640000005,200
69.531712249999998,220
69.534428860000006,195
69.537145469999999,175
69.539862080000006,195
69.542578689999999,215
69.545295299999992,209
69.54801191,210
69.550728519999993,195
69.55344513,215
69.556161739999993,197
69.558878350000001,220
69.561594959999994,208
69.564311570000001,198
69.567028179999994,196
69.569744790000001,198
69.572461399999995,197
69.575178010000002,219
69.577894619999995,178
69.580611230000002,188
69.583327839999995,210
69.586044450000003,218
69.588761059999996,209
69.591477670000003,210
69.594194279999996,223
69.596910890000004,225
69.599627499999997,182
69.602344110000004,187
69.605060719999997,204
69.607777330000005,183
69.610493939999998,217
69.613210550000005,203
69.615927159999998,207
69.618643770000006,204
69.621360379999999,223
69.624076990000006,203
69.626793599999999,204
69.629510209999992,182
69.63222682,185
69.634943429999993,201
69.63766004,208
69.640376649999993,205
69.643093260000001,200
69.645809869999994,195
69.648526480000001,223
69.651243089999994,183
69.653959700000001,223
69.656676309999995,197
69.659392920000002,193
69.662109529999995,217
69.664826140000002,226
69.667542749999996,171
69.670259360000003,195
69.672975969999996,226
69.675692580000003,178
69.678409189999996,224
69.681125800000004,224
69.683842409999997,209
69.686559020000004,206
69.689275629999997,233
69.691992240000005,162
69.694708849999998,222
69.697425460000005,192
69.700142069999998,220
69.702858680000006,207
69.705575289999999,208
69.708291900000006,188
69.711008509999999,197
69.713725119999992,211
69.71644173,220
69.719158339999993,206
69.72187495,229
69.724591559999993,218
69.727308170000001,216
69.730024779999994,204
69.732741390000001,207
69.735457999999994,202
69.738174610000002,215
69.740891219999995,198
69.743607830000002,200
69.746324439999995,189
69.749041050000002,199
69.751757659999996,206
69.754474270000003,203
69.757190879999996,212
69.759907490000003,188
69.762624099999996,210
69.765340710000004,170
69.768057319999997,233
69.770773930000004,189
69.773490539999997,208
69.776207150000005,200
69.778923759999998,211
69.781640370000005,203
69.784356979999998,187
69.787073590000006,220
69.789790199999999,227
69.792506810000006,200
69.795223419999999,199
69.797940029999992,209
69.80065664,198
69.803373249999993,194
69.80608986,203
69.808806469999993,197
69.811523080000001,199
69.814239689999994,193
69.816956300000001,197
69.819672909999994,196
69.822389520000002,204
69.825106129999995,210
69.827822740000002,195
69.830539349999995,193
69.833255960000002,183
69.835972569999996,210
69.838689180000003,202
69.841405789999996,213
69.844122400000003,230
69.846839009999997,215
69.849555620000004,206
69.852272229999997,202
69.854988840000004,196
69.857705449999997,221
69.860422060000005,225
69.863138669999998,208
69.865855280000005,207
69.868571889999998,210
69.871288500000006,197
69.874005109999999,179
69.876721720000006,213
69.879438329999999,209
69.882154939999992,241
69.88487155,199
69.887588159999993,187
69.89030477,194
69.893021379999993,203
69.895737990000001,190
69.898454599999994,229
69.901171210000001,223
69.903887819999994,217
69.906604430000002,212
69.909321039999995,192
69.912037650000002,211
69.914754259999995,243
69.917470870000002,220
69.920187479999996,201
69.922904090000003,182
69.925620699999996,207
69.928337310000003,228
69.931053919999997,222
69.933770530000004,218
69.936487139999997,198
69.939203750000004,219
69.941920359999997,242
69.944636970000005,236
69.947353579999998,205
69.950070190000005,210
69.952786799999998,211
69.955503410000006,204
69.958220019999999,195
69.960936630000006,217
69.963653239999999,202
69.966369849999992,204
69.96908646,196
69.971803069999993,192
69.97451968,208
69.977236289999993,206
69.979952900000001,199
69.982669509999994,181
69.985386120000001,225
69.988102729999994,207
69.990819340000002,205
69.993535949999995,183
69.996252560000002,204
69.998969169999995,231
70.001685780000003,217
70.004402389999996,199
70.007119000000003,170
70.009835609999996,186
70.012552220000003,186
70.015268829999997,228
70.017985440000004,189
70.020702049999997,197
70.023418660000004,208
70.026135269999997,235
70.028851880000005,217
70.031568489999998,183
70.034285100000005,212
70.037001709999998,221
70.039718320000006,207
70.042434929999999,208
70.045151540000006,218
70.047868149999999,195
70.050584759999992,232
70.05330137,194
70.056017979999993,216
70.05873459,199
70.061451199999993,218
70.064167810000001,215
70.066884419999994,205
70.069601030000001,201
70.072317639999994,202
70.075034250000002,201
70.077750859999995,243
70.080467470000002,180
70.083184079999995,224
70.085900690000003,219
70.088617299999996,204
70.091333910000003,197
70.094050519999996,209
70.096767130000003,215
70.099483739999997,202
70.102200350000004,207
70.104916959999997,213
70.107633570000004,192
70.110350179999998,216
70.113066790000005,197
70.115783399999998,188
70.118500010000005,192
70.121216619999998,192
70.123933230000006,202
70.126649839999999,196
70.129366450000006,223
70.132083059999999,202
70.134799669999992,206
70.13751628,207
70.140232889999993,194
70.1429495,213
70.145666109999993,178
70.148382720000001,212
70.151099329999994,209
70.153815940000001,197
70.156532549999994,195
70.159249160000002,217
70.161965769999995,210
70.164682380000002,227
70.167398989999995,201
70.170115600000003,231
70.172832209999996,208
70.175548820000003,208
70.178265429999996,207
70.180982040000004,167
70.183698649999997,195
70.186415260000004,217
70.189131869999997,212
70.191848480000004,220
70.194565089999998,199
70.197281700000005,236
70.199998309999998,208
70.202714920000005,216
70.205431529999998,188
70.208148140000006,204
70.210864749999999,211
70.213581360000006,238
70.216297969999999,212
70.219014579999993,219
70.22173119,231
70.224447799999993,202
70.22716441,195
70.229881019999993,213
70.232597630000001,240
70.235314239999994,199
70.238030850000001,216
70.240747459999994,216
70.243464070000002,186
70.246180679999995,211
70.248897290000002,233
70.251613899999995,205
70.254330510000003,207
70.257047119999996,212
70.259763730000003,220
70.262480339999996,188
70.265196950000004,188
70.267913559999997,190
70.270630170000004,209
70.273346779999997,200
70.276063390000004,206
70.278779999999998,216
70.281496610000005,188
70.284213219999998,224
70.286929830000005,185
70.289646439999999,181
70.292363050000006,221
70.295079659999999,224
70.297796270000006,196
70.300512879999999,215
70.303229489999993,207
70.3059461,215
70.308662709999993,229
70.31137932,193
70.314095929999993,220
70.316812540000001,193
70.319529149999994,247
70.322245760000001,202
70.324962369999994,212
70.327678980000002,203
70.330395589999995,228
70.333112200000002,211
70.335828809999995,211
70.338545420000003,200
70.341262029999996,210
70.343978640000003,195
70.346695249999996,180
70.349411860000004,213
70.352128469999997,191
70.354845080000004,183
70.357561689999997,199
70.360278300000004,210
70.362994909999998,250
70.365711520000005,213
70.368428129999998,192
70.371144740000005,211
70.373861349999999,187
70.376577960000006,205
70.379294569999999,208
70.382011179999992,195
70.384727789999999,224
70.387444399999993,191
70.39016101,214
70.392877619999993,217
70.39559423,191
70.398310839999994,177
70.401027450000001,213
70.403744059999994,208
70.406460670000001,211
70.409177279999994,192
70.411893890000002,226
70.414610499999995,225
70.417327110000002,187
70.420043719999995,218
70.422760330000003,187
70.425476939999996,203
70.428193550000003,224
70.430910159999996,189
70.433626770000004,174
70.436343379999997,215
70.439059990000004,185
70.441776599999997,193
70.444493210000005,212
70.447209819999998,217
70.449926430000005,195
70.452643039999998,164
70.455359650000005,193
70.458076259999999,187
70.460792870000006,234
70.463509479999999,214
70.466226089999992,183
70.468942699999999,209
70.471659309999993,202
70.47437592,203
70.477092529999993,173
70.47980914,194
70.482525749999994,204
70.485242360000001,212
70.487958969999994,222
70.490675580000001,195
70.493392189999994,207
70.496108800000002,204
70.498825409999995,203
70.501542020000002,202
70.504258629999995,190
70.506975240000003,209
70.509691849999996,213
70.512408460000003,212
70.515125069999996,216
70.517841680000004,202
70.520558289999997,209
70.523274900000004,193
70.525991509999997,215
70.528708120000005,202
70.531424729999998,229
70.534141340000005,213
70.536857949999998,227
70.539574560000005,203
70.542291169999999,205
70.545007780000006,197
70.547724389999999,179
70.550440999999992,179
70.55315761,201
70.555874219999993,214
70.55859083,203
70.561307439999993,202
70.56402405,162
70.566740659999994,214
70.569457270000001,193
70.572173879999994,192
70.574890490000001,206
70.577607099999994,213
70.580323710000002,211
70.583040319999995,215
70.585756930000002,233
70.588473539999995,222
70.591190150000003,206
70.593906759999996,214
70.596623370000003,197
70.599339979999996,231
70.602056590000004,192
70.604773199999997,212
70.607489810000004,198
70.610206419999997,184
70.612923030000005,203
70.615639639999998,196
70.618356250000005,208
70.621072859999998,206
70.623789470000006,217
70.626506079999999,215
70.629222690000006,194
70.631939299999999,219
70.634655909999992,227
70.63737252,208
70.640089129999993,169
70.64280574,198
70.645522349999993,190
70.64823896,228
70.650955569999994,209
70.653672180000001,209
70.656388789999994,177
70.659105400000001,202
70.661822009999995,202
70.664538620000002,216
70.667255229999995,213
70.669971840000002,257
70.672688449999995,201
70.675405060000003,202
70.678121669999996,201
70.680838280000003,212
70.683554889999996,195
70.686271500000004,190
70.688988109999997,221
70.691704720000004,190
70.694421329999997,195
70.697137940000005,207
70.699854549999998,205
70.702571160000005,218
70.705287769999998,244
70.708004380000006,232
70.710720989999999,182
70.713437600000006,177
70.716154209999999,188
70.718870819999992,190
70.72158743,203
70.724304039999993,194
70.72702065,218
70.729737259999993,218
70.732453870000001,189
70.735170479999994,216
70.737887090000001,209
70.740603699999994,206
70.743320310000001,226
70.746036919999995,215
70.748753530000002,197
70.751470139999995,195
70.754186750000002,207
70.756903359999995,195
70.759619970000003,203
70.762336579999996,217
70.765053190000003,183
70.767769799999996,174
70.770486410000004,193
70.773203019999997,192
70.775919630000004,203
70.778636239999997,183
70.781352850000005,205
70.784069459999998,228
70.786786070000005,201
70.789502679999998,196
70.792219290000006,206
70.794935899999999,200
70.797652510000006,214
70.800369119999999,197
70.803085729999992,208
70.80580234,209
70.808518949999993,191
70.81123556,219
70.813952169999993,221
70.816668780000001,192
70.819385389999994,216
70.822102000000001,208
70.824818609999994,212
70.827535220000001,200
70.830251829999995,203
70.832968440000002,195
70.835685049999995,218
70.838401660000002,213
70.841118269999996,193
70.843834880000003,202
70.846551489999996,228
70.849268100000003,214
70.851984709999996,207
70.854701320000004,189
70.857417929999997,185
70.860134540000004,186
70.862851149999997,201
70.865567760000005,205
70.868284369999998,209
70.871000980000005,217
70.873717589999998,212
70.876434200000006,195
70.879150809999999,194
70.881867420000006,194
70.884584029999999,199
70.887300639999992,198
70.89001725,187
70.892733859999993,215
70.89545047,204
70.898167079999993,210
70.900883690000001,202
70.903600299999994,203
70.906316910000001,239
70.909033519999994,202
70.911750130000001,198
70.914466739999995,172
70.917183350000002,215
70.919899959999995,204
70.922616570000002,213
70.925333179999996,214
70.928049790000003,234
70.930766399999996,190
70.933483010000003,235
70.936199619999996,218
70.938916230000004,216
70.941632839999997,207
70.944349450000004,225
70.947066059999997,201
70.949782670000005,207
70.952499279999998,216
70.955215890000005,206
70.957932499999998,219
70.960649110000006,203
70.963365719999999,185
70.966082330000006,209
70.968798939999999,211
70.971515549999992,184
70.97423216,221
70.976948769999993,211
70.97966538,220
70.982381989999993,183
70.985098600000001,189
70.987815209999994,202
70.990531820000001,186
70.993248429999994,238
70.995965040000002,218
70.998681649999995,207
71.001398260000002,216
71.004114869999995,199
71.006831480000002,197
71.009548089999996,214
71.012264700000003,205
71.014981309999996,193
71.017697920000003,203
71.020414529999996,207
71.023131140000004,195
71.025847749999997,183
71.028564360000004,194
71.031280969999997,197
71.033997580000005,197
71.036714189999998,230
71.039430800000005,194
71.042147409999998,217
71.044864020000006,219
71.047580629999999,205
71.050297240000006,200
71.053013849999999,214
71.055730459999992,205
71.05844707,190
71.061163679999993,197
71.06388029,195
71.066596899999993,230
71.069313510000001,193
71.072030119999994,205
71.074746730000001,215
71.077463339999994,199
71.080179950000002,210
71.082896559999995,220
71.085613170000002,195
71.088329779999995,191
71.091046390000002,221
71.093762999999996,209
71.096479610000003,210
71.099196219999996,211
71.101912830000003,190
71.104629439999997,219
71.107346050000004,210
71.110062659999997,220
71.112779270000004,219
71.115495879999997,190
71.118212490000005,192
71.120929099999998,211
71.123645710000005,197
71.126362319999998,194
71.129078930000006,220
71.131795539999999,190
71.134512150000006,231
71.137228759999999,202
71.139945369999992,199
71.14266198,194
71.145378589999993,205
71.1480952,194
71.150811809999993,195
71.153528420000001,194
71.156245029999994,231
71.158961640000001,220
71.161678249999994,194
71.164394860000002,216
71.167111469999995,227
71.169828080000002,212
71.172544689999995,201
71.175261300000003,188
71.177977909999996,221
71.180694520000003,201
71.183411129999996,178
71.186127740000003,181
71.188844349999997,203
71.191560960000004,213
71.194277569999997,192
71.196994180000004,232
71.199710789999997,214
71.202427400000005,212
71.205144009999998,214
71.207860620000005,224
71.210577229999998,197
71.213293840000006,201
71.216010449999999,192
71.218727060000006,214
71.221443669999999,188
71.224160279999992,192
71.22687689,194
71.229593499999993,215
71.23231011,206
71.235026719999993,212
71.237743330000001,204
71.240459939999994,218
71.243176550000001,245
71.245893159999994,206
71.248609770000002,216
71.251326379999995,195
71.254042990000002,214
71.256759599999995,202
71.259476210000003,210
71.262192819999996,221
71.264909430000003,202
71.267626039999996,230
71.270342650000003,223
71.273059259999997,204
71.275775870000004,217
71.278492479999997,201
71.281209090000004,193
71.283925699999998,231
71.286642310000005,224
71.289358919999998,217
71.292075530000005,199
71.294792139999998,214
71.297508750000006,207
71.300225359999999,200
71.302941970000006,195
71.305658579999999,211
71.308375189999992,215
71.3110918,208
71.313808409999993,182
71.31652502,185
71.319241629999993,212
71.321958240000001,214
71.324674849999994,193
71.327391460000001,213
71.330108069999994,182
71.332824680000002,227
71.335541289999995,206
71.338257900000002,209
71.340974509999995,196
71.343691120000003,197
71.346407729999996,201
71.349124340000003,204
71.351840949999996,175
71.354557560000003,214
71.357274169999997,220
71.359990780000004,201
71.362707389999997,224
71.365424000000004,208
71.368140609999998,196
71.370857220000005,215
71.373573829999998,218
71.376290440000005,228
71.379007049999998,206
71.381723660000006,190
71.384440269999999,185
71.387156880000006,202
71.389873489999999,207
71.392590099999993,208
71.39530671,203
71.398023319999993,202
71.40073993,206
71.403456539999993,199
71.406173150000001,208
71.408889759999994,203
71.411606370000001,202
71.414322979999994,201
71.417039590000002,213
71.419756199999995,219
71.422472810000002,231
71.425189419999995,223
71.427906030000003,184
71.430622639999996,234
71.433339250000003,225
71.436055859999996,206
71.438772470000004,197
71.441489079999997,196
71.444205690000004,205
71.446922299999997,206
71.449638910000004,217
71.452355519999998,194
71.455072130000005,234
71.457788739999998,196
71.460505350000005,195
71.463221959999998,201
71.465938570000006,176
71.468655179999999,232
71.471371790000006,204
71.474088399999999,218
71.476805009999993,204
71.47952162,213
71.482238229999993,222
71.48495484,200
71.487671449999993,205
71.490388060000001,205
71.493104669999994,200
71.495821280000001,201
71.498537889999994,218
71.501254500000002,239
71.503971109999995,222
71.506687720000002,210
71.509404329999995,219
71.512120940000003,211
71.514837549999996,192
71.517554160000003,204
71.520270769999996,219
71.522987380000004,222
71.525703989999997,207
71.528420600000004,203
71.531137209999997,197
71.533853820000004,220
71.536570429999998,213
71.539287040000005,213
71.542003649999998,214
71.544720260000005,227
71.547436869999999,208
71.550153480000006,182
71.552870089999999,202
71.555586699999992,203
71.558303309999999,199
71.561019919999993,192
71.56373653,191
71.566453139999993,218
71.56916975,201
71.571886359999993,223
71.574602970000001,196
71.577319579999994,201
71.580036190000001,212
71.582752799999994,209
71.585469410000002,200
71.588186019999995,219
71.590902630000002,206
71.593619239999995,190
71.596335850000003,204
71.599052459999996,205
71.601769070000003,207
71.604485679999996,201
71.607202290000004,205
71.609918899999997,213
71.612635510000004,183
71.615352119999997,206
71.618068730000005,184
71.620785339999998,186
71.623501950000005,235
71.626218559999998,212
71.628935170000005,188
71.631651779999999,190
71.634368390000006,208
71.637084999999999,209
71.639801609999992,196
71.642518219999999,258
71.645234829999993,211
71.64795144,217
71.650668049999993,206
71.65338466,218
71.656101269999994,194
71.658817880000001,203
71.661534489999994,225
71.664251100000001,203
71.666967709999994,208
71.669684320000002,233
71.672400929999995,189
71.675117540000002,221
71.677834149999995,245
71.680550760000003,206
71.683267369999996,193
71.685983980000003,227
71.688700589999996,206
71.691417200000004,219
71.694133809999997,200
71.696850420000004,224
71.699567029999997,213
71.702283640000005,204
71.705000249999998,185
71.707716860000005,206
71.710433469999998,210
71.713150080000005,227
71.715866689999999,209
71.718583300000006,211
71.721299909999999,208
71.724016519999992,210
71.72673313,227
71.729449739999993,208
71.73216635,193
71.734882959999993,198
71.73759957,207
71.740316179999994,213
71.743032790000001,209
71.745749399999994,196
71.748466010000001,193
71.751182619999994,192
71.753899230000002,181
71.756615839999995,214
71.759332450000002,209
71.762049059999995,218
71.764765670000003,192
71.767482279999996,211
71.770198890000003,228
71.772915499999996,209
71.775632110000004,222
71.778348719999997,216
71.781065330000004,213
71.783781939999997,204
71.786498550000005,230
71.789215159999998,222
71.791931770000005,198
71.794648379999998,231
71.797364990000005,212
71.800081599999999,216
71.802798210000006,231
71.805514819999999,198
71.808231429999992,196
71.81094804,218
71.813664649999993,222
71.81638126,217
71.819097869999993,197
71.82181448,230
71.824531089999994,188
71.827247700000001,222
71.829964309999994,203
71.832680920000001,209
71.835397529999995,204
71.838114140000002,189
71.840830749999995,222
71.843547360000002,224
71.846263969999995,225
71.848980580000003,206
71.851697189999996,196
71.854413800000003,232
71.857130409999996,218
71.859847020000004,197
71.862563629999997,190
71.865280240000004,203
71.867996849999997,237
71.870713460000005,212
71.873430069999998,208
71.876146680000005,185
71.878863289999998,241
71.881579900000006,213
71.884296509999999,235
71.887013120000006,207
71.889729729999999,212
71.892446339999992,211
71.89516295,209
71.897879559999993,194
71.90059617,193
71.903312779999993,244
71.90602939,218
71.908745999999994,207
71.911462610000001,217
71.914179219999994,216
71.916895830000001,222
71.919612439999995,199
71.922329050000002,215
71.925045659999995,206
71.927762270000002,209
71.930478879999995,223
71.933195490000003,205
71.935912099999996,222
71.938628710000003,202
71.941345319999996,177
71.944061930000004,191
71.946778539999997,203
71.949495150000004,202
71.952211759999997,192
71.954928370000005,212
71.957644979999998,221
71.960361590000005,203
71.963078199999998,206
71.965794810000006,205
71.968511419999999,219
71.971228030000006,224
71.973944639999999,229
71.976661249999992,200
71.97937786,201
71.982094469999993,184
71.98481108,227
71.987527689999993,227
71.990244300000001,224
71.992960909999994,237
71.995677520000001,215
71.998394129999994,182
72.001110740000001,209
72.003827349999995,204
72.006543960000002,206
72.009260569999995,238
72.011977180000002,212
72.014693789999995,215
72.017410400000003,217
72.020127009999996,208
72.022843620000003,229
72.025560229999996,188
72.028276840000004,225
72.030993449999997,198
72.033710060000004,216
72.036426669999997,222
72.039143280000005,216
72.041859889999998,219
72.044576500000005,215
72.047293109999998,202
72.050009720000006,194
72.052726329999999,202
72.055442940000006,216
72.058159549999999,217
72.060876159999992,236
72.06359277,228
72.066309379999993,227
72.06902599,217
72.071742599999993,223
72.074459210000001,199
72.077175819999994,195
72.079892430000001,225
72.082609039999994,215
72.085325650000001,215
72.088042259999995,227
72.090758870000002,222
72.093475479999995,203
72.096192090000002,222
72.098908699999996,217
72.101625310000003,206
72.104341919999996,215
72.107058530000003,196
72.109775139999996,211
72.112491750000004,205
72.115208359999997,197
72.117924970000004,196
72.120641579999997,200
72.123358190000005,225
72.126074799999998,208
72.128791410000005,210
72.131508019999998,197
72.134224630000006,206
72.136941239999999,223
72.139657850000006,188
72.142374459999999,213
72.145091069999992,179
72.14780768,206
72.150524289999993,198
72.1532409,198
72.155957509999993,189
72.158674120000001,186
72.161390729999994,230
72.164107340000001,214
72.166823949999994,213
72.169540560000002,217
72.172257169999995,201
72.174973780000002,191
72.177690389999995,214
72.180407000000002,202
72.183123609999996,246
72.185840220000003,156
72.188556829999996,173
72.191273440000003,219
72.193990049999996,236
72.196706660000004,197
72.199423269999997,208
72.202139880000004,179
72.204856489999997,200
72.207573100000005,248
72.210289709999998,195
72.213006320000005,211
72.215722929999998,197
72.218439540000006,216
72.221156149999999,204
72.223872760000006,233
72.226589369999999,221
72.229305979999992,189
72.23202259,200
72.234739199999993,198
72.23745581,222
72.240172419999993,195
72.242889030000001,216
72.245605639999994,214
72.248322250000001,202
72.251038859999994,231
72.253755470000002,222
72.256472079999995,203
72.259188690000002,190
72.261905299999995,208
72.264621910000002,197
72.267338519999996,221
72.270055130000003,207
72.272771739999996,225
72.275488350000003,184
72.278204959999997,199
72.280921570000004,232
72.283638179999997,225
72.286354790000004,213
72.289071399999997,215
72.291788010000005,204
72.294504619999998,197
72.297221230000005,207
72.299937839999998,205
72.302654450000006,218
72.305371059999999,223
72.308087670000006,213
72.310804279999999,215
72.313520889999992,196
72.3162375,230
72.318954109999993,211
72.32167072,202
72.324387329999993,197
72.327103940000001,223
72.329820549999994,180
72.332537160000001,197
72.335253769999994,215
72.337970380000002,223
72.340686989999995,190
72.343403600000002,196
72.346120209999995,211
72.348836820000002,217
72.351553429999996,224
72.354270040000003,209
72.356986649999996,208
72.359703260000003,221
72.362419869999997,208
72.365136480000004,210
72.367853089999997,236
72.370569700000004,213
72.373286309999997,213
72.376002920000005,188
72.378719529999998,197
72.381436140000005,209
72.384152749999998,208
72.386869360000006,224
72.389585969999999,201
72.392302580000006,216
72.395019189999999,190
72.397735799999992,228
72.40045241,240
72.403169019999993,195
72.40588563,218
72.408602239999993,216
72.411318850000001,191
72.414035459999994,203
72.416752070000001,208
72.419468679999994,203
72.422185290000002,213
72.424901899999995,180
72.427618510000002,209
72.430335119999995,217
72.433051730000003,196
72.435768339999996,208
72.438484950000003,220
72.441201559999996,176
72.443918170000003,222
72.446634779999997,178
72.449351390000004,175
72.452067999999997,219
72.454784610000004,173
72.457501219999997,202
72.460217830000005,205
72.462934439999998,222
72.465651050000005,224
72.468367659999998,233
72.471084270000006,200
72.473800879999999,216
72.476517490000006,214
72.479234099999999,186
72.481950709999992,203
72.48466732,204
72.487383929999993,194
72.49010054,215
72.492817149999993,208
72.495533760000001,220
72.498250369999994,209
72.500966980000001,205
72.503683589999994,228
72.506400200000002,209
72.509116809999995,208
72.511833420000002,212
72.514550029999995,210
72.517266640000003,226
72.519983249999996,221
72.522699860000003,221
72.525416469999996,212
72.528133080000003,222
72.530849689999997,210
72.533566300000004,202
72.536282909999997,232
72.538999520000004,224
72.541716129999998,198
72.544432740000005,223
72.547149349999998,216
72.549865960000005,241
72.552582569999998,198
72.555299180000006,204
72.558015789999999,211
72.560732400000006,220
72.563449009999999,214
72.566165619999992,228
72.56888223,218
72.571598839999993,203
72.57431545,244
72.577032059999993,204
72.579748670000001,190
72.582465279999994,221
72.585181890000001,218
72.587898499999994,199
72.590615110000002,237
72.593331719999995,222
72.596048330000002,232
72.598764939999995,205
72.601481550000003,199
72.604198159999996,196
72.606914770000003,189
72.609631379999996,211
72.612347990000004,196
72.615064599999997,227
72.617781210000004,234
72.620497819999997,238
72.623214430000004,203
72.625931039999998,197
72.628647650000005,193
72.631364259999998,237
72.634080870000005,233
72.636797479999998,232
72.639514090000006,218
72.642230699999999,203
72.644947309999992,212
72.647663919999999,195
72.650380529999993,231
72.65309714,224
72.655813749999993,205
72.65853036,215
72.661246969999993,204
72.663963580000001,195
72.666680189999994,224
72.669396800000001,214
72.672113409999994,221
72.674830020000002,209
72.677546629999995,216
72.680263240000002,209
72.682979849999995,234
72.685696460000003,209
72.688413069999996,199
72.691129680000003,239
72.693846289999996,211
72.696562900000004,209
72.699279509999997,214
72.701996120000004,224
72.704712729999997,198
72.707429340000004,194
72.710145949999998,211
72.712862560000005,226
72.715579169999998,181
72.718295780000005,182
72.721012389999999,220
72.723729000000006,213
72.726445609999999,189
72.729162219999992,203
72.731878829999999,220
72.734595439999993,197
72.73731205,213
72.740028659999993,181
72.74274527,229
72.745461879999993,214
72.748178490000001,219
72.750895099999994,231
72.753611710000001,216
72.756328319999994,218
72.759044930000002,245
72.761761539999995,213
72.764478150000002,249
72.767194759999995,198
72.769911370000003,222
72.772627979999996,202
72.775344590000003,189
72.778061199999996,212
72.780777810000004,208
72.783494419999997,200
72.786211030000004,214
72.788927639999997,201
72.791644250000004,231
72.794360859999998,198
72.797077470000005,192
72.799794079999998,198
72.802510690000005,190
72.805227299999999,235
72.807943910000006,226
72.810660519999999,207
72.813377129999992,208
72.816093739999999,190
72.818810349999993,218
72.82152696,198
72.824243569999993,220
72.82696018,189
72.829676789999994,199
72.832393400000001,230
72.835110009999994,205
72.837826620000001,233
72.840543229999994,196
72.843259840000002,209
72.845976449999995,189
72.848693060000002,222
72.851409669999995,224
72.854126280000003,193
72.856842889999996,198
72.859559500000003,197
72.862276109999996,210
72.864992720000004,212
72.867709329999997,214
72.870425940000004,192
72.873142549999997,223
72.875859160000005,184
72.878575769999998,223
72.881292380000005,219
72.884008989999998,225
72.886725600000005,235
72.889442209999999,209
72.892158820000006,216
72.894875429999999,195
72.897592039999992,188
72.900308649999999,206
72.903025259999993,216
72.90574187,226
72.908458479999993,223
72.91117509,209
72.913891699999994,186
72.916608310000001,211
72.919324919999994,207
72.922041530000001,216
72.924758139999994,231
72.927474750000002,193
72.930191359999995,233
72.932907970000002,225
72.935624579999995,224
72.938341190000003,196
72.941057799999996,244
72.943774410000003,216
72.946491019999996,209
72.949207630000004,209
72.951924239999997,225
72.954640850000004,172
72.957357459999997,200
72.960074070000005,206
72.962790679999998,207
72.965507290000005,214
72.968223899999998,202
72.970940510000005,223
72.973657119999999,213
72.976373730000006,219
72.979090339999999,209
72.981806949999992,203
72.98452356,235
72.987240169999993,219
72.98995678,209
72.992673389999993,176
72.99539,208
72.998106609999994,219
73.000823220000001,192
73.003539829999994,218
73.006256440000001,212
73.008973049999994,199
73.011689660000002,205
73.014406269999995,206
73.017122880000002,210
73.019839489999995,207
73.022556100000003,200
73.025272709999996,204
73.027989320000003,185
73.030705929999996,237
73.033422540000004,180
73.036139149999997,214
73.038855760000004,210
73.041572369999997,212
73.044288980000005,184
73.047005589999998,196
73.049722200000005,233
73.052438809999998,225
73.055155420000006,210
73.057872029999999,198
73.060588640000006,190
73.063305249999999,184
73.066021859999992,221
73.06873847,197
73.071455079999993,214
73.07417169,227
73.076888299999993,198
73.07960491,200
73.082321519999994,209
73.085038130000001,235
73.087754739999994,206
73.090471350000001,242
73.093187959999995,225
73.095904570000002,211
73.098621179999995,224
73.101337790000002,209
73.104054399999995,222
73.106771010000003,203
73.109487619999996,201
73.112204230000003,204
73.114920839999996,217
73.117637450000004,194
73.120354059999997,222
73.123070670000004,202
73.125787279999997,220
73.128503890000005,227
73.131220499999998,214
73.133937110000005,247
73.136653719999998,220
73.139370330000006,197
73.142086939999999,215
73.144803550000006,224
73.147520159999999,216
73.150236769999992,215
73.15295338,197
73.155669989999993,232
73.1583866,224
73.161103209999993,207
73.163819820000001,212
73.166536429999994,208
73.169253040000001,215
73.171969649999994,237
73.174686260000001,211
73.177402869999995,257
73.180119480000002,189
73.182836089999995,209
73.185552700000002,196
73.188269309999995,207
73.190985920000003,211
73.193702529999996,238
73.196419140000003,200
73.199135749999996,201
73.201852360000004,204
73.204568969999997,208
73.207285580000004,228
73.210002189999997,193
73.212718800000005,201
73.215435409999998,213
73.218152020000005,218
73.220868629999998,207
73.223585240000006,219
73.226301849999999,207
73.229018460000006,201
73.231735069999999,230
73.234451679999992,206
73.23716829,200
73.239884899999993,195
73.24260151,188
73.245318119999993,212
73.248034730000001,196
73.250751339999994,201
73.253467950000001,207
73.256184559999994,206
73.258901170000001,209
73.261617779999995,218
73.264334390000002,196
73.267050999999995,214
73.269767610000002,208
73.272484219999996,201
73.275200830000003,199
73.277917439999996,202
73.280634050000003,216
73.283350659999996,243
73.286067270000004,209
73.288783879999997,210
73.291500490000004,202
73.294217099999997,221
73.296933710000005,203
73.299650319999998,192
73.302366930000005,214
73.305083539999998,233
73.307800150000006,216
73.310516759999999,229
73.313233370000006,202
73.315949979999999,214
73.318666589999992,226
73.3213832,199
73.324099809999993,244
73.32681642,224
73.329533029999993,187
73.332249640000001,196
73.334966249999994,264
73.337682860000001,201
73.340399469999994,187
73.343116080000001,224
73.345832689999995,209
73.348549300000002,215
73.351265909999995,220
73.353982520000002,219
73.356699129999996,263
73.359415740000003,206
73.362132349999996,223
73.364848960000003,242
73.367565569999996,220
73.370282180000004,211
73.372998789999997,214
73.375715400000004,208
73.378432009999997,225
73.381148620000005,245
73.383865229999998,242
73.386581840000005,223
73.389298449999998,223
73.392015060000006,214
73.394731669999999,250
73.397448280000006,207
73.400164889999999,221
73.402881499999992,206
73.40559811,236
73.408314719999993,230
73.41103133,217
73.413747939999993,227
73.416464550000001,231
73.419181159999994,205
73.421897770000001,214
73.424614379999994,264
73.427330990000002,190
73.430047599999995,198
73.432764210000002,207
73.435480819999995,236
73.438197430000002,207
73.440914039999996,216
73.443630650000003,215
73.446347259999996,215
73.449063870000003,195
73.451780479999996,227
73.454497090000004,204
73.457213699999997,211
73.459930310000004,227
73.462646919999997,223
73.465363530000005,216
73.468080139999998,193
73.470796750000005,216
73.473513359999998,194
73.476229970000006,209
73.478946579999999,217
73.481663190000006,204
73.484379799999999,208
73.487096409999992,215
73.48981302,211
73.492529629999993,209
73.49524624,204
73.497962849999993,207
73.500679460000001,196
73.503396069999994,247
73.506112680000001,232
73.508829289999994,237
73.511545900000002,233
73.514262509999995,218
73.516979120000002,205
73.519695729999995,216
73.522412340000002,212
73.525128949999996,194
73.527845560000003,213
73.530562169999996,239
73.533278780000003,177
73.535995389999997,205
73.538712000000004,192
73.541428609999997,214
73.544145220000004,197
73.546861829999997,211
73.549578440000005,206
73.552295049999998,245
73.555011660000005,215
73.557728269999998,196
73.560444880000006,176
73.563161489999999,247
73.565878100000006,225
73.568594709999999,233
73.571311319999992,222
73.57402793,215
73.576744539999993,202
73.57946115,225
73.582177759999993,230
73.584894370000001,209
73.587610979999994,228
73.590327590000001,233
73.593044199999994,234
73.595760810000002,202
73.598477419999995,188
73.601194030000002,192
73.603910639999995,221
73.606627250000003,241
73.609343859999996,194
73.612060470000003,232
73.614777079999996,201
73.617493690000003,203
73.620210299999997,205
73.622926910000004,238
73.625643519999997,224
73.628360130000004,216
73.631076739999997,180
73.633793350000005,187
73.636509959999998,212
73.639226570000005,212
73.641943179999998,196
73.644659790000006,230
73.647376399999999,216
73.650093010000006,233
73.652809619999999,230
73.655526229999992,210
73.65824284,222
73.660959449999993,211
73.66367606,226
73.666392669999993,213
73.669109280000001,220
73.671825889999994,200
73.674542500000001,198
73.677259109999994,244
73.679975720000002,233
73.682692329999995,213
73.685408940000002,242
73.688125549999995,240
73.690842160000003,185
73.693558769999996,231
73.696275380000003,220
73.698991989999996,194
73.701708600000003,194
73.704425209999997,242
73.707141820000004,201
73.709858429999997,208
73.712575040000004,186
73.715291649999998,237
73.718008260000005,192
73.720724869999998,226
73.723441480000005,248
73.726158089999998,258
73.728874700000006,213
73.731591309999999,199
73.734307920000006,230
73.737024529999999,217
73.739741139999992,222
73.74245775,193
73.745174359999993,204
73.74789097,205
73.750607579999993,220
73.753324190000001,198
73.756040799999994,236
73.758757410000001,213
73.761474019999994,198
73.764190630000002,221
73.766907239999995,208
73.769623850000002,224
73.772340459999995,218
73.775057070000003,226
73.777773679999996,231
73.780490290000003,224
73.783206899999996,191
73.785923510000003,200
73.788640119999997,217
73.791356730000004,231
73.794073339999997,216
73.796789950000004,221
73.799506559999998,215
73.802223170000005,196
73.804939779999998,211
73.807656390000005,221
73.810372999999998,203
73.813089610000006,206
73.815806219999999,227
73.818522829999992,187
73.821239439999999,212
73.823956049999993,234
73.82667266,227
73.829389269999993,208
73.83210588,219
73.834822489999993,185
73.837539100000001,209
73.840255709999994,208
73.842972320000001,214
73.845688929999994,220
73.848405540000002,194
73.851122149999995,216
73.853838760000002,199
73.856555369999995,199
73.859271980000003,224
73.861988589999996,188
73.864705200000003,198
73.867421809999996,228
73.870138420000004,216
73.872855029999997,246
73.875571640000004,211
73.878288249999997,205
73.881004860000004,196
73.883721469999998,199
73.886438080000005,183
73.889154689999998,198
73.891871300000005,213
73.894587909999998,194
73.897304520000006,207
73.900021129999999,221
73.902737739999992,223
73.905454349999999,213
73.908170959999993,219
73.91088757,230
73.913604179999993,188
73.91632079,217
73.919037399999993,228
73.921754010000001,229
73.924470619999994,202
73.927187230000001,214
73.929903839999994,198
73.932620450000002,184
73.935337059999995,231
73.938053670000002,214
73.940770279999995,220
73.943486890000003,196
73.946203499999996,222
73.948920110000003,215
73.951636719999996,211
73.954353330000004,220
73.957069939999997,199
73.959786550000004,248
73.962503159999997,235
73.965219770000004,240
73.967936379999998,223
73.970652990000005,218
73.973369599999998,206
73.976086210000005,231
73.978802819999999,201
73.981519430000006,240
73.984236039999999,229
73.986952649999992,204
73.989669259999999,217
73.992385869999993,211
73.99510248,264
73.997819089999993,221
74.0005357,204
74.003252309999993,222
74.005968920000001,228
74.008685529999994,235
74.011402140000001,200
74.014118749999994,204
74.016835360000002,228
74.019551969999995,219
74.022268580000002,213
74.024985189999995,204
74.027701800000003,205
74.030418409999996,228
74.033135020000003,219
74.035851629999996,220
74.038568240000004,220
74.041284849999997,200
74.044001460000004,212
74.046718069999997,222
74.049434680000005,199
74.052151289999998,224
74.054867900000005,227
74.057584509999998,215
74.060301120000005,229
74.063017729999999,227
74.065734340000006,227
74.068450949999999,190
74.071167559999992,206
74.073884169999999,216
74.076600779999993,206
74.07931739,216
74.082033999999993,216
74.08475061,200
74.087467219999994,246
74.090183830000001,230
74.092900439999994,204
74.095617050000001,235
74.098333659999994,219
74.101050270000002,190
74.103766879999995,198
74.106483490000002,224
74.109200099999995,214
74.111916710000003,214
74.114633319999996,210
74.117349930000003,235
74.120066539999996,209
74.122783150000004,219
74.125499759999997,210
74.128216370000004,190
74.130932979999997,200
74.133649590000005,212
74.136366199999998,217
74.139082810000005,228
74.141799419999998,188
74.144516030000005,213
74.147232639999999,211
74.149949250000006,187
74.152665859999999,199
74.155382469999992,224
74.15809908,215
74.160815689999993,221
74.1635323,208
74.166248909999993,228
74.16896552,198
74.171682129999994,208
74.174398740000001,219
74.177115349999994,214
74.179831960000001,223
74.182548569999994,222
74.185265180000002,242
74.187981789999995,237
74.190698400000002,223
74.193415009999995,214
74.196131620000003,259
74.198848229999996,225
74.201564840000003,214
74.204281449999996,213
74.206998060000004,227
74.209714669999997,233
74.212431280000004,214
74.215147889999997,204
74.217864500000005,215
74.220581109999998,213
74.223297720000005,198
74.226014329999998,218
74.228730940000005,200
74.231447549999999,226
74.234164160000006,236
74.236880769999999,232
74.239597379999992,234
74.24231399,218
74.245030599999993,238
74.24774721,202
74.250463819999993,218
74.25318043,207
74.255897039999994,256
74.258613650000001,188
74.261330259999994,184
74.264046870000001,205
74.266763479999995,233
74.269480090000002,226
74.272196699999995,197
74.274913310000002,206
74.277629919999995,232
74.280346530000003,194
74.283063139999996,221
74.285779750000003,226
74.288496359999996,226
74.291212970000004,215
74.293929579999997,236
74.296646190000004,203
74.299362799999997,230
74.302079410000005,220
74.304796019999998,218
74.307512630000005,202
74.310229239999998,185
74.312945850000006,197
74.315662459999999,231
74.318379070000006,212
74.321095679999999,219
74.323812289999992,207
74.3265289,225
74.329245509999993,201
74.33196212,216
74.334678729999993,221
74.33739534,222
74.340111949999994,221
74.342828560000001,215
74.345545169999994,250
74.348261780000001,221
74.350978389999995,221
74.353695000000002,198
74.356411609999995,227
74.359128220000002,235
74.361844829999995,238
74.364561440000003,220
74.367278049999996,215
74.369994660000003,215
74.372711269999996,219
74.375427880000004,217
74.378144489999997,227
74.380861100000004,198
74.383577709999997,202
74.386294320000005,223
74.389010929999998,236
74.391727540000005,208
74.394444149999998,237
74.397160760000006,233
74.399877369999999,237
74.402593980000006,224
74.405310589999999,232
74.408027199999992,221
74.41074381,214
74.413460419999993,194
74.41617703,219
74.418893639999993,211
74.421610250000001,196
74.424326859999994,227
74.427043470000001,206
74.429760079999994,216
74.432476690000001,233
74.435193299999995,219
74.437909910000002,237
74.440626519999995,199
74.443343130000002,196
74.446059739999995,204
74.448776350000003,234
74.451492959999996,218
74.454209570000003,205
74.456926179999996,227
74.459642790000004,213
74.462359399999997,230
74.465076010000004,232
74.467792619999997,229
74.470509230000005,235
74.473225839999998,232
74.475942450000005,224
74.478659059999998,193
74.481375670000006,212
74.484092279999999,219
74.486808890000006,237
74.489525499999999,242
74.492242109999992,219
74.49495872,215
74.497675329999993,229
74.50039194,222
74.503108549999993,214
74.505825160000001,188
74.508541769999994,230
74.511258380000001,224
74.513974989999994,214
74.516691600000001,222
74.519408209999995,207
74.522124820000002,199
74.524841429999995,230
74.527558040000002,238
74.530274649999996,201
74.532991260000003,221
74.535707869999996,227
74.538424480000003,205
74.541141089999996,215
74.543857700000004,210
74.546574309999997,213
74.549290920000004,200
74.552007529999997,213
74.554724140000005,206
74.557440749999998,211
74.560157360000005,222
74.562873969999998,222
74.565590580000006,231
74.568307189999999,228
74.571023800000006,203
74.573740409999999,202
74.576457019999992,246
74.57917363,272
74.581890239999993,199
74.58460685,224
74.587323459999993,235
74.590040070000001,215
74.592756679999994,207
74.595473290000001,222
74.598189899999994,239
74.600906510000002,224
74.603623119999995,228
74.606339730000002,225
74.609056339999995,228
74.611772950000002,231
74.614489559999996,198
74.617206170000003,209
74.619922779999996,208
74.622639390000003,222
74.625355999999996,213
74.628072610000004,213
74.630789219999997,219
74.633505830000004,230
74.636222439999997,220
74.638939050000005,234
74.641655659999998,229
74.644372270000005,228
74.647088879999998,214
74.649805490000006,211
74.652522099999999,205
74.655238710000006,213
74.657955319999999,226
74.660671929999992,221
74.66338854,210
74.666105149999993,221
74.66882176,232
74.671538369999993,223
74.674254980000001,230
74.676971589999994,216
74.679688200000001,226
74.682404809999994,224
74.685121420000002,243
74.687838029999995,212
74.690554640000002,205
74.693271249999995,227
74.695987860000002,223
74.698704469999996,239
74.701421080000003,214
74.704137689999996,225
74.706854300000003,204
74.709570909999997,216
74.712287520000004,191
74.715004129999997,190
74.717720740000004,215
74.720437349999997,182
74.723153960000005,233
74.725870569999998,224
74.728587180000005,226
74.731303789999998,238
74.734020400000006,239
74.736737009999999,215
74.739453620000006,223
74.742170229999999,189
74.744886839999992,199
74.74760345,203
74.750320059999993,223
74.75303667,220
74.755753279999993,251
74.758469890000001,242
74.761186499999994,207
74.763903110000001,192
74.766619719999994,206
74.769336330000002,217
74.772052939999995,240
74.774769550000002,230
74.777486159999995,257
74.780202770000002,207
74.782919379999996,218
74.785635990000003,214
74.788352599999996,232
74.791069210000003,214
74.793785819999997,184
74.796502430000004,213
74.799219039999997,192
74.801935650000004,212
74.804652259999997,206
74.807368870000005,203
74.810085479999998,230
74.812802090000005,213
74.815518699999998,217
74.818235310000006,204
74.820951919999999,226
74.823668530000006,236
74.826385139999999,196
74.829101749999992,203
74.83181836,242
74.834534969999993,220
74.83725158,233
74.839968189999993,230
74.842684800000001,196
74.845401409999994,228
74.848118020000001,229
74.850834629999994,230
74.853551240000002,207
74.856267849999995,212
74.858984460000002,241
74.861701069999995,247
74.864417680000003,238
74.867134289999996,220
74.869850900000003,199
74.872567509999996,226
74.875284120000003,210
74.878000729999997,213
74.880717340000004,207
74.883433949999997,226
74.886150560000004,221
74.888867169999997,220
74.891583780000005,210
74.894300389999998,224
74.897017000000005,225
74.899733609999998,213
74.902450220000006,226
74.905166829999999,217
74.907883440000006,210
74.910600049999999,203
74.913316659999992,204
74.91603327,200
74.918749879999993,222
74.92146649,206
74.924183099999993,210
74.926899710000001,198
74.929616319999994,221
74.932332930000001,236
74.935049539999994,211
74.937766150000002,211
74.940482759999995,215
74.943199370000002,219
74.945915979999995,243
74.948632590000003,229
74.951349199999996,200
74.954065810000003,197
74.956782419999996,201
74.959499030000003,216
74.962215639999997,220
74.964932250000004,201
74.967648859999997,217
74.970365470000004,208
74.973082079999998,205
74.975798690000005,199
74.978515299999998,211
74.981231910000005,219
74.983948519999998,217
74.986665130000006,225
74.989381739999999,195
74.992098349999992,205
74.994814959999999,206
74.997531569999992,205
75.00024818,213
75.002964789999993,232
75.0056814,215
75.008398009999993,217
75.011114620000001,221
75.013831229999994,232
75.016547840000001,218
75.019264449999994,236
75.021981060000002,226
75.024697669999995,196
75.027414280000002,225
75.030130889999995,196
75.032847500000003,221
75.035564109999996,218
75.038280720000003,203
75.040997329999996,232
75.043713940000004,235
75.046430549999997,219
75.049147160000004,222
75.051863769999997,227
75.054580380000004,231
75.057296989999998,213
75.060013600000005,228
75.062730209999998,217
75.065446820000005,225
75.068163429999998,207
75.070880040000006,224
75.073596649999999,218
75.076313259999992,210
75.079029869999999,201
75.081746479999993,225
75.08446309,234
75.087179699999993,222
75.08989631,194
75.092612919999993,240
75.095329530000001,204
75.098046139999994,201
75.100762750000001,186
75.103479359999994,195
75.106195970000002,218
75.108912579999995,202
75.111629190000002,220
75.114345799999995,216
75.117062410000003,236
75.119779019999996,226
75.122495630000003,202
75.125212239999996,208
75.127928850000004,213
75.130645459999997,218
75.133362070000004,219
75.136078679999997,213
75.138795290000004,207
75.141511899999998,212
75.144228510000005,235
75.146945119999998,248
75.149661730000005,204
75.152378339999999,202
75.155094950000006,219
75.157811559999999,224
75.160528169999992,214
75.163244779999999,242
75.165961389999993,214
75.168678,217
75.171394609999993,222
75.17411122,232
75.176827829999993,201
75.179544440000001,219
75.182261049999994,218
75.184977660000001,218
75.187694269999994,213
75.190410880000002,232
75.193127489999995,225
75.195844100000002,233
75.198560709999995,207
75.201277320000003,215
75.203993929999996,224
75.206710540000003,221
75.209427149999996,218
75.212143760000004,205
75.214860369999997,214
75.217576980000004,218
75.220293589999997,219
75.223010200000004,227
75.225726809999998,208
75.228443420000005,227
75.231160029999998,195
75.233876640000005,226
75.236593249999999,216
75.239309860000006,219
75.242026469999999,217
75.244743079999992,221
75.247459689999999,220
75.250176299999993,208
75.25289291,233
75.255609519999993,192
75.25832613,235
75.261042739999994,212
75.263759350000001,179
75.266475959999994,247
75.269192570000001,229
75.271909179999994,236
75.274625790000002,228
75.277342399999995,207
75.280059010000002,232
75.282775619999995,217
75.285492230000003,214
75.288208839999996,222
75.290925450000003,204
75.293642059999996,194
75.296358670000004,230
75.299075279999997,226
75.301791890000004,222
75.304508499999997,218
75.307225110000005,206
75.309941719999998,221
75.312658330000005,228
75.315374939999998,243
75.318091550000005,207
75.320808159999999,237
75.323524770000006,206
75.326241379999999,261
75.328957989999992,214
75.331674599999999,215
75.334391209999993,199
75.33710782,239
75.339824429999993,180
75.34254104,240
75.345257649999994,240
75.347974260000001,214
75.350690869999994,222
75.353407480000001,219
75.356124089999994,206
75.358840700000002,209
75.361557309999995,208
75.364273920000002,229
75.366990529999995,187
75.369707140000003,241
75.372423749999996,256
75.375140360000003,223
75.377856969999996,208
75.380573580000004,216
75.383290189999997,212
75.386006800000004,210
75.388723409999997,221
75.391440020000005,218
75.394156629999998,197
75.396873240000005,222
75.399589849999998,203
75.402306460000005,227
75.405023069999999,237
75.407739680000006,207
75.410456289999999,225
75.413172899999992,215
75.41588951,208
75.418606119999993,205
75.42132273,216
75.424039339999993,228
75.42675595,210
75.429472559999994,209
75.432189170000001,205
75.434905779999994,209
75.437622390000001,217
75.440338999999994,202
75.443055610000002,204
75.445772219999995,241
75.448488830000002,232
75.451205439999995,217
75.453922050000003,204
75.456638659999996,226
75.459355270000003,231
75.462071879999996,213
75.464788490000004,234
75.467505099999997,247
75.470221710000004,207
75.472938319999997,184
75.475654930000005,210
75.478371539999998,210
75.481088150000005,224
75.483804759999998,222
75.486521370000006,216
75.489237979999999,225
75.491954590000006,178
75.494671199999999,232
75.497387809999992,216
75.50010442,183
75.502821029999993,202
75.50553764,219
75.508254249999993,239
75.51097086,231
75.513687469999994,208
75.516404080000001,263
75.519120689999994,196
75.521837300000001,258
75.524553909999995,214
75.527270520000002,216
75.529987129999995,204
75.532703740000002,223
75.535420349999995,196
75.538136960000003,232
75.540853569999996,214
75.543570180000003,191
75.546286789999996,209
75.549003400000004,225
75.551720009999997,205
75.554436620000004,211
75.557153229999997,211
75.559869840000005,229
75.562586449999998,197
75.565303060000005,206
75.568019669999998,206
75.570736280000006,193
75.573452889999999,197
75.576169500000006,203
75.578886109999999,227
75.581602719999992,220
75.58431933,235
75.587035939999993,229
75.58975255,220
75.592469159999993,217
75.595185770000001,186
75.597902379999994,201
75.600618990000001,243
75.603335599999994,230
75.606052210000001,206
75.608768819999995,224
75.611485430000002,213
75.614202039999995,215
75.616918650000002,227
75.619635259999995,265
75.622351870000003,239
75.625068479999996,193
75.627785090000003,200
75.630501699999996,198
75.633218310000004,188
75.635934919999997,229
75.638651530000004,231
75.641368139999997,243
75.644084750000005,206
75.646801359999998,218
75.649517970000005,199
75.652234579999998,208
75.654951190000006,203
75.657667799999999,201
75.660384410000006,225
75.663101019999999,213
75.665817629999992,226
75.66853424,224
75.671250849999993,212
75.67396746,214
75.676684069999993,228
75.679400680000001,198
75.682117289999994,207
75.684833900000001,215
75.687550509999994,201
75.690267120000001,240
75.692983729999995,196
75.695700340000002,216
75.698416949999995,209
75.701133560000002,216
75.703850169999996,224
75.706566780000003,209
75.709283389999996,221
75.712000000000003,220
75.714716609999996,217
75.717433220000004,220
75.720149829999997,215
75.722866440000004,210
75.725583049999997,232
75.728299660000005,227
75.731016269999998,236
75.733732880000005,204
75.736449489999998,243
75.739166100000006,208
75.741882709999999,202
75.744599320000006,222
75.747315929999999,239
75.750032539999992,198
75.75274915,206
75.755465759999993,200
75.75818237,201
75.760898979999993,228
75.763615590000001,213
75.766332199999994,210
75.769048810000001,209
75.771765419999994,198
75.774482030000001,207
75.777198639999995,195
75.779915250000002,214
75.782631859999995,210
75.785348470000002,222
75.788065079999996,228
75.790781690000003,213
75.793498299999996,211
75.796214910000003,202
75.798931519999996,221
75.801648130000004,232
75.804364739999997,210
75.807081350000004,232
75.809797959999997,243
75.812514570000005,201
75.815231179999998,181
75.817947790000005,200
75.820664399999998,224
75.823381010000006,205
75.826097619999999,213
75.828814230000006,197
75.831530839999999,212
75.834247449999992,207
75.83696406,202
75.839680669999993,238
75.84239728,234
75.845113889999993,191
75.847830500000001,229
75.850547109999994,239
75.853263720000001,182
75.855980329999994,222
75.858696940000002,213
75.861413549999995,206
75.864130160000002,223
75.866846769999995,237
75.869563380000002,232
75.872279989999996,215
75.874996600000003,207
75.877713209999996,203
75.880429820000003,196
75.883146429999996,199
75.885863040000004,222
75.888579649999997,222
75.891296260000004,189
75.894012869999997,230
75.896729480000005,188
75.899446089999998,227
75.902162700000005,211
75.904879309999998,224
75.907595920000006,212
75.910312529999999,229
75.913029140000006,221
75.915745749999999,204
75.918462359999992,216
75.92117897,223
75.923895579999993,227
75.92661219,233
75.929328799999993,219
75.932045410000001,235
75.934762019999994,200
75.937478630000001,222
75.940195239999994,205
75.942911850000002,212
75.945628459999995,222
75.948345070000002,205
75.951061679999995,203
75.953778290000002,214
75.956494899999996,216
75.959211510000003,207
75.961928119999996,197
75.964644730000003,204
75.967361339999997,217
75.970077950000004,228
75.972794559999997,192
75.975511170000004,200
75.978227779999997,204
75.980944390000005,205
75.983660999999998,202
75.986377610000005,231
75.989094219999998,195
75.991810830000006,230
75.994527439999999,197
75.997244050000006,214
75.999960659999999,210
76.002677269999992,212
76.00539388,219
76.008110489999993,195
76.0108271,226
76.013543709999993,203
76.016260320000001,195
76.018976929999994,232
76.021693540000001,211
76.024410149999994,219
76.027126760000002,226
76.029843369999995,210
76.032559980000002,226
76.035276589999995,222
76.037993200000003,214
76.040709809999996,187
76.043426420000003,212
76.046143029999996,205
76.048859640000003,206
76.051576249999997,264
76.054292860000004,220
76.057009469999997,238
76.059726080000004,258
76.062442689999997,246
76.065159300000005,237
76.067875909999998,212
76.070592520000005,211
76.073309129999998,263
76.076025740000006,220
76.078742349999999,219
76.081458960000006,222
76.084175569999999,217
76.086892179999992,227
76.08960879,216
76.092325399999993,222
76.09504201,232
76.097758619999993,186
76.100475230000001,190
76.103191839999994,198
76.105908450000001,215
76.108625059999994,182
76.111341670000002,221
76.114058279999995,188
76.116774890000002,225
76.119491499999995,203
76.122208110000003,254
76.124924719999996,204
76.127641330000003,220
76.130357939999996,220
76.133074550000003,201
76.135791159999997,206
76.138507770000004,214
76.141224379999997,172
76.143940990000004,216
76.146657599999998,215
76.149374210000005,223
76.152090819999998,200
76.154807430000005,217
76.157524039999998,211
76.160240650000006,179
76.162957259999999,182
76.165673869999992,227
76.168390479999999,234
76.171107089999992,233
76.1738237,213
76.176540309999993,206
76.17925692,222
76.181973529999993,228
76.184690140000001,206
76.187406749999994,208
76.190123360000001,208
76.192839969999994,211
76.195556580000002,193
76.198273189999995,235
76.200989800000002,213
76.203706409999995,230
76.206423020000003,225
76.209139629999996,218
76.211856240000003,213
76.214572849999996,236
76.217289460000003,193
76.220006069999997,240
76.222722680000004,222
76.225439289999997,192
76.228155900000004,201
76.230872509999998,224
76.233589120000005,226
76.236305729999998,214
76.239022340000005,195
76.241738949999998,193
76.244455560000006,167
76.247172169999999,179
76.249888779999992,216
76.252605389999999,205
76.255321999999992,210
76.25803861,242
76.260755219999993,216
76.26347183,217
76.266188439999993,218
76.268905050000001,274
76.271621659999994,206
76.274338270000001,250
76.277054879999994,214
76.279771490000002,217
76.282488099999995,199
76.285204710000002,220
76.287921319999995,190
76.290637930000003,221
76.293354539999996,210
76.296071150000003,217
76.298787759999996,220
76.301504370000004,228
76.304220979999997,213
76.306937590000004,216
76.309654199999997,213
76.312370810000004,227
76.315087419999998,198
76.317804030000005,217
76.320520639999998,227
76.323237250000005,225
76.325953859999998,212
76.328670470000006,216
76.331387079999999,194
76.334103689999992,220
76.336820299999999,206
76.339536909999993,216
76.34225352,241
76.344970129999993,187
76.34768674,206
76.350403349999993,206
76.353119960000001,217
76.355836569999994,247
76.358553180000001,228
76.361269789999994,197
76.363986400000002,209
76.366703009999995,191
76.369419620000002,211
76.372136229999995,259
76.374852840000003,213
76.377569449999996,225
76.380286060000003,215
76.383002669999996,221
76.385719280000004,213
76.388435889999997,210
76.391152500000004,225
76.393869109999997,194
76.396585720000004,206
76.399302329999998,208
76.402018940000005,212
76.404735549999998,215
76.407452160000005,209
76.410168769999999,176
76.412885380000006,268
76.415601989999999,183
76.418318599999992,227
76.421035209999999,209
76.423751819999993,219
76.42646843,215
76.429185039999993,218
76.43190165,211
76.434618259999993,242
76.437334870000001,209
76.440051479999994,207
76.442768090000001,238
76.445484699999994,203
76.448201310000002,216
76.450917919999995,236
76.453634530000002,260
76.456351139999995,217
76.459067750000003,228
76.461784359999996,218
76.464500970000003,232
76.467217579999996,229
76.469934190000004,220
76.472650799999997,206
76.475367410000004,226
76.478084019999997,216
76.480800630000005,208
76.483517239999998,231
76.486233850000005,217
76.488950459999998,214
76.491667070000005,225
76.494383679999999,229
76.497100290000006,172
76.499816899999999,207
76.502533509999992,216
76.505250119999999,216
76.507966729999993,216
76.51068334,210
76.513399949999993,206
76.51611656,229
76.518833169999994,217
76.521549780000001,203
76.524266389999994,197
76.526983000000001,211
76.529699609999994,241
76.532416220000002,208
76.535132829999995,190
76.537849440000002,211
76.540566049999995,217
76.543282660000003,226
76.545999269999996,191
76.548715880000003,219
76.551432489999996,232
76.554149100000004,191
76.556865709999997,218
76.559582320000004,206
76.562298929999997,248
76.565015540000005,216
76.567732149999998,203
76.570448760000005,195
76.573165369999998,187
76.575881980000005,220
76.578598589999999,214
76.581315200000006,228
76.584031809999999,246
76.586748419999992,219
76.58946503,207
76.592181639999993,197
76.59489825,227
76.597614859999993,214
76.60033147,226
76.603048079999994,189
76.605764690000001,228
76.608481299999994,210
76.611197910000001,213
76.613914519999994,212
76.616631130000002,209
76.619347739999995,189
76.622064350000002,206
76.624780959999995,204
76.627497570000003,217
76.630214179999996,234
76.632930790000003,201
76.635647399999996,231
76.638364010000004,188
76.641080619999997,200
76.643797230000004,225
76.646513839999997,207
76.649230450000005,230
76.651947059999998,193
76.654663670000005,219
76.657380279999998,222
76.660096890000005,208
76.662813499999999,209
76.665530110000006,214
76.668246719999999,227
76.670963329999992,230
76.67367994,195
76.676396549999993,213
76.67911316,232
76.681829769999993,207
76.68454638,235
76.687262989999994,201
76.689979600000001,229
76.692696209999994,219
76.695412820000001,233
76.698129429999994,221
76.700846040000002,227
76.703562649999995,219
76.706279260000002,211
76.708995869999995,227
76.711712480000003,223
76.714429089999996,198
76.717145700000003,224
76.719862309999996,209
76.722578920000004,204
76.725295529999997,195
76.728012140000004,249
76.730728749999997,213
76.733445360000005,212
76.736161969999998,182
76.738878580000005,220
76.741595189999998,231
76.744311800000006,215
76.747028409999999,203
76.749745020000006,198
76.752461629999999,197
76.755178239999992,204
76.75789485,224
76.760611459999993,197
76.76332807,222
76.766044679999993,234
76.76876129,206
76.771477899999994,219
76.774194510000001,206
76.776911119999994,226
76.779627730000001,222
76.782344339999995,190
76.785060950000002,225
76.787777559999995,195
76.790494170000002,216
76.793210779999995,215
76.795927390000003,226
76.798643999999996,234
76.801360610000003,198
76.804077219999996,199
76.806793830000004,244
76.809510439999997,211
76.812227050000004,235
76.814943659999997,244
76.817660270000005,211
76.820376879999998,205
76.823093490000005,220
76.825810099999998,203
76.828526710000006,192
76.831243319999999,223
76.833959930000006,220
76.836676539999999,227
76.839393149999992,194
76.84210976,223
76.844826369999993,207
76.84754298,211
76.850259589999993,224
76.852976200000001,207
76.855692809999994,184
76.858409420000001,181
76.861126029999994,185
76.863842640000001,190
76.866559249999995,212
76.869275860000002,213
76.871992469999995,233
76.874709080000002,217
76.877425689999995,216
76.880142300000003,180
76.882858909999996,206
76.885575520000003,228
76.888292129999996,196
76.891008740000004,203
76.893725349999997,228
76.896441960000004,216
76.899158569999997,188
76.901875180000005,181
76.904591789999998,205
76.907308400000005,216
76.910025009999998,197
76.912741620000006,224
76.915458229999999,225
76.918174840000006,202
76.920891449999999,221
76.923608059999992,238
76.92632467,199
76.929041279999993,230
76.93175789,199
76.934474499999993,195
76.937191110000001,206
76.939907719999994,198
76.942624330000001,210
76.945340939999994,214
76.948057550000001,219
76.950774159999995,210
76.953490770000002,233
76.956207379999995,232
76.958923990000002,220
76.961640599999996,215
76.964357210000003,204
76.967073819999996,209
76.969790430000003,217
76.972507039999996,201
76.975223650000004,235
76.977940259999997,224
76.980656870000004,191
76.983373479999997,232
76.986090090000005,202
76.988806699999998,203
76.991523310000005,216
76.994239919999998,216
76.996956530000006,210
76.999673139999999,223
77.002389750000006,198
77.005106359999999,210
77.007822969999992,183
77.01053958,201
77.013256189999993,226
77.0159728,218
77.018689409999993,211
77.021406020000001,247
77.024122629999994,200
77.026839240000001,224
77.029555849999994,209
77.032272460000002,211
77.034989069999995,213
77.037705680000002,210
77.040422289999995,197
77.043138900000002,224
77.045855509999996,227
77.048572120000003,244
77.051288729999996,223
77.054005340000003,217
77.056721949999996,238
77.059438560000004,218
77.062155169999997,218
77.064871780000004,190
77.067588389999997,224
77.070305000000005,196
77.073021609999998,238
77.075738220000005,209
77.078454829999998,204
77.081171440000006,198
77.083888049999999,226
77.086604660000006,242
77.089321269999999,216
77.092037879999992,195
77.09475449,227
77.097471099999993,230
77.10018771,234
77.102904319999993,227
77.105620930000001,212
77.108337539999994,191
77.111054150000001,213
77.113770759999994,202
77.116487370000002,243
77.119203979999995,224
77.121920590000002,205
77.124637199999995,198
77.127353810000002,202
77.130070419999996,193
77.132787030000003,199
77.135503639999996,208
77.138220250000003,222
77.140936859999996,199
77.143653470000004,215
77.146370079999997,221
77.149086690000004,201
77.151803299999997,204
77.154519910000005,199
77.157236519999998,238
77.159953130000005,202
77.162669739999998,193
77.165386350000006,208
77.168102959999999,189
77.170819570000006,226
77.173536179999999,188
77.176252789999992,205
77.1789694,216
77.181686009999993,240
77.18440262,227
77.187119229999993,203
77.189835840000001,195
77.192552449999994,201
77.195269060000001,217
77.197985669999994,182
77.200702280000002,244
77.203418889999995,220
77.206135500000002,227
77.208852109999995,208
77.211568720000002,206
77.214285329999996,194
77.217001940000003,232
77.219718549999996,182
77.222435160000003,211
77.225151769999997,219
77.227868380000004,189
77.230584989999997,216
77.233301600000004,189
77.236018209999997,213
77.238734820000005,230
77.241451429999998,238
77.244168040000005,199
77.246884649999998,203
77.249601260000006,228
77.252317869999999,200
77.255034480000006,233
77.257751089999999,218
77.260467699999992,196
77.26318431,191
77.265900919999993,201
77.26861753,223
77.271334139999993,219
77.274050750000001,206
77.276767359999994,193
77.279483970000001,227
77.282200579999994,210
77.284917190000002,195
77.287633799999995,235
77.290350410000002,211
77.293067019999995,232
77.295783630000003,229
77.298500239999996,192
77.301216850000003,203
77.303933459999996,244
77.306650070000003,212
77.309366679999997,224
77.312083290000004,206
77.314799899999997,201
77.317516510000004,201
77.320233119999997,202
77.322949730000005,212
77.325666339999998,216
77.328382950000005,203
77.331099559999998,163
77.333816170000006,214
77.336532779999999,188
77.339249389999992,214
77.341965999999999,212
77.344682609999992,217
77.34739922,224
77.350115829999993,206
77.35283244,210
77.355549049999993,199
77.358265660000001,233
77.360982269999994,222
77.363698880000001,219
77.366415489999994,233
77.369132100000002,198
77.371848709999995,221
77.374565320000002,186
77.377281929999995,205
77.379998540000003,210
77.382715149999996,215
77.385431760000003,221
77.388148369999996,220
77.390864980000003,220
77.393581589999997,188
77.396298200000004,192
77.399014809999997,226
77.401731420000004,223
77.404448029999998,236
77.407164640000005,220
77.409881249999998,226
77.412597860000005,201
77.415314469999998,204
77.418031080000006,219
77.420747689999999,188
77.423464299999992,206
77.426180909999999,215
77.428897519999992,240
77.43161413,213
77.434330739999993,238
77.43704735,222
77.439763959999993,194
77.442480570000001,203
77.445197179999994,224
77.447913790000001,208
77.450630399999994,204
77.453347010000002,203
77.456063619999995,196
77.458780230000002,192
77.461496839999995,190
77.464213450000003,167
77.466930059999996,176
77.469646670000003,207
77.472363279999996,218
77.475079890000004,204
77.477796499999997,216
77.480513110000004,208
77.483229719999997,235
77.485946330000004,219
77.488662939999998,225
77.491379550000005,228
77.494096159999998,200
77.496812770000005,222
77.499529379999998,217
77.502245990000006,205
77.504962599999999,191
77.507679209999992,209
77.510395819999999,214
77.513112429999993,239
77.51582904,250
77.518545649999993,227
77.52126226,228
77.523978869999993,210
77.526695480000001,226
77.529412089999994,220
77.532128700000001,246
77.534845309999994,198
77.537561920000002,213
77.540278529999995,222
77.542995140000002,212
77.545711749999995,225
77.548428360000003,233
77.551144969999996,221
77.553861580000003,236
77.556578189999996,215
77.559294800000004,223
77.562011409999997,204
77.564728020000004,223
77.567444629999997,207
77.570161240000004,209
77.572877849999998,233
77.575594460000005,227
77.578311069999998,175
77.581027680000005,206
77.583744289999999,213
77.586460900000006,187
77.589177509999999,192
77.591894119999992,219
77.594610729999999,186
77.597327339999993,209
77.60004395,225
77.602760559999993,217
77.60547717,211
77.608193779999993,198
77.610910390000001,218
77.613626999999994,230
77.616343610000001,194
77.619060219999994,231
77.621776830000002,177
77.624493439999995,213
77.627210050000002,230
77.629926659999995,168
77.632643270000003,206
77.635359879999996,213
77.638076490000003,216
77.640793099999996,210
77.643509710000004,215
77.646226319999997,191
77.648942930000004,218
77.651659539999997,206
77.654376150000004,225
77.657092759999998,211
77.659809370000005,242
77.662525979999998,218
77.665242590000005,225
77.667959199999999,213
77.670675810000006,193
77.673392419999999,220
77.676109029999992,191
77.678825639999999,223
77.681542249999993,238
77.68425886,217
77.686975469999993,224
77.68969208,230
77.692408689999993,218
77.695125300000001,220
77.697841909999994,216
77.700558520000001,196
77.703275129999994,196
77.705991740000002,207
77.708708349999995,209
77.711424960000002,206
77.714141569999995,210
77.716858180000003,215
77.719574789999996,195
77.722291400000003,225
77.725008009999996,221
77.727724620000004,187
77.730441229999997,196
77.733157840000004,248
77.735874449999997,199
77.738591060000005,186
77.741307669999998,217
77.744024280000005,220
77.746740889999998,226
77.749457500000005,219
77.752174109999999,219
77.754890720000006,230
77.757607329999999,207
77.760323939999992,199
77.763040549999999,230
77.765757159999993,230
77.76847377,215
77.771190379999993,201
77.77390699,197
77.776623599999994,228
77.779340210000001,200
77.782056819999994,221
77.784773430000001,240
77.787490039999994,193
77.790206650000002,222
77.792923259999995,243
77.795639870000002,235
77.798356479999995,222
77.801073090000003,203
77.803789699999996,244
77.806506310000003,218
77.809222919999996,196
77.811939530000004,235
77.814656139999997,230
77.817372750000004,228
77.820089359999997,222
77.822805970000005,191
77.825522579999998,231
77.828239190000005,188
77.830955799999998,223
77.833672410000005,226
77.836389019999999,219
77.839105630000006,237
77.841822239999999,212
77.844538849999992,201
77.84725546,210
77.849972069999993,207
77.85268868,204
77.855405289999993,216
77.8581219,223
77.860838509999994,225
77.863555120000001,205
77.866271729999994,217
77.868988340000001,213
77.871704949999994,188
77.874421560000002,236
77.877138169999995,229
77.879854780000002,249
77.882571389999995,203
77.885288000000003,226
77.888004609999996,211
77.890721220000003,202
77.893437829999996,234
77.896154440000004,231
77.898871049999997,214
77.901587660000004,225
77.904304269999997,211
77.907020880000005,231
77.909737489999998,213
77.912454100000005,206
77.915170709999998,200
77.917887320000006,208
77.920603929999999,218
77.923320540000006,221
77.926037149999999,199
77.928753759999992,195
77.93147037,198
77.934186979999993,216
77.93690359,234
77.939620199999993,201
77.94233681,203
77.945053419999994,210
77.947770030000001,207
77.950486639999994,196
77.953203250000001,207
77.955919859999995,209
77.958636470000002,220
77.961353079999995,234
77.964069690000002,214
77.966786299999995,212
77.969502910000003,208
77.972219519999996,195
77.974936130000003,202
77.977652739999996,230
77.980369350000004,216
77.983085959999997,235
77.985802570000004,228
77.988519179999997,209
77.991235790000005,212
77.993952399999998,215
77.996669010000005,219
77.999385619999998,231
78.002102230000006,219
78.004818839999999,197
78.007535450000006,209
78.010252059999999,200
78.012968669999992,187
78.01568528,225
78.018401889999993,213
78.0211185,201
78.023835109999993,212
78.026551720000001,210
78.029268329999994,214
78.031984940000001,197
78.034701549999994,227
78.037418160000001,190
78.040134769999995,220
78.042851380000002,237
78.045567989999995,212
78.048284600000002,196
78.051001209999995,214
78.053717820000003,217
78.056434429999996,199
78.059151040000003,194
78.061867649999996,226
78.064584260000004,243
78.067300869999997,243
78.070017480000004,211
78.072734089999997,209
78.075450700000005,189
78.078167309999998,221
78.080883920000005,209
78.083600529999998,227
78.086317140000006,216
78.089033749999999,209
78.091750360000006,216
78.094466969999999,218
78.097183579999992,203
78.09990019,227
78.102616799999993,201
78.10533341,225
78.108050019999993,227
78.110766630000001,207
78.113483239999994,226
78.116199850000001,224
78.118916459999994,216
78.121633070000001,207
78.124349679999995,223
78.127066290000002,225
78.129782899999995,203
78.132499510000002,238
78.135216119999995,195
78.137932730000003,208
78.140649339999996,224
78.143365950000003,217
78.146082559999996,214
78.148799170000004,216
78.151515779999997,221
78.154232390000004,223
78.156948999999997,202
78.159665610000005,217
78.162382219999998,219
78.165098830000005,198
78.167815439999998,213
78.170532050000006,209
78.173248659999999,219
78.175965270000006,204
78.178681879999999,237
78.181398489999992,213
78.1841151,223
78.186831709999993,204
78.18954832,214
78.192264929999993,227
78.194981540000001,215
78.197698149999994,225
78.200414760000001,212
78.203131369999994,226
78.205847980000001,200
78.208564589999995,239
78.211281200000002,212
78.213997809999995,233
78.216714420000002,218
78.219431029999996,222
78.222147640000003,186
78.224864249999996,193
78.227580860000003,212
78.230297469999996,207
78.233014080000004,217
78.235730689999997,227
78.238447300000004,207
78.241163909999997,211
78.243880520000005,195
78.246597129999998,207
78.249313740000005,239
78.252030349999998,213
78.254746960000006,218
78.257463569999999,233
78.260180180000006,212
78.262896789999999,208
78.265613399999992,217
78.26833001,214
78.271046619999993,215
78.27376323,206
78.276479839999993,188
78.279196450000001,236
78.281913059999994,209
78.284629670000001,218
78.287346279999994,206
78.290062890000002,225
78.292779499999995,185
78.295496110000002,220
78.298212719999995,219
78.300929330000002,226
78.303645939999996,228
78.306362550000003,207
78.309079159999996,212
78.311795770000003,232
78.314512379999996,257
78.317228990000004,225
78.319945599999997,211
78.322662210000004,217
78.325378819999997,219
78.328095430000005,218
78.330812039999998,211
78.333528650000005,189
78.336245259999998,217
78.338961870000006,220
78.341678479999999,214
78.344395090000006,219
78.347111699999999,220
78.349828309999992,214
78.35254492,236
78.355261529999993,214
78.35797814,177
78.360694749999993,243
78.363411360000001,234
78.366127969999994,234
78.368844580000001,207
78.371561189999994,236
78.374277800000002,224
78.376994409999995,214
78.379711020000002,224
78.382427629999995,211
78.385144240000002,227
78.387860849999996,202
78.390577460000003,207
78.393294069999996,220
78.396010680000003,216
78.398727289999997,213
78.401443900000004,208
78.404160509999997,205
78.406877120000004,221
78.409593729999997,179
78.412310340000005,223
78.415026949999998,213
78.417743560000005,224
78.420460169999998,240
78.423176780000006,222
78.425893389999999,213
78.428609999999992,200
78.431326609999999,222
78.434043219999992,225
78.43675983,208
78.439476439999993,249
78.44219305,200
78.444909659999993,206
78.447626270000001,240
78.450342879999994,182
78.453059490000001,239
78.455776099999994,219
78.458492710000002,217
78.461209319999995,213
78.463925930000002,218
78.466642539999995,207
78.469359150000003,211
78.472075759999996,234
78.474792370000003,233
78.477508979999996,206
78.480225590000003,225
78.482942199999997,215
78.485658810000004,232
78.488375419999997,184
78.491092030000004,187
78.493808639999997,230
78.496525250000005,204
78.499241859999998,221
78.501958470000005,212
78.504675079999998,239
78.507391690000006,226
78.510108299999999,192
78.512824909999992,219
78.515541519999999,184
78.518258129999992,213
78.52097474,245
78.523691349999993,205
78.52640796,202
78.529124569999993,220
78.531841180000001,208
78.534557789999994,234
78.537274400000001,234
78.539991009999994,217
78.542707620000002,205
78.545424229999995,203
78.548140840000002,231
78.550857449999995,236
78.553574060000003,197
78.556290669999996,207
78.559007280000003,212
78.561723889999996,211
78.564440500000003,218
78.567157109999997,234
78.569873720000004,218
78.572590329999997,227
78.575306940000004,231
78.578023549999997,204
78.580740160000005,219
78.583456769999998,197
78.586173380000005,244
78.588889989999998,220
78.591606600000006,219
78.594323209999999,225
78.597039819999992,222
78.599756429999999,203
78.602473039999992,227
78.60518965,228
78.607906259999993,239
78.61062287,212
78.613339479999993,215
78.616056090000001,211
78.618772699999994,216
78.621489310000001,234
78.624205919999994,233
78.626922530000002,216
78.629639139999995,191
78.632355750000002,194
78.635072359999995,217
78.637788970000003,237
78.640505579999996,206
78.643222190000003,223
78.645938799999996,237
78.648655410000003,226
78.651372019999997,198
78.654088630000004,215
78.656805239999997,222
78.659521850000004,195
78.662238459999998,235
78.664955070000005,229
78.667671679999998,199
78.670388290000005,204
78.673104899999998,215
78.675821510000006,213
78.678538119999999,259
78.681254729999992,213
78.683971339999999,228
78.686687949999992,216
78.68940456,202
78.692121169999993,202
78.69483778,183
78.697554389999993,190
78.700271000000001,214
78.702987609999994,223
78.705704220000001,214
78.708420829999994,208
78.711137440000002,192
78.713854049999995,214
78.716570660000002,198
78.719287269999995,193
78.722003880000003,248
78.724720489999996,216
78.727437100000003,197
78.730153709999996,234
78.732870320000004,210
78.735586929999997,185
78.738303540000004,200
78.741020149999997,205
78.743736760000004,241
78.746453369999998,194
78.749169980000005,192
78.751886589999998,220
78.754603200000005,220
78.757319809999998,208
78.760036420000006,233
78.762753029999999,208
78.765469639999992,226
78.768186249999999,220
78.770902859999993,202
78.77361947,210
78.776336079999993,181
78.77905269,213
78.781769299999993,207
78.784485910000001,225
78.787202519999994,228
78.789919130000001,220
78.792635739999994,210
78.795352350000002,229
78.798068959999995,203
78.800785570000002,200
78.803502179999995,217
78.806218790000003,227
78.808935399999996,231
78.811652010000003,223
78.814368619999996,231
78.817085230000004,202
78.819801839999997,237
78.822518450000004,221
78.825235059999997,217
78.827951670000004,222
78.830668279999998,232
78.833384890000005,228
78.836101499999998,206
78.838818110000005,226
78.841534719999999,202
78.844251330000006,227
78.846967939999999,166
78.849684549999992,209
78.852401159999999,194
78.855117769999993,227
78.85783438,221
78.860550989999993,185
78.8632676,217
78.865984209999993,197
78.868700820000001,204
78.871417429999994,238
78.874134040000001,212
78.876850649999994,227
78.879567260000002,227
78.882283869999995,216
78.885000480000002,211
78.887717089999995,195
78.890433700000003,208
78.893150309999996,203
78.895866920000003,208
78.898583529999996,203
78.901300140000004,213
78.904016749999997,210
78.906733360000004,188
78.909449969999997,209
78.912166580000005,195
78.914883189999998,226
78.917599800000005,242
78.920316409999998,228
78.923033020000005,210
78.925749629999999,219
78.928466240000006,217
78.931182849999999,224
78.933899459999992,189
78.936616069999999,209
78.939332679999993,234
78.94204929,230
78.944765899999993,194
78.94748251,201
78.950199119999994,186
78.952915730000001,220
78.955632339999994,225
78.958348950000001,206
78.961065559999994,235
78.963782170000002,211
78.966498779999995,194
78.969215390000002,239
78.971931999999995,230
78.974648610000003,219
78.977365219999996,211
78.980081830000003,224
78.982798439999996,227
78.985515050000004,221
78.988231659999997,213
78.990948270000004,219
78.993664879999997,194
78.996381490000005,234
78.999098099999998,222
79.001814710000005,213
79.004531319999998,210
79.007247930000005,236
79.009964539999999,219
79.012681150000006,203
79.015397759999999,193
79.018114369999992,195
79.020830979999999,222
79.023547589999993,201
79.0262642,221
79.028980809999993,211
79.03169742,206
79.034414029999994,214
79.037130640000001,201
79.039847249999994,213
79.042563860000001,217
79.045280469999994,218
79.047997080000002,207
79.050713689999995,199
79.053430300000002,227
79.056146909999995,212
79.058863520000003,226
79.061580129999996,245
79.064296740000003,214
79.067013349999996,198
79.069729960000004,222
79.072446569999997,215
79.075163180000004,229
79.077879789999997,225
79.080596400000005,222
79.083313009999998,246
79.086029620000005,235
79.088746229999998,216
79.091462840000005,222
79.094179449999999,207
79.096896060000006,237
79.099612669999999,190
79.102329279999992,224
79.10504589,216
79.107762499999993,239
79.11047911,229
79.113195719999993,228
79.11591233,202
79.118628939999994,262
79.121345550000001,188
79.124062159999994,229
79.126778770000001,200
79.129495379999994,231
79.132211990000002,210
79.134928599999995,196
79.137645210000002,244
79.140361819999995,210
79.143078430000003,179
79.145795039999996,193
79.148511650000003,218
79.151228259999996,233
79.153944870000004,214
79.156661479999997,179
79.159378090000004,214
79.162094699999997,199
79.164811310000005,217
79.167527919999998,210
79.170244530000005,195
79.172961139999998,225
79.175677750000006,217
79.178394359999999,204
79.181110970000006,223
79.183827579999999,213
79.186544189999992,209
79.1892608,196
79.191977409999993,188
79.19469402,201
79.197410629999993,218
79.20012724,175
79.202843849999994,195
79.205560460000001,216
79.208277069999994,245
79.210993680000001,198
79.213710289999995,196
79.216426900000002,189
79.219143509999995,203
79.221860120000002,221
79.224576729999995,230
79.227293340000003,189
79.230009949999996,219
79.232726560000003,226
79.235443169999996,213
79.238159780000004,209
79.240876389999997,201
79.243593000000004,225
79.246309609999997,230
79.249026220000005,210
79.251742829999998,219
79.254459440000005,207
79.257176049999998,203
79.259892660000006,208
79.262609269999999,220
79.265325880000006,217
79.268042489999999,218
79.270759099999992,250
79.27347571,204
79.276192319999993,198
79.27890893,192
79.281625539999993,223
79.284342150000001,204
79.287058759999994,204
79.289775370000001,209
79.292491979999994,235
79.295208590000001,194
79.297925199999995,210
79.300641810000002,188
79.303358419999995,191
79.306075030000002,196
79.308791639999995,219
79.311508250000003,214
79.314224859999996,212
79.316941470000003,227
79.319658079999996,216
79.322374690000004,220
79.325091299999997,205
79.327807910000004,226
79.330524519999997,204
79.333241130000005,205
79.335957739999998,197
79.338674350000005,221
79.341390959999998,209
79.344107570000006,226
79.346824179999999,219
79.349540790000006,243
79.352257399999999,219
79.354974009999992,203
79.35769062,232
79.360407229999993,205
79.36312384,218
79.365840449999993,180
79.368557060000001,223
79.371273669999994,201
79.373990280000001,209
79.376706889999994,232
79.379423500000001,210
79.382140109999995,194
79.384856720000002,205
79.387573329999995,197
79.390289940000002,197
79.393006549999996,204
79.395723160000003,195
79.398439769999996,233
79.401156380000003,258
79.403872989999996,220
79.406589600000004,209
79.409306209999997,221
79.412022820000004,199
79.414739429999997,222
79.417456040000005,194
79.420172649999998,214
79.422889260000005,204
79.425605869999998,195
79.428322480000006,207
79.431039089999999,224
79.433755700000006,222
79.436472309999999,211
79.439188919999992,210
79.44190553,200
79.444622139999993,203
79.44733875,217
79.450055359999993,225
79.452771970000001,209
79.455488579999994,228
79.458205190000001,222
79.460921799999994,213
79.463638410000001,211
79.466355019999995,196
79.469071630000002,190
79.471788239999995,205
79.474504850000002,196
79.477221459999996,199
79.479938070000003,231
79.482654679999996,223
79.485371290000003,212
79.488087899999996,215
79.490804510000004,217
79.493521119999997,197
79.496237730000004,210
79.498954339999997,192
79.501670950000005,221
79.504387559999998,215
79.507104170000005,201
79.509820779999998,198
79.512537390000006,202
79.515253999999999,208
79.517970610000006,223
79.520687219999999,201
79.523403829999992,190
79.52612044,215
79.528837049999993,208
79.53155366,206
79.534270269999993,231
79.536986880000001,212
79.539703489999994,216
79.542420100000001,203
79.545136709999994,220
79.547853320000002,212
79.550569929999995,185
79.553286540000002,186
79.556003149999995,218
79.558719760000002,189
79.561436369999996,188
79.564152980000003,216
79.566869589999996,208
79.569586200000003,209
79.572302809999996,201
79.575019420000004,222
79.577736029999997,186
79.580452640000004,199
79.583169249999997,236
79.585885860000005,197
79.588602469999998,189
79.591319080000005,215
79.594035689999998,189
79.596752300000006,214
79.599468909999999,221
79.602185519999992,192
79.604902129999999,182
79.607618739999992,207
79.61033535,215
79.613051959999993,210
79.61576857,233
79.618485179999993,184
79.621201790000001,237
79.623918399999994,217
79.626635010000001,211
79.629351619999994,227
79.632068230000002,225
79.634784839999995,224
79.637501450000002,235
79.640218059999995,216
79.642934670000002,191
79.645651279999996,221
79.648367890000003,197
79.651084499999996,224
79.653801110000003,199
79.656517719999997,201
79.659234330000004,189
79.661950939999997,214
79.664667550000004,198
79.667384159999997,194
79.670100770000005,214
79.672817379999998,237
79.675533990000005,208
79.678250599999998,181
79.680967210000006,207
79.683683819999999,174
79.686400429999992,195
79.689117039999999,218
79.691833649999992,197
79.69455026,211
79.697266869999993,199
79.69998348,189
79.702700089999993,215
79.705416700000001,203
79.708133309999994,219
79.710849920000001,214
79.713566529999994,199
79.716283140000002,187
79.718999749999995,217
79.721716360000002,193
79.724432969999995,204
79.727149580000003,206
79.729866189999996,201
79.732582800000003,217
79.735299409999996,196
79.738016020000003,205
79.740732629999997,222
79.743449240000004,196
79.746165849999997,199
79.748882460000004,201
79.751599069999997,193
79.754315680000005,189
79.757032289999998,227
79.759748900000005,212
79.762465509999998,227
79.765182120000006,185
79.767898729999999,225
79.770615339999992,197
79.773331949999999,176
79.776048559999992,202
79.77876517,218
79.781481779999993,224
79.78419839,195
79.786914999999993,207
79.789631610000001,223
79.792348219999994,205
79.795064830000001,218
79.797781439999994,209
79.800498050000002,210
79.803214659999995,210
79.805931270000002,226
79.808647879999995,207
79.811364490000003,215
79.814081099999996,209
79.816797710000003,226
79.819514319999996,205
79.822230930000003,211
79.824947539999997,178
79.827664150000004,232
79.830380759999997,175
79.833097370000004,221
79.835813979999998,211
79.838530590000005,196
79.841247199999998,205
79.843963810000005,206
79.846680419999998,181
79.849397030000006,201
79.852113639999999,220
79.854830249999992,226
79.857546859999999,207
79.860263469999992,186
79.86298008,180
79.865696689999993,188
79.8684133,219
79.871129909999993,196
79.873846520000001,190
79.876563129999994,202
79.879279740000001,167
79.881996349999994,223
79.884712960000002,192
79.887429569999995,206
79.890146180000002,185
79.892862789999995,213
79.895579400000003,198
79.898296009999996,204
79.901012620000003,201
79.903729229999996,193
79.906445840000003,173
79.909162449999997,212
79.911879060000004,197
79.914595669999997,213
79.917312280000004,186
79.920028889999998,216
79.922745500000005,192
79.925462109999998,219
79.928178720000005,217
79.930895329999998,216
79.933611940000006,226
79.936328549999999,189
79.939045159999992,226
79.941761769999999,208
79.944478379999993,201
79.94719499,198
79.949911599999993,217
79.95262821,209
79.955344819999993,166
79.958061430000001,237
79.960778039999994,211
79.963494650000001,193
79.966211259999994,228
79.968927870000002,210
79.971644479999995,216
79.974361090000002,226
79.977077699999995,213
79.979794310000003,204
79.982510919999996,201
79.985227530000003,184
79.987944139999996,190
79.990660750000004,220
79.993377359999997,205
79.996093970000004,187
79.998810579999997,212
80.001527190000004,194
80.004243799999998,191
80.006960410000005,188
80.009677019999998,190
80.012393630000005,192
80.015110239999998,205
80.017826850000006,192
80.020543459999999,190
80.023260069999992,206
80.025976679999999,219
80.028693289999993,198
80.0314099,184
80.034126509999993,218
80.03684312,206
80.039559729999993,203
80.042276340000001,189
80.044992949999994,199
80.047709560000001,208
80.050426169999994,212
80.053142780000002,204
80.055859389999995,201
80.058576000000002,229
80.061292609999995,206
80.064009220000003,202
80.066725829999996,211
80.069442440000003,203
80.072159049999996,209
80.074875660000004,217
80.077592269999997,201
80.080308880000004,223
80.083025489999997,185
80.085742100000004,179
80.088458709999998,201
80.091175320000005,190
80.093891929999998,229
80.096608540000005,212
80.099325149999999,198
80.102041760000006,229
80.104758369999999,185
80.107474979999992,208
80.110191589999999,187
80.112908199999993,193
80.11562481,203
80.118341419999993,199
80.12105803,221
80.123774639999993,201
80.126491250000001,207
80.129207859999994,194
80.131924470000001,207
80.134641079999994,201
80.137357690000002,194
80.140074299999995,214
80.142790910000002,231
80.145507519999995,231
80.148224130000003,212
80.150940739999996,201
80.153657350000003,196
80.156373959999996,220
80.159090570000004,192
80.161807179999997,179
80.164523790000004,179
80.167240399999997,206
80.169957010000005,181
80.172673619999998,220
80.175390230000005,197
80.178106839999998,182
80.180823450000005,177
80.183540059999999,218
80.186256670000006,197
80.188973279999999,216
80.191689889999992,207
80.194406499999999,195
80.197123109999993,212
80.19983972,215
80.202556329999993,216
80.20527294,187
80.207989549999994,202
80.210706160000001,201
80.213422769999994,210
80.216139380000001,201
80.218855989999994,204
80.221572600000002,188
80.224289209999995,207
80.227005820000002,178
80.229722429999995,196
80.232439040000003,213
80.235155649999996,196
80.237872260000003,180
80.240588869999996,199
80.243305480000004,180
80.246022089999997,173
80.248738700000004,194
80.251455309999997,197
80.254171920000005,185
80.256888529999998,220
80.259605140000005,193
80.262321749999998,213
80.265038360000005,185
80.267754969999999,157
80.270471580000006,197
80.273188189999999,191
80.275904799999992,221
80.27862141,208
80.281338019999993,212
80.28405463,194
80.286771239999993,193
80.28948785,177
80.292204459999994,207
80.294921070000001,223
80.297637679999994,203
80.300354290000001,214
80.303070899999994,190
80.305787510000002,181
80.308504119999995,192
80.311220730000002,181
80.313937339999995,226
80.316653950000003,191
80.319370559999996,183
80.322087170000003,200
80.324803779999996,206
80.327520390000004,197
80.330236999999997,215
80.332953610000004,217
80.335670219999997,182
80.338386830000005,216
80.341103439999998,201
80.343820050000005,193
80.346536659999998,210
80.349253270000006,198
80.351969879999999,202
80.354686490000006,190
80.357403099999999,177
80.360119709999992,201
80.36283632,189
80.365552929999993,200
80.36826954,190
80.370986149999993,214
80.37370276,183
80.376419369999994,225
80.379135980000001,197
80.381852589999994,194
80.384569200000001,219
80.387285809999995,197
80.390002420000002,200
80.392719029999995,176
80.395435640000002,195
80.398152249999995,199
80.400868860000003,207
80.403585469999996,205
80.406302080000003,196
80.409018689999996,186
80.411735300000004,192
80.414451909999997,202
80.417168520000004,210
80.419885129999997,181
80.422601740000005,205
80.425318349999998,200
80.428034960000005,175
80.430751569999998,215
80.433468180000006,200
80.436184789999999,179
80.438901400000006,197
80.441618009999999,227
80.444334619999992,214
80.44705123,183
80.449767839999993,213
80.45248445,205
80.455201059999993,183
80.45791767,189
80.460634279999994,194
80.463350890000001,178
80.466067499999994,199
80.468784110000001,210
80.471500719999995,195
80.474217330000002,203
80.476933939999995,194
80.479650550000002,204
80.482367159999995,207
80.485083770000003,203
80.487800379999996,189
80.490516990000003,207
80.493233599999996,184
80.495950210000004,186
80.498666819999997,186
80.501383430000004,209
80.504100039999997,192
80.506816650000005,178
80.509533259999998,224
80.512249870000005,230
80.514966479999998,197
80.517683090000006,169
80.520399699999999,182
80.523116310000006,188
80.525832919999999,202
80.528549529999992,192
80.53126614,211
80.533982749999993,208
80.53669936,213
80.539415969999993,196
80.542132580000001,210
80.544849189999994,204
80.547565800000001,219
80.550282409999994,214
80.552999020000001,223
80.555715629999995,214
80.558432240000002,194
80.561148849999995,188
80.563865460000002,193
80.566582069999995,215
80.569298680000003,195
80.572015289999996,188
80.574731900000003,177
80.577448509999996,197
80.580165120000004,182
80.582881729999997,185
80.585598340000004,223
80.588314949999997,186
80.591031560000005,211
80.593748169999998,172
80.596464780000005,207
80.599181389999998,202
80.601898000000006,196
80.604614609999999,211
80.607331220000006,211
80.610047829999999,179
80.612764439999992,190
80.61548105,212
80.618197659999993,207
80.62091427,190
80.623630879999993,191
80.626347490000001,175
80.629064099999994,179
80.631780710000001,208
80.634497319999994,192
80.637213930000001,192
80.639930539999995,187
80.642647150000002,202
80.645363759999995,213
80.648080370000002,219
80.650796979999996,193
80.653513590000003,202
80.656230199999996,200
80.658946810000003,193
80.661663419999996,218
80.664380030000004,193
80.667096639999997,204
80.669813250000004,212
80.672529859999997,207
80.675246470000005,217
80.677963079999998,210
80.680679690000005,192
80.683396299999998,195
80.686112910000006,192
80.688829519999999,222
80.691546130000006,186
80.694262739999999,210
80.696979349999992,207
80.69969596,165
80.702412569999993,207
80.70512918,177
80.707845789999993,188
80.710562400000001,187
80.713279009999994,224
80.715995620000001,177
80.718712229999994,189
80.721428840000002,238
80.724145449999995,188
80.726862060000002,201
80.729578669999995,179
80.732295280000002,213
80.735011889999996,213
80.737728500000003,205
80.740445109999996,204
80.743161720000003,203
80.745878329999996,195
80.748594940000004,176
80.751311549999997,202
80.754028160000004,208
80.756744769999997,196
80.759461380000005,203
80.762177989999998,209
80.764894600000005,215
80.767611209999998,202
80.770327820000006,192
80.773044429999999,197
80.775761039999992,190
80.778477649999999,212
80.781194259999992,189
80.78391087,179
80.786627479999993,185
80.78934409,195
80.792060699999993,201
80.794777310000001,199
80.797493919999994,186
80.800210530000001,215
80.802927139999994,195
80.805643750000002,202
80.808360359999995,208
80.811076970000002,171
80.813793579999995,195
80.816510190000002,205
80.819226799999996,193
80.821943410000003,211
80.824660019999996,201
80.827376630000003,216
80.830093239999997,198
80.832809850000004,187
80.835526459999997,214
80.838243070000004,190
80.840959679999997,225
80.843676290000005,196
80.846392899999998,195
80.849109510000005,202
80.851826119999998,179
80.854542730000006,173
80.857259339999999,203
80.859975949999992,215
80.862692559999999,199
80.865409169999992,207
80.86812578,173
80.870842389999993,186
80.873559,204
80.876275609999993,186
80.878992220000001,194
80.881708829999994,209
80.884425440000001,187
80.887142049999994,193
80.889858660000002,199
80.892575269999995,210
80.895291880000002,186
80.898008489999995,187
80.900725100000002,197
80.903441709999996,184
80.906158320000003,198
80.908874929999996,218
80.911591540000003,205
80.914308149999997,195
80.917024760000004,193
80.919741369999997,204
80.922457980000004,176
80.925174589999997,214
80.927891200000005,191
80.930607809999998,218
80.933324420000005,189
80.936041029999998,230
80.938757640000006,218
80.941474249999999,195
80.944190859999992,178
80.946907469999999,195
80.949624079999992,220
80.95234069,200
80.955057299999993,211
80.95777391,202
80.960490519999993,193
80.963207130000001,178
80.965923739999994,195
80.968640350000001,187
80.971356959999994,191
80.974073570000002,203
80.976790179999995,194
80.979506790000002,224
80.982223399999995,200
80.984940010000003,186
80.987656619999996,201
80.990373230000003,223
80.993089839999996,202
80.995806450000003,183
80.998523059999997,226
81.001239670000004,188
81.003956279999997,197
81.006672890000004,206
81.009389499999997,191
81.012106110000005,193
81.014822719999998,196
81.017539330000005,201
81.020255939999998,213
81.022972550000006,212
81.025689159999999,200
81.028405769999992,172
81.031122379999999,225
81.033838989999992,166
81.0365556,192
81.039272209999993,189
81.04198882,219
81.044705429999993,207
81.047422040000001,212
81.050138649999994,211
81.052855260000001,203
81.055571869999994,230
81.058288480000002,196
81.061005089999995,189
81.063721700000002,203
81.066438309999995,201
81.069154920000003,205
81.071871529999996,205
81.074588140000003,190
81.077304749999996,211
81.080021360000003,223
81.082737969999997,202
81.085454580000004,207
81.088171189999997,213
81.090887800000004,215
81.093604409999998,190
81.096321020000005,194
81.099037629999998,178
81.101754240000005,222
81.104470849999998,176
81.107187460000006,203
81.109904069999999,181
81.112620679999992,216
81.115337289999999,188
81.118053899999992,177
81.12077051,204
81.123487119999993,215
81.12620373,198
81.128920339999993,200
81.131636950000001,206
81.134353559999994,194
81.137070170000001,210
81.139786779999994,199
81.142503390000002,203
81.145219999999995,230
81.147936610000002,193
81.150653219999995,215
81.153369830000003,188
81.156086439999996,224
81.158803050000003,200
81.161519659999996,199
81.164236270000004,178
81.166952879999997,195
81.169669490000004,204
81.172386099999997,196
81.175102710000004,193
81.177819319999998,192
81.180535930000005,208
81.183252539999998,196
81.185969150000005,190
81.188685759999998,182
81.191402370000006,166
81.194118979999999,189
81.196835589999992,191
81.199552199999999,203
81.202268809999993,185
81.20498542,206
81.207702029999993,213
81.21041864,190
81.213135249999993,195
81.215851860000001,198
81.218568469999994,201
81.221285080000001,193
81.224001689999994,181
81.226718300000002,193
81.229434909999995,186
81.232151520000002,185
81.234868129999995,208
81.237584740000003,176
81.240301349999996,202
81.243017960000003,202
81.245734569999996,179
81.248451180000004,209
81.251167789999997,188
81.253884400000004,198
81.256601009999997,207
81.259317620000004,194
81.262034229999998,188
81.264750840000005,171
81.267467449999998,199
81.270184060000005,198
81.272900669999999,210
81.275617280000006,205
81.278333889999999,199
81.281050499999992,189
81.283767109999999,180
81.286483719999993,221
81.28920033,193
81.291916939999993,217
81.29463355,168
81.297350159999993,195
81.300066770000001,203
81.302783379999994,175
81.305499990000001,204
81.308216599999994,194
81.310933210000002,194
81.313649819999995,192
81.316366430000002,184
81.319083039999995,203
81.321799650000003,203
81.324516259999996,195
81.327232870000003,206
81.329949479999996,202
81.332666090000004,204
81.335382699999997,190
81.338099310000004,212
81.340815919999997,208
81.343532530000004,193
81.346249139999998,190
81.348965750000005,187
81.351682359999998,187
81.354398970000005,190
81.357115579999999,199
81.359832190000006,204
81.362548799999999,181
81.365265409999992,174
81.367982019999999,193
81.370698629999993,211
81.37341524,194
81.376131849999993,207
81.37884846,188
81.381565069999994,202
81.384281680000001,186
81.386998289999994,203
81.389714900000001,161
81.392431509999994,182
81.395148120000002,198
81.397864729999995,183
81.400581340000002,183
81.403297949999995,196
81.406014560000003,204
81.408731169999996,195
81.411447780000003,188
81.414164389999996,203
81.416881000000004,174
81.419597609999997,189
81.422314220000004,213
81.425030829999997,211
81.427747440000005,205
81.430464049999998,202
81.433180660000005,193
81.435897269999998,182
81.438613880000005,206
81.441330489999999,201
81.444047100000006,205
81.446763709999999,180
81.449480319999992,196
81.452196929999999,161
81.454913539999993,197
81.45763015,201
81.460346759999993,195
81.46306337,167
81.465779979999994,173
81.468496590000001,184
81.471213199999994,178
81.473929810000001,200
81.476646419999994,191
81.479363030000002,198
81.482079639999995,199
81.484796250000002,197
81.487512859999995,203
81.490229470000003,191
81.492946079999996,214
81.495662690000003,184
81.498379299999996,181
81.501095910000004,188
81.503812519999997,182
81.506529130000004,186
81.509245739999997,217
81.511962350000005,193
81.514678959999998,206
81.517395570000005,209
81.520112179999998,163
81.522828790000005,209
81.525545399999999,180
81.528262010000006,196
81.530978619999999,202
81.533695229999992,193
81.53641184,211
81.539128449999993,187
81.54184506,180
81.544561669999993,187
81.54727828,179
81.549994889999994,223
81.552711500000001,174
81.555428109999994,215
81.558144720000001,193
81.560861329999994,222
81.563577940000002,190
81.566294549999995,187
81.569011160000002,187
81.571727769999995,179
81.574444380000003,197
81.577160989999996,197
81.579877600000003,185
81.582594209999996,173
81.585310820000004,215
81.588027429999997,190
81.590744040000004,193
81.593460649999997,190
81.596177260000005,183
81.598893869999998,191
81.601610480000005,188
81.604327089999998,180
81.607043700000006,240
81.609760309999999,201
81.612476920000006,206
81.615193529999999,227
81.617910139999992,191
81.62062675,194
81.623343359999993,191
81.62605997,209
81.628776579999993,188
81.63149319,215
81.634209799999994,171
81.636926410000001,179
81.639643019999994,191
81.642359630000001,224
81.645076239999995,183
81.647792850000002,170
81.650509459999995,172
81.653226070000002,185
81.655942679999995,196
81.658659290000003,184
81.661375899999996,225
81.664092510000003,211
81.666809119999996,227
81.669525730000004,188
81.672242339999997,196
81.674958950000004,180
81.677675559999997,178
81.680392170000005,206
81.683108779999998,203
81.685825390000005,166
81.688541999999998,181
81.691258610000006,186
81.693975219999999,178
81.696691830000006,191
81.699408439999999,167
81.702125049999992,210
81.70484166,180
81.707558269999993,192
81.71027488,172
81.712991489999993,221
81.715708100000001,208
81.718424709999994,190
81.721141320000001,193
81.723857929999994,201
81.726574540000001,203
81.729291149999995,195
81.732007760000002,190
81.734724369999995,175
81.737440980000002,205
81.740157589999995,159
81.742874200000003,188
81.745590809999996,190
81.748307420000003,191
81.751024029999996,214
81.753740640000004,197
81.756457249999997,184
81.759173860000004,214
81.761890469999997,184
81.764607080000005,211
81.767323689999998,211
81.770040300000005,167
81.772756909999998,176
81.775473520000006,200
81.778190129999999,208
81.780906740000006,209
81.783623349999999,177
81.786339959999992,190
81.78905657,201
81.791773179999993,190
81.79448979,177
81.797206399999993,192
81.799923010000001,198
81.802639619999994,191
81.805356230000001,194
81.808072839999994,192
81.810789450000001,196
81.813506059999995,211
81.816222670000002,206
81.818939279999995,179
81.821655890000002,174
81.824372499999996,201
81.827089110000003,211
81.829805719999996,173
81.832522330000003,202
81.835238939999996,200
81.837955550000004,189
81.840672159999997,204
81.843388770000004,191
81.846105379999997,180
81.848821990000005,187
81.851538599999998,178
81.854255210000005,216
81.856971819999998,198
81.859688430000006,192
81.862405039999999,217
81.865121650000006,189
81.867838259999999,170
81.870554869999992,172
81.87327148,174
81.875988089999993,224
81.8787047,166
81.881421309999993,203
81.884137920000001,180
81.886854529999994,191
81.889571140000001,205
81.892287749999994,200
81.895004360000001,198
81.897720969999995,182
81.900437580000002,199
81.903154189999995,201
81.905870800000002,186
81.908587409999996,195
81.911304020000003,194
81.914020629999996,228
81.916737240000003,187
81.919453849999996,194
81.922170460000004,180
81.924887069999997,184
81.927603680000004,209
81.930320289999997,222
81.933036900000005,179
81.935753509999998,210
81.938470120000005,199
81.941186729999998,202
81.943903340000006,198
81.946619949999999,182
81.949336559999992,187
81.952053169999999,214
81.954769779999992,183
81.95748639,183
81.960202999999993,192
81.96291961,189
81.965636219999993,202
81.968352830000001,162
81.971069439999994,204
81.973786050000001,183
81.976502659999994,195
81.979219270000002,204
81.981935879999995,193
81.984652490000002,206
81.987369099999995,222
81.990085710000002,175
81.992802319999996,197
81.995518930000003,188
81.998235539999996,205
82.000952150000003,190
82.003668759999996,206
82.006385370000004,187
82.009101979999997,193
82.011818590000004,217
82.014535199999997,190
82.017251810000005,199
82.019968419999998,206
82.022685030000005,187
82.025401639999998,184
82.028118250000006,168
82.030834859999999,182
82.033551469999992,182
82.036268079999999,177
82.038984689999992,200
82.0417013,188
82.044417909999993,180
82.04713452,180
82.049851129999993,194
82.052567740000001,187
82.055284349999994,187
82.058000960000001,187
82.060717569999994,201
82.063434180000002,175
82.066150789999995,200
82.068867400000002,178
82.071584009999995,206
82.074300620000002,183
82.077017229999996,192
82.079733840000003,202
82.082450449999996,185
82.085167060000003,187
82.087883669999997,169
82.090600280000004,193
82.093316889999997,188
82.096033500000004,212
82.098750109999997,188
82.101466720000005,189
82.104183329999998,182
82.106899940000005,169
82.109616549999998,199
82.112333160000006,198
82.115049769999999,215
82.117766379999992,203
82.120482989999999,219
82.123199599999992,177
82.12591621,183
82.128632819999993,193
82.13134943,206
82.134066039999993,209
82.136782650000001,205
82.139499259999994,199
82.142215870000001,198
82.144932479999994,197
82.147649090000002,199
82.150365699999995,172
82.153082310000002,190
82.155798919999995,180
82.158515530000003,193
82.161232139999996,188
82.163948750000003,181
82.166665359999996,206
82.169381970000003,190
82.172098579999997,179
82.174815190000004,192
82.177531799999997,182
82.180248410000004,200
82.182965019999997,167
82.185681630000005,184
82.188398239999998,214
82.191114850000005,194
82.193831459999998,173
82.196548070000006,192
82.199264679999999,193
82.201981289999992,203
82.204697899999999,170
82.207414509999992,206
82.21013112,187
82.212847729999993,197
82.21556434,166
82.218280949999993,205
82.220997560000001,204
82.223714169999994,185
82.226430780000001,206
82.229147389999994,186
82.231864000000002,186
82.234580609999995,209
82.237297220000002,188
82.240013829999995,163
82.242730440000003,176
82.245447049999996,181
82.248163660000003,173
82.250880269999996,199
82.253596880000003,194
82.256313489999997,198
82.259030100000004,189
82.261746709999997,198
82.264463320000004,182
82.267179929999998,223
82.269896540000005,209
82.272613149999998,177
82.275329760000005,211
82.278046369999998,200
82.280762980000006,201
82.283479589999999,197
82.286196199999992,194
82.288912809999999,193
82.291629419999992,180
82.29434603,147
82.297062639999993,186
82.29977925,203
82.302495859999993,173
82.305212470000001,206
82.307929079999994,176
82.310645690000001,165
82.313362299999994,219
82.316078910000002,210
82.318795519999995,170
82.321512130000002,185
82.324228739999995,202
82.326945350000003,180
82.329661959999996,209
82.332378570000003,184
82.335095179999996,189
82.337811790000003,182
82.340528399999997,202
82.343245010000004,181
82.345961619999997,184
82.348678230000004,223
82.351394839999998,211
82.354111450000005,181
82.356828059999998,209
82.359544670000005,198
82.362261279999998,171
82.364977890000006,191
82.367694499999999,185
82.370411109999992,184
82.373127719999999,188
82.375844329999993,168
82.37856094,192
82.381277549999993,178
82.38399416,169
82.386710769999993,197
82.389427380000001,168
82.392143989999994,205
82.394860600000001,182
82.397577209999994,191
82.400293820000002,212
82.403010429999995,170
82.405727040000002,198
82.408443649999995,190
82.411160260000003,178
82.413876869999996,200
82.416593480000003,196
82.419310089999996,201
82.422026700000004,186
82.424743309999997,206
82.427459920000004,191
82.430176529999997,186
82.432893140000004,190
82.435609749999998,151
82.438326360000005,190
82.441042969999998,196
82.443759580000005,185
82.446476189999998,182
82.449192800000006,183
82.451909409999999,168
82.454626019999992,206
82.457342629999999,184
82.460059239999993,186
82.46277585,175
82.465492459999993,182
82.46820907,217
82.470925679999993,200
82.473642290000001,207
82.476358899999994,200
82.479075510000001,195
82.481792119999994,182
82.484508730000002,162
82.487225339999995,185
82.489941950000002,228
82.492658559999995,200
82.495375170000003,213
82.498091779999996,182
82.500808390000003,202
82.503524999999996,188
82.506241610000004,175
82.508958219999997,196
82.511674830000004,182
82.514391439999997,195
82.517108050000004,237
82.519824659999998,208
82.522541270000005,165
82.525257879999998,172
82.527974490000005,186
82.530691099999999,202
82.533407710000006,186
82.536124319999999,164
82.538840929999992,205
82.541557539999999,207
82.544274149999993,186
82.54699076,183
82.549707369999993,181
82.55242398,178
82.555140589999993,207
82.557857200000001,190
82.560573809999994,152
82.563290420000001,211
82.566007029999994,184
82.568723640000002,190
82.571440249999995,210
82.574156860000002,185
82.576873469999995,211
82.579590080000003,184
82.582306689999996,177
82.585023300000003,197
82.587739909999996,194
82.590456520000004,205
82.593173129999997,206
82.595889740000004,191
82.598606349999997,200
82.601322960000005,178
82.604039569999998,151
82.606756180000005,183
82.609472789999998,182
82.612189400000005,212
82.614906009999999,204
82.617622620000006,191
82.620339229999999,190
82.623055839999992,212
82.625772449999999,186
82.628489059999993,193
82.63120567,185
82.633922279999993,206
82.63663889,185
82.639355499999994,187
82.642072110000001,172
82.644788719999994,198
82.647505330000001,164
82.650221939999994,188
82.652938550000002,184
82.655655159999995,189
82.658371770000002,185
82.661088379999995,208
82.663804990000003,202
82.666521599999996,194
82.669238210000003,208
82.671954819999996,196
82.674671430000004,190
82.677388039999997,186
82.680104650000004,187
82.682821259999997,188
82.685537870000005,166
82.688254479999998,167
82.690971090000005,170
82.693687699999998,179
82.696404310000005,182
82.699120919999999,208
82.701837530000006,219
82.704554139999999,191
82.707270749999992,196
82.70998736,173
82.712703969999993,172
82.71542058,193
82.718137189999993,187
82.7208538,199
82.723570409999994,192
82.726287020000001,199
82.729003629999994,200
82.731720240000001,184
82.734436849999994,189
82.737153460000002,157
82.739870069999995,173
82.742586680000002,187
82.745303289999995,200
82.748019900000003,196
82.750736509999996,163
82.753453120000003,194
82.756169729999996,183
82.758886340000004,184
82.761602949999997,190
82.764319560000004,176
82.767036169999997,177
82.769752780000005,190
82.772469389999998,188
82.775186000000005,183
82.777902609999998,207
82.780619220000005,195
82.783335829999999,156
82.786052440000006,176
82.788769049999999,209
82.791485659999992,182
82.79420227,198
82.796918879999993,199
82.79963549,172
82.802352099999993,199
82.80506871,209
82.807785319999994,179
82.810501930000001,203
82.813218539999994,190
82.815935150000001,203
82.818651759999995,192
82.821368370000002,194
82.824084979999995,187
82.826801590000002,197
82.829518199999995,204
82.832234810000003,192
82.834951419999996,181
82.837668030000003,201
82.840384639999996,223
82.843101250000004,187
82.845817859999997,187
82.848534470000004,191
82.851251079999997,186
82.853967690000005,209
82.856684299999998,185
82.859400910000005,198
82.862117519999998,184
82.864834130000006,207
82.867550739999999,202
82.870267350000006,176
82.872983959999999,194
82.875700569999992,206
82.87841718,181
82.881133789999993,179
82.8838504,169
82.886567009999993,168
82.88928362,192
82.892000229999994,179
82.894716840000001,185
82.897433449999994,195
82.900150060000001,175
82.902866669999995,209
82.905583280000002,187
82.908299889999995,190
82.911016500000002,192
82.913733109999995,194
82.916449720000003,151
82.919166329999996,178
82.921882940000003,173
82.924599549999996,216
82.927316160000004,203
82.930032769999997,234
82.932749380000004,198
82.935465989999997,177
82.938182600000005,173
82.940899209999998,209
82.943615820000005,175
82.946332429999998,166
82.949049040000006,209
82.951765649999999,203
82.954482260000006,177
82.957198869999999,187
82.959915479999992,171
82.96263209,187
82.965348699999993,177
82.96806531,210
82.970781919999993,194
82.973498530000001,189
82.976215139999994,186
82.978931750000001,201
82.981648359999994,205
82.984364970000001,189
82.987081579999995,169
82.989798190000002,185
82.992514799999995,204
82.995231410000002,195
82.997948019999995,209
83.000664630000003,185
83.003381239999996,166
83.006097850000003,188
83.008814459999996,214
83.011531070000004,195
83.014247679999997,182
83.016964290000004,209
83.019680899999997,192
83.022397510000005,180
83.025114119999998,179
83.027830730000005,165
83.030547339999998,203
83.033263950000006,183
83.035980559999999,185
83.038697169999992,190
83.041413779999999,176
83.044130389999992,191
83.046847,175
83.049563609999993,202
83.05228022,197
83.054996829999993,210
83.057713440000001,177
83.060430049999994,196
83.063146660000001,179
83.065863269999994,207
83.068579880000001,206
83.071296489999995,207
83.074013100000002,211
83.076729709999995,197
83.079446320000002,187
83.082162929999996,202
83.084879540000003,193
83.087596149999996,196
83.090312760000003,193
83.093029369999996,207
83.095745980000004,212
83.098462589999997,190
83.101179200000004,179
83.103895809999997,202
83.106612420000005,202
83.109329029999998,183
83.112045640000005,205
83.114762249999998,191
83.117478860000006,176
83.120195469999999,178
83.122912079999992,169
83.125628689999999,200
83.128345299999992,170
83.13106191,205
83.133778519999993,192
83.13649513,168
83.139211739999993,202
83.141928350000001,220
83.144644959999994,209
83.147361570000001,195
83.150078179999994,192
83.152794790000002,204
83.155511399999995,200
83.158228010000002,169
83.160944619999995,196
83.163661230000002,185
83.166377839999996,194
83.169094450000003,213
83.171811059999996,183
83.174527670000003,194
83.177244279999996,192
83.179960890000004,200
83.182677499999997,189
83.185394110000004,192
83.188110719999997,185
83.190827330000005,193
83.193543939999998,196
83.196260550000005,178
83.198977159999998,178
83.201693770000006,212
83.204410379999999,206
83.207126989999992,218
83.209843599999999,191
83.212560209999992,163
83.21527682,200
83.217993429999993,189
83.22071004,171
83.223426649999993,161
83.226143260000001,185
83.228859869999994,192
83.231576480000001,163
83.234293089999994,175
83.237009700000002,183
83.239726309999995,198
83.242442920000002,187
83.245159529999995,178
83.247876140000002,177
83.250592749999996,177
83.253309360000003,164
83.256025969999996,178
83.258742580000003,179
83.261459189999997,167
83.264175800000004,218
83.266892409999997,178
83.269609020000004,198
83.272325629999997,177
83.275042240000005,193
83.277758849999998,191
83.280475460000005,165
83.283192069999998,194
83.285908680000006,195
83.288625289999999,192
83.291341899999992,175
83.294058509999999,193
83.296775119999992,198
83.29949173,209
83.302208339999993,180
83.30492495,185
83.307641559999993,175
83.310358170000001,192
83.313074779999994,190
83.315791390000001,180
83.318507999999994,190
83.321224610000002,178
83.323941219999995,189
83.326657830000002,180
83.329374439999995,199
83.332091050000002,185
83.334807659999996,201
83.337524270000003,194
83.340240879999996,180
83.342957490000003,173
83.345674099999997,192
83.348390710000004,188
83.351107319999997,189
83.353823930000004,201
83.356540539999997,191
83.359257150000005,186
83.361973759999998,177
83.364690370000005,195
83.367406979999998,200
83.370123590000006,184
83.372840199999999,186
83.375556809999992,199
83.378273419999999,172
83.380990029999992,198
83.38370664,191
83.386423249999993,170
83.38913986,189
83.391856469999993,172
83.394573080000001,188
83.397289689999994,200
83.400006300000001,190
83.402722909999994,193
83.405439520000002,184
83.408156129999995,186
83.410872740000002,182
83.413589349999995,175
83.416305960000003,210
83.419022569999996,195
83.421739180000003,216
83.424455789999996,179
83.427172400000003,171
83.429889009999997,195
83.432605620000004,208
83.435322229999997,192
83.438038840000004,181
83.440755449999997,183
83.443472060000005,193
83.446188669999998,169
83.448905280000005,166
83.451621889999998,187
83.454338500000006,200
83.457055109999999,205
83.459771719999992,147
83.462488329999999,200
83.465204939999992,167
83.46792155,158
83.470638159999993,192
83.47335477,192
83.476071379999993,167
83.478787990000001,189
83.481504599999994,170
83.484221210000001,200
83.486937819999994,179
83.489654430000002,197
83.492371039999995,182
83.495087650000002,171
83.497804259999995,205
83.500520870000003,177
83.503237479999996,201
83.505954090000003,204
83.508670699999996,191
83.511387310000003,177
83.514103919999997,197
83.516820530000004,208
83.519537139999997,184
83.522253750000004,208
83.524970359999998,173
83.527686970000005,192
83.530403579999998,204
83.533120190000005,221
83.535836799999998,201
83.538553410000006,184
83.541270019999999,189
83.543986629999992,183
83.546703239999999,191
83.549419849999992,189
83.55213646,195
83.554853069999993,218
83.55756968,191
83.560286289999993,163
83.563002900000001,177
83.565719509999994,168
83.568436120000001,191
83.571152729999994,206
83.573869340000002,179
83.576585949999995,195
83.579302560000002,205
83.582019169999995,192
83.584735780000003,202
83.587452389999996,190
83.590169000000003,186
83.592885609999996,222
83.595602220000004,178
83.598318829999997,184
83.601035440000004,173
83.603752049999997,178
83.606468660000004,178
83.609185269999998,211
83.611901880000005,151
83.614618489999998,159
83.617335100000005,170
83.620051709999998,203
83.622768320000006,204
83.625484929999999,200
83.628201539999992,184
83.630918149999999,185
83.633634759999993,198
83.63635137,186
83.639067979999993,162
83.64178459,188
83.644501199999993,169
83.647217810000001,186
83.649934419999994,195
83.652651030000001,187
83.655367639999994,190
83.658084250000002,186
83.660800859999995,201
83.663517470000002,197
83.666234079999995,176
83.668950690000003,182
83.671667299999996,206
83.674383910000003,187
83.677100519999996,186
83.679817130000004,180
83.682533739999997,172
83.685250350000004,226
83.687966959999997,176
83.690683570000004,178
83.693400179999998,208
83.696116790000005,197
83.698833399999998,203
83.701550010000005,188
83.704266619999999,192
83.706983230000006,185
83.709699839999999,220
83.712416449999992,159
83.715133059999999,199
83.717849669999993,181
83.72056628,175
83.723282889999993,181
83.7259995,200
83.728716109999993,204
83.731432720000001,173
83.734149329999994,179
83.736865940000001,177
83.739582549999994,200
83.742299160000002,185
83.745015769999995,196
83.747732380000002,184
83.750448989999995,179
83.753165600000003,174
83.755882209999996,161
83.758598820000003,178
83.761315429999996,196
83.764032040000004,182
83.766748649999997,193
83.769465260000004,185
83.772181869999997,172
83.774898480000004,206
83.777615089999998,172
83.780331700000005,175
83.783048309999998,213
83.785764920000005,155
83.788481529999999,202
83.791198140000006,194
83.793914749999999,185
83.796631359999992,204
83.799347969999999,183
83.802064579999993,203
83.80478119,168
83.807497799999993,173
83.81021441,180
83.812931019999994,172
83.815647630000001,196
83.818364239999994,180
83.821080850000001,190
83.823797459999994,189
83.826514070000002,186
83.829230679999995,216
83.831947290000002,197
83.834663899999995,175
83.837380510000003,181
83.840097119999996,185
83.842813730000003,178
83.845530339999996,185
83.848246950000004,178
83.850963559999997,195
83.853680170000004,167
83.856396779999997,154
83.859113390000005,204
83.861829999999998,178
83.864546610000005,178
83.867263219999998,197
83.869979830000005,169
83.872696439999999,185
83.875413050000006,182
83.878129659999999,190
83.880846269999992,174
83.883562879999999,173
83.886279489999993,196
83.8889961,155
83.891712709999993,193
83.89442932,178
83.897145929999994,155
83.899862540000001,193
83.902579149999994,176
83.905295760000001,197
83.908012369999994,188
83.910728980000002,184
83.913445589999995,200
83.916162200000002,199
83.918878809999995,203
83.921595420000003,182
83.924312029999996,179
83.927028640000003,187
83.929745249999996,184
83.932461860000004,206
83.935178469999997,205
83.937895080000004,199
83.940611689999997,185
83.943328300000005,190
83.946044909999998,173
83.948761520000005,161
83.951478129999998,197
83.954194740000005,194
83.956911349999999,171
83.959627960000006,191
83.962344569999999,152
83.965061179999992,185
83.96777779,164
83.970494399999993,192
83.97321101,174
83.975927619999993,191
83.97864423,185
83.981360839999994,189
83.984077450000001,200
83.986794059999994,160
83.989510670000001,182
83.992227279999994,174
83.994943890000002,175
83.997660499999995,192
84.000377110000002,214
84.003093719999995,184
84.005810330000003,196
84.008526939999996,188
84.011243550000003,167
84.013960159999996,204
84.016676770000004,169
84.019393379999997,179
84.022109990000004,192
84.024826599999997,170
84.027543210000005,180
84.030259819999998,180
84.032976430000005,182
84.035693039999998,182
84.038409650000006,193
84.041126259999999,173
84.043842870000006,175
84.046559479999999,170
84.049276089999992,184
84.0519927,190
84.054709309999993,207
84.05742592,169
84.060142529999993,183
84.06285914,169
84.065575749999994,193
84.068292360000001,175
84.071008969999994,172
84.073725580000001,184
84.076442189999995,204
84.079158800000002,160
84.081875409999995,180
84.084592020000002,184
84.087308629999995,193
84.090025240000003,171
84.092741849999996,173
84.095458460000003,179
84.098175069999996,182
84.100891680000004,197
84.103608289999997,180
84.106324900000004,172
84.109041509999997,199
84.111758120000005,165
84.114474729999998,188
84.117191340000005,178
84.119907949999998,197
84.122624560000006,185
84.125341169999999,194
84.128057780000006,182
84.130774389999999,185
84.133490999999992,206
84.13620761,188
84.138924219999993,192
84.14164083,181
84.144357439999993,169
84.147074050000001,180
84.149790659999994,192
84.152507270000001,203
84.155223879999994,181
84.157940490000001,181
84.160657099999995,205
84.163373710000002,181
84.166090319999995,174
84.168806930000002,188
84.171523539999995,205
84.174240150000003,175
84.176956759999996,213
84.179673370000003,182
84.182389979999996,181
84.185106590000004,208
84.187823199999997,196
84.190539810000004,184
84.193256419999997,177
84.195973030000005,208
84.198689639999998,194
84.201406250000005,177
84.204122859999998,175
84.206839470000006,208
84.209556079999999,175
84.212272689999992,170
84.214989299999999,175
84.217705909999992,194
84.22042252,156
84.223139129999993,166
84.22585574,185
84.228572349999993,168
84.231288960000001,189
84.234005569999994,192
84.236722180000001,196
84.239438789999994,173
84.242155400000001,181
84.244872009999995,196
84.247588620000002,187
84.250305229999995,194
84.253021840000002,188
84.255738449999996,167
84.258455060000003,176
84.261171669999996,214
84.263888280000003,186
84.266604889999996,147
84.269321500000004,188
84.272038109999997,180
84.274754720000004,183
84.277471329999997,173
84.280187940000005,177
84.282904549999998,193
84.285621160000005,187
84.288337769999998,177
84.291054380000006,203
84.293770989999999,182
84.296487599999992,187
84.299204209999999,170
84.301920819999992,167
84.30463743,186
84.307354039999993,222
84.31007065,188
84.312787259999993,187
84.315503870000001,173
84.318220479999994,196
84.320937090000001,174
84.323653699999994,198
84.326370310000001,178
84.329086919999995,205
84.331803530000002,190
84.334520139999995,217
84.337236750000002,178
84.339953359999996,211
84.342669970000003,207
84.345386579999996,185
84.348103190000003,184
84.350819799999996,203
84.353536410000004,186
84.356253019999997,175
84.358969630000004,181
84.361686239999997,172
84.364402850000005,175
84.367119459999998,175
84.369836070000005,161
84.372552679999998,199
84.375269290000006,193
84.377985899999999,173
84.380702509999992,182
84.383419119999999,194
84.386135729999992,180
84.38885234,192
84.391568949999993,182
84.39428556,190
84.397002169999993,193
84.399718780000001,184
84.402435389999994,207
84.405152000000001,185
84.407868609999994,192
84.410585220000002,173
84.413301829999995,196
84.416018440000002,172
84.418735049999995,184
84.421451660000002,175
84.424168269999996,191
84.426884880000003,168
84.429601489999996,183
84.432318100000003,194
84.435034709999996,198
84.437751320000004,193
84.440467929999997,159
84.443184540000004,193
84.445901149999997,188
84.448617760000005,179
84.451334369999998,206
84.454050980000005,204
84.456767589999998,195
84.459484200000006,195
84.462200809999999,187
84.464917419999992,184
84.467634029999999,180
84.470350639999992,187
84.47306725,197
84.475783859999993,175
84.47850047,171
84.481217079999993,198
84.483933690000001,171
84.486650299999994,193
84.489366910000001,178
84.492083519999994,192
84.494800130000002,181
84.497516739999995,192
84.500233350000002,187
84.502949959999995,179
84.505666570000002,183
84.508383179999996,184
84.511099790000003,196
84.513816399999996,178
84.516533010000003,186
84.519249619999997,184
84.521966230000004,192
84.524682839999997,160
84.527399450000004,187
84.530116059999997,175
84.532832670000005,176
84.535549279999998,198
84.538265890000005,178
84.540982499999998,196
84.543699110000006,161
84.546415719999999,189
84.549132329999992,188
84.551848939999999,195
84.554565549999992,209
84.55728216,177
84.559998769999993,198
84.56271538,169
84.565431989999993,186
84.568148600000001,191
84.570865209999994,169
84.573581820000001,208
84.576298429999994,198
84.579015040000002,197
84.581731649999995,181
84.584448260000002,168
84.587164869999995,174
84.589881480000003,173
84.592598089999996,157
84.595314700000003,184
84.598031309999996,167
84.600747920000003,193
84.603464529999997,197
84.606181140000004,173
84.608897749999997,172
84.611614360000004,164
84.614330969999997,185
84.617047580000005,174
84.619764189999998,178
84.622480800000005,182
84.625197409999998,169
84.627914020000006,189
84.630630629999999,203
84.633347239999992,184
84.636063849999999,166
84.638780459999992,186
84.64149707,215
84.644213679999993,216
84.64693029,169
84.649646899999993,182
84.652363510000001,183
84.655080119999994,200
84.657796730000001,183
84.660513339999994,158
84.663229950000002,194
84.665946559999995,174
84.668663170000002,198
84.671379779999995,192
84.674096390000003,192
84.676812999999996,193
84.679529610000003,172
84.682246219999996,165
84.684962830000003,204
84.687679439999997,175
84.690396050000004,177
84.693112659999997,194
84.695829270000004,186
84.698545879999998,176
84.701262490000005,183
84.703979099999998,203
84.706695710000005,157
84.709412319999998,196
84.712128930000006,177
84.714845539999999,188
84.717562149999992,216
84.720278759999999,217
84.722995369999992,186
84.72571198,212
84.728428589999993,212
84.7311452,158
84.733861809999993,183
84.736578420000001,183
84.739295029999994,182
84.742011640000001,188
84.744728249999994,182
84.747444860000002,196
84.750161469999995,184
84.752878080000002,187
84.755594689999995,178
84.758311300000003,178
84.761027909999996,184
84.763744520000003,164
84.766461129999996,182
84.769177740000003,197
84.771894349999997,219
84.774610960000004,186
84.777327569999997,181
84.780044180000004,208
84.782760789999998,161
84.785477400000005,205
84.788194009999998,213
84.790910620000005,180
84.793627229999998,180
84.796343840000006,188
84.799060449999999,205
84.801777059999992,166
84.804493669999999,189
84.807210279999993,191
84.80992689,196
84.812643499999993,205
84.81536011,177
84.818076719999993,161
84.820793330000001,179
84.823509939999994,197
84.826226550000001,172
84.828943159999994,198
84.831659770000002,190
84.834376379999995,191
84.837092990000002,178
84.839809599999995,203
84.842526210000003,196
84.845242819999996,184
84.847959430000003,182
84.850676039999996,206
84.853392650000004,182
84.856109259999997,188
84.858825870000004,162
84.861542479999997,172
84.864259090000004,187
84.866975699999998,202
84.869692310000005,199
84.872408919999998,191
84.875125530000005,187
84.877842139999998,164
84.880558750000006,168
84.883275359999999,187
84.885991969999992,173
84.888708579999999,189
84.891425189999993,172
84.8941418,183
84.896858409999993,206
84.89957502,192
84.902291629999993,156
84.905008240000001,166
84.907724849999994,176
84.910441460000001,190
84.913158069999994,171
84.915874680000002,190
84.918591289999995,221
84.921307900000002,194
84.924024509999995,183
84.926741120000003,180
84.929457729999996,198
84.932174340000003,181
84.934890949999996,184
84.937607560000004,201
84.940324169999997,195
84.943040780000004,179
84.945757389999997,168
84.948474000000004,178
84.951190609999998,185
84.953907220000005,162
84.956623829999998,170
84.959340440000005,165
84.962057049999999,186
84.964773660000006,198
84.967490269999999,166
84.970206879999992,196
84.972923489999999,165
84.975640099999993,206
84.97835671,172
84.981073319999993,192
84.98378993,182
84.986506539999993,193
84.989223150000001,193
84.991939759999994,184
84.994656370000001,163
84.997372979999994,194
85.000089590000002,171
85.002806199999995,174
85.005522810000002,187
85.008239419999995,195
85.010956030000003,196
85.013672639999996,174
85.016389250000003,195
85.019105859999996,213
85.021822470000004,183
85.024539079999997,203
85.027255690000004,154
85.029972299999997,173
85.032688910000005,167
85.035405519999998,174
85.038122130000005,173
85.040838739999998,207
85.043555350000005,176
85.046271959999999,182
85.048988570000006,155
85.051705179999999,187
85.054421789999992,199
85.057138399999999,213
85.059855009999993,164
85.06257162,199
85.065288229999993,174
85.06800484,177
85.070721449999994,178
85.073438060000001,171
85.076154669999994,197
85.078871280000001,179
85.081587889999994,162
85.084304500000002,197
85.087021109999995,190
85.089737720000002,198
85.092454329999995,198
85.095170940000003,185
85.097887549999996,185
85.100604160000003,175
85.103320769999996,185
85.106037380000004,174
85.108753989999997,211
85.111470600000004,195
85.114187209999997,181
85.116903820000005,200
85.119620429999998,187
85.122337040000005,185
85.125053649999998,191
85.127770260000005,182
85.130486869999999,186
85.133203480000006,179
85.135920089999999,168
85.138636699999992,166
85.14135331,195
85.144069919999993,205
85.14678653,183
85.149503139999993,170
85.15221975,199
85.154936359999994,195
85.157652970000001,200
85.160369579999994,207
85.163086190000001,173
85.165802799999994,212
85.168519410000002,185
85.171236019999995,180
85.173952630000002,172
85.176669239999995,199
85.179385850000003,208
85.182102459999996,179
85.184819070000003,223
85.187535679999996,161
85.190252290000004,161
85.192968899999997,191
85.195685510000004,182
85.198402119999997,213
85.201118730000005,204
85.203835339999998,187
85.206551950000005,178
85.209268559999998,176
85.211985170000005,188
85.214701779999999,196
85.217418390000006,158
85.220134999999999,186
85.222851609999992,166
85.22556822,194
85.228284829999993,173
85.23100144,187
85.233718049999993,198
85.23643466,213
85.239151269999994,180
85.241867880000001,182
85.244584489999994,192
85.247301100000001,198
85.250017709999995,178
85.252734320000002,164
85.255450929999995,185
85.258167540000002,163
85.260884149999995,202
85.263600760000003,193
85.266317369999996,172
85.269033980000003,191
85.271750589999996,159
85.274467200000004,169
85.277183809999997,172
85.279900420000004,182
85.282617029999997,189
85.285333640000005,202
85.288050249999998,197
85.290766860000005,177
85.293483469999998,168
85.296200080000006,179
85.298916689999999,189
85.301633300000006,177
85.304349909999999,192
85.307066519999992,188
85.30978313,183
85.312499739999993,208
85.31521635,195
85.317932959999993,180
85.32064957,178
85.323366179999994,167
85.326082790000001,193
85.328799399999994,205
85.331516010000001,185
85.334232619999995,191
85.336949230000002,171
85.339665839999995,172
85.342382450000002,174
85.345099059999995,198
85.347815670000003,162
85.350532279999996,176
85.353248890000003,206
85.355965499999996,186
85.358682110000004,206
85.361398719999997,176
85.364115330000004,183
85.366831939999997,178
85.369548550000005,189
85.372265159999998,191
85.374981770000005,170
85.377698379999998,189
85.380414990000006,153
85.383131599999999,182
85.385848209999992,160
85.388564819999999,171
85.391281429999992,205
85.39399804,173
85.396714649999993,185
85.39943126,170
85.402147869999993,198
85.404864480000001,216
85.407581089999994,155
85.410297700000001,187
85.413014309999994,186
85.415730920000001,172
85.418447529999995,209
85.421164140000002,178
85.423880749999995,169
85.426597360000002,206
85.429313969999995,195
85.432030580000003,182
85.434747189999996,190
85.437463800000003,176
85.440180409999996,166
85.442897020000004,167
85.445613629999997,164
85.448330240000004,182
85.451046849999997,180
85.453763460000005,193
85.456480069999998,175
85.459196680000005,219
85.461913289999998,179
85.464629900000006,183
85.467346509999999,183
85.470063119999992,168
85.472779729999999,163
85.475496339999992,186
85.47821295,182
85.480929559999993,174
85.48364617,188
85.486362779999993,155
85.489079390000001,163
85.491795999999994,189
85.494512610000001,183
85.497229219999994,214
85.499945830000001,178
85.502662439999995,185
85.505379050000002,191
85.508095659999995,170
85.510812270000002,157
85.513528879999996,174
85.516245490000003,203
85.518962099999996,178
85.521678710000003,160
85.524395319999996,186
85.527111930000004,187
85.529828539999997,165
85.532545150000004,176
85.535261759999997,181
85.537978370000005,215
85.540694979999998,199
85.543411590000005,193
85.546128199999998,184
85.548844810000006,210
85.551561419999999,176
85.554278029999992,161
85.556994639999999,160
85.559711249999992,167
85.56242786,176
85.565144469999993,229
85.56786108,191
85.570577689999993,175
85.573294300000001,173
85.576010909999994,188
85.578727520000001,180
85.581444129999994,161
85.584160740000002,179
85.586877349999995,234
85.589593960000002,169
85.592310569999995,183
85.595027180000002,153
85.597743789999996,185
85.600460400000003,184
85.603177009999996,171
85.605893620000003,167
85.608610229999996,184
85.611326840000004,169
85.614043449999997,185
85.616760060000004,232
85.619476669999997,179
85.622193280000005,202
85.624909889999998,179
85.627626500000005,179
85.630343109999998,178
85.633059720000006,187
85.635776329999999,167
85.638492939999992,190
85.641209549999999,195
85.643926159999992,184
85.64664277,185
85.649359379999993,195
85.65207599,186
85.654792599999993,199
85.657509210000001,206
85.660225819999994,188
85.662942430000001,193
85.665659039999994,201
85.668375650000002,182
85.671092259999995,173
85.673808870000002,187
85.676525479999995,172
85.679242090000002,171
85.681958699999996,197
85.684675310000003,191
85.687391919999996,180
85.690108530000003,185
85.692825139999997,195
85.695541750000004,192
85.698258359999997,170
85.700974970000004,214
85.703691579999997,177
85.706408190000005,188
85.709124799999998,188
85.711841410000005,172
85.714558019999998,184
85.717274630000006,159
85.719991239999999,195
85.722707849999992,212
85.725424459999999,193
85.728141069999992,184
85.73085768,176
85.733574289999993,184
85.7362909,137
85.739007509999993,181
85.741724120000001,184
85.744440729999994,189
85.747157340000001,195
85.749873949999994,213
85.752590560000002,209
85.755307169999995,169
85.758023780000002,180
85.760740389999995,174
85.763457000000002,156
85.766173609999996,155
85.768890220000003,165
85.771606829999996,167
85.774323440000003,191
85.777040049999997,190
85.779756660000004,177
85.782473269999997,163
85.785189880000004,196
85.787906489999997,182
85.790623100000005,170
85.793339709999998,185
85.796056320000005,176
85.798772929999998,164
85.801489540000006,177
85.804206149999999,178
85.806922759999992,193
85.809639369999999,179
85.812355979999992,194
85.81507259,166
85.817789199999993,151
85.82050581,183
85.823222419999993,173
85.825939030000001,180
85.828655639999994,150
85.831372250000001,169
85.834088859999994,201
85.836805470000002,191
85.839522079999995,183
85.842238690000002,192
85.844955299999995,166
85.847671910000003,172
85.850388519999996,166
85.853105130000003,175
85.855821739999996,195
85.858538350000003,171
85.861254959999997,161
85.863971570000004,188
85.866688179999997,169
85.869404790000004,177
85.872121399999997,191
85.874838010000005,186
85.877554619999998,192
85.880271230000005,189
85.882987839999998,182
85.885704450000006,163
85.888421059999999,173
85.891137669999992,170
85.893854279999999,171
85.896570889999992,178
85.8992875,180
85.902004109999993,198
85.90472072,187
85.907437329999993,174
85.910153940000001,187
85.912870549999994,182
85.915587160000001,166
85.918303769999994,179
85.921020380000002,171
85.923736989999995,195
85.926453600000002,185
85.929170209999995,192
85.931886820000003,213
85.934603429999996,160
85.937320040000003,173
85.940036649999996,208
85.942753260000003,181
85.945469869999997,187
85.948186480000004,190
85.950903089999997,180
85.953619700000004,168
85.956336309999998,190
85.959052920000005,163
85.961769529999998,190
85.964486140000005,189
85.967202749999998,186
85.969919360000006,152
85.972635969999999,170
85.975352579999992,191
85.978069189999999,183
85.980785799999992,195
85.98350241,169
85.986219019999993,196
85.98893563,189
85.991652239999993,189
85.994368850000001,173
85.997085459999994,181
85.999802070000001,181
86.002518679999994,185
86.005235290000002,172
86.007951899999995,187
86.010668510000002,194
86.013385119999995,191
86.016101730000003,179
86.018818339999996,154
86.021534950000003,174
86.024251559999996,196
86.026968170000004,173
86.029684779999997,189
86.032401390000004,173
86.035117999999997,189
86.037834610000004,166
86.040551219999998,175
86.043267830000005,183
86.045984439999998,186
86.048701050000005,148
86.051417659999998,189
86.054134270000006,180
86.056850879999999,198
86.059567489999992,178
86.062284099999999,185
86.065000709999993,167
86.06771732,197
86.070433929999993,183
86.07315054,193
86.075867149999993,158
86.078583760000001,187
86.081300369999994,173
86.084016980000001,192
86.086733589999994,179
86.089450200000002,210
86.092166809999995,160
86.094883420000002,196
86.097600029999995,180
86.100316640000003,183
86.103033249999996,202
86.105749860000003,172
86.108466469999996,195
86.111183080000004,186
86.113899689999997,167
86.116616300000004,176
86.119332909999997,156
86.122049520000004,162
86.124766129999998,178
86.127482740000005,221
86.130199349999998,193
86.132915960000005,211
86.135632569999999,194
86.138349180000006,205
86.141065789999999,191
86.143782399999992,175
86.146499009999999,180
86.149215619999993,166
86.15193223,197
86.154648839999993,169
86.15736545,215
86.160082059999993,197
86.162798670000001,161
86.165515279999994,180
86.168231890000001,189
86.170948499999994,167
86.173665110000002,180
86.176381719999995,168
86.179098330000002,192
86.181814939999995,201
86.184531550000003,183
86.187248159999996,164
86.189964770000003,167
86.192681379999996,175
86.195397990000004,179
86.198114599999997,163
86.200831210000004,177
86.203547819999997,187
86.206264430000004,174
86.208981039999998,172
86.211697650000005,179
86.214414259999998,188
86.217130870000005,169
86.219847479999999,194
86.222564090000006,150
86.225280699999999,173
86.227997309999992,160
86.230713919999999,170
86.233430529999993,179
86.23614714,189
86.238863749999993,195
86.24158036,164
86.244296969999994,167
86.247013580000001,194
86.249730189999994,164
86.252446800000001,188
86.255163409999994,190
86.257880020000002,172
86.260596629999995,177
86.263313240000002,181
86.266029849999995,188
86.268746460000003,156
86.271463069999996,171
86.274179680000003,193
86.276896289999996,169
86.279612900000004,186
86.282329509999997,167
86.285046120000004,195
86.287762729999997,174
86.290479340000005,196
86.293195949999998,187
86.295912560000005,168
86.298629169999998,171
86.301345780000005,178
86.304062389999999,162
86.306779000000006,164
86.309495609999999,167
86.312212219999992,166
86.314928829999999,190
86.317645439999993,185
86.32036205,193
86.323078659999993,181
86.32579527,188
86.328511879999994,198
86.331228490000001,149
86.333945099999994,198
86.336661710000001,152
86.339378319999994,159
86.342094930000002,185
86.344811539999995,187
86.347528150000002,181
86.350244759999995,206
86.352961370000003,169
86.355677979999996,196
86.358394590000003,194
86.361111199999996,175
86.363827810000004,190
86.366544419999997,181
86.369261030000004,186
86.371977639999997,202
86.374694250000005,171
86.377410859999998,176
86.380127470000005,165
86.382844079999998,191
86.385560690000005,190
86.388277299999999,201
86.390993910000006,169
86.393710519999999,185
86.396427129999992,173
86.39914374,182
86.401860349999993,165
86.40457696,191
86.407293569999993,196
86.41001018,192
86.412726789999994,189
86.415443400000001,183
86.418160009999994,191
86.420876620000001,172
86.423593229999994,189
86.426309840000002,160
86.429026449999995,186
86.431743060000002,171
86.434459669999995,184
86.437176280000003,196
86.439892889999996,170
86.442609500000003,190
86.445326109999996,168
86.448042720000004,196
86.450759329999997,171
86.453475940000004,183
86.456192549999997,192
86.458909160000005,176
86.461625769999998,152
86.464342380000005,180
86.467058989999998,182
86.469775600000006,186
86.472492209999999,181
86.475208820000006,171
86.477925429999999,177
86.480642039999992,161
86.48335865,167
86.486075259999993,182
86.48879187,189
86.491508479999993,188
86.49422509,197
86.496941699999994,183
86.499658310000001,171
86.502374919999994,160
86.505091530000001,167
86.507808139999995,192
86.510524750000002,182
86.513241359999995,186
86.515957970000002,182
86.518674579999995,167
86.521391190000003,183
86.524107799999996,170
86.526824410000003,196
86.529541019999996,174
86.532257630000004,187
86.534974239999997,169
86.537690850000004,180
86.540407459999997,202
86.543124070000005,181
86.545840679999998,184
86.548557290000005,199
86.551273899999998,188
86.553990510000006,177
86.556707119999999,203
86.559423729999992,178
86.562140339999999,153
86.564856949999992,185
86.56757356,198
86.570290169999993,204
86.57300678,166
86.575723389999993,188
86.578440000000001,192
86.581156609999994,168
86.583873220000001,183
86.586589829999994,170
86.589306440000001,170
86.592023049999995,182
86.594739660000002,157
86.597456269999995,150
86.600172880000002,160
86.602889489999995,179
86.605606100000003,169
86.608322709999996,168
86.611039320000003,184
86.613755929999996,168
86.616472540000004,174
86.619189149999997,189
86.621905760000004,203
86.624622369999997,162
86.627338980000005,180
86.630055589999998,174
86.632772200000005,154
86.635488809999998,173
86.638205420000006,180
86.640922029999999,189
86.643638639999992,161
86.646355249999999,184
86.649071859999992,195
86.65178847,195
86.654505079999993,182
86.65722169,200
86.659938299999993,168
86.662654910000001,163
86.665371519999994,184
86.668088130000001,168
86.670804739999994,195
86.673521350000001,211
86.676237959999995,174
86.678954570000002,173
86.681671179999995,178
86.684387790000002,190
86.687104399999996,194
86.689821010000003,197
86.692537619999996,188
86.695254230000003,187
86.697970839999996,205
86.700687450000004,193
86.703404059999997,193
86.706120670000004,180
86.708837279999997,186
86.711553890000005,207
86.714270499999998,176
86.716987110000005,172
86.719703719999998,181
86.722420330000006,168
86.725136939999999,193
86.727853549999992,176
86.730570159999999,179
86.733286769999992,168
86.73600338,182
86.738719989999993,186
86.7414366,200
86.744153209999993,186
86.746869820000001,175
86.749586429999994,164
86.752303040000001,169
86.755019649999994,188
86.757736260000001,169
86.760452869999995,195
86.763169480000002,206
86.765886089999995,187
86.768602700000002,178
86.771319309999996,178
86.774035920000003,173
86.776752529999996,171
86.779469140000003,171
86.782185749999996,154
86.784902360000004,186
86.787618969999997,221
86.790335580000004,185
86.793052189999997,159
86.795768800000005,203
86.798485409999998,185
86.801202020000005,170
86.803918629999998,156
86.806635240000006,186
86.809351849999999,192
86.812068459999992,176
86.814785069999999,190
86.817501679999992,170
86.82021829,195
86.822934899999993,193
86.82565151,178
86.828368119999993,182
86.831084730000001,192
86.833801339999994,174
86.836517950000001,184
86.839234559999994,163
86.841951170000002,188
86.844667779999995,174
86.847384390000002,192
86.850100999999995,158
86.852817610000002,203
86.855534219999996,187
86.858250830000003,173
86.860967439999996,172
86.863684050000003,203
86.866400659999996,186
86.869117270000004,162
86.871833879999997,177
86.874550490000004,165
86.877267099999997,177
86.879983710000005,198
86.882700319999998,182
86.885416930000005,212
86.888133539999998,153
86.890850150000006,161
86.893566759999999,167
86.896283369999992,169
86.898999979999999,191
86.901716589999992,194
86.9044332,155
86.907149809999993,177
86.90986642,168
86.912583029999993,188
86.915299640000001,186
86.918016249999994,192
86.920732860000001,184
86.923449469999994,164
86.926166080000002,148
86.928882689999995,182
86.931599300000002,178
86.934315909999995,170
86.937032520000002,149
86.939749129999996,183
86.942465740000003,164
86.945182349999996,172
86.947898960000003,199
86.950615569999997,186
86.953332180000004,170
86.956048789999997,181
86.958765400000004,171
86.961482009999997,157
86.964198620000005,173
86.966915229999998,180
86.969631840000005,181
86.972348449999998,175
86.975065060000006,170
86.977781669999999,188
86.980498279999992,181
86.983214889999999,185
86.985931499999992,189
86.98864811,166
86.991364719999993,199
86.99408133,172
86.996797939999993,190
86.999514550000001,206
87.002231159999994,187
87.004947770000001,175
87.007664379999994,182
87.010380990000002,177
87.013097599999995,165
87.015814210000002,191
87.018530819999995,174
87.021247430000003,184
87.023964039999996,153
87.026680650000003,169
87.029397259999996,202
87.032113870000003,186
87.034830479999997,187
87.037547090000004,191
87.040263699999997,158
87.042980310000004,192
87.045696919999997,172
87.048413530000005,181
87.051130139999998,172
87.053846750000005,190
87.056563359999998,161
87.059279970000006,168
87.061996579999999,182
87.064713189999992,183
87.067429799999999,172
87.070146409999992,173
87.07286302,178
87.075579629999993,180
87.07829624,201
87.081012849999993,154
87.083729460000001,182
87.086446069999994,184
87.089162680000001,180
87.091879289999994,188
87.094595900000002,150
87.097312509999995,155
87.100029120000002,170
87.102745729999995,174
87.105462340000003,171
87.108178949999996,185
87.110895560000003,190
87.113612169999996,177
87.116328780000003,181
87.119045389999997,150
87.121762000000004,207
87.124478609999997,191
87.127195220000004,174
87.129911829999998,161
87.132628440000005,193
87.135345049999998,184
87.138061660000005,173
87.140778269999998,185
87.143494880000006,194
87.146211489999999,184
87.148928099999992,165
87.151644709999999,146
87.154361319999992,186
87.15707793,206
87.159794539999993,184
87.16251115,169
87.165227759999993,174
87.167944370000001,191
87.170660979999994,213
87.173377590000001,183
87.176094199999994,134
87.178810810000002,197
87.181527419999995,179
87.184244030000002,169
87.186960639999995,163
87.189677250000003,197
87.192393859999996,192
87.195110470000003,185
87.197827079999996,179
87.200543690000003,184
87.203260299999997,181
87.205976910000004,177
87.208693519999997,169
87.211410130000004,147
87.214126739999998,186
87.216843350000005,196
87.219559959999998,205
87.222276570000005,158
87.224993179999998,191
87.227709790000006,182
87.230426399999999,188
87.233143009999992,180
87.235859619999999,190
87.238576229999993,179
87.24129284,185
87.244009449999993,163
87.24672606,160
87.249442669999993,206
87.252159280000001,196
87.254875889999994,174
87.257592500000001,179
87.260309109999994,162
87.263025720000002,192
87.265742329999995,176
87.268458940000002,181
87.271175549999995,198
87.273892160000003,153
87.276608769999996,177
87.279325380000003,186
87.282041989999996,173
87.284758600000004,198
87.287475209999997,147
87.290191820000004,178
87.292908429999997,170
87.295625040000004,208
87.298341649999998,212
87.301058260000005,193
87.303774869999998,173
87.306491480000005,186
87.309208089999998,205
87.311924700000006,194
87.314641309999999,194
87.317357919999992,166
87.320074529999999,176
87.322791139999993,193
87.32550775,189
87.328224359999993,174
87.33094097,185
87.333657579999993,176
87.336374190000001,178
87.339090799999994,170
87.341807410000001,181
87.344524019999994,174
87.347240630000002,173
87.349957239999995,172
87.352673850000002,169
87.355390459999995,189
87.358107070000003,174
87.360823679999996,162
87.363540290000003,185
87.366256899999996,177
87.368973510000004,196
87.371690119999997,190
87.374406730000004,157
87.377123339999997,173
87.379839950000004,191
87.382556559999998,179
87.385273170000005,155
87.387989779999998,183
87.390706390000005,160
87.393422999999999,189
87.396139610000006,186
87.398856219999999,183
87.401572829999992,194
87.404289439999999,168
87.407006049999993,177
87.40972266,188
87.412439269999993,157
87.41515588,172
87.417872489999993,164
87.420589100000001,165
87.423305709999994,191
87.426022320000001,184
87.428738929999994,173
87.431455540000002,177
87.434172149999995,172
87.436888760000002,204
87.439605369999995,155
87.442321980000003,172
87.445038589999996,188
87.447755200000003,168
87.450471809999996,192
87.453188420000004,160
87.455905029999997,188
87.458621640000004,195
87.461338249999997,204
87.464054860000005,153
87.466771469999998,184
87.469488080000005,179
87.472204689999998,177
87.474921300000005,151
87.477637909999999,158
87.480354520000006,178
87.483071129999999,173
87.485787739999992,176
87.488504349999999,154
87.491220959999993,187
87.49393757,185
87.496654179999993,167
87.49937079,174
87.502087399999994,181
87.504804010000001,207
87.507520619999994,174
87.510237230000001,190
87.512953839999994,200
87.515670450000002,154
87.518387059999995,177
87.521103670000002,180
87.523820279999995,175
87.526536890000003,167
87.529253499999996,183
87.531970110000003,184
87.534686719999996,181
87.537403330000004,173
87.540119939999997,165
87.542836550000004,191
87.545553159999997,174
87.548269770000005,160
87.550986379999998,194
87.553702990000005,189
87.556419599999998,203
87.559136210000005,192
87.561852819999999,176
87.564569430000006,179
87.567286039999999,186
87.570002649999992,179
87.57271926,189
87.575435869999993,178
87.57815248,188
87.580869089999993,159
87.5835857,181
87.586302309999994,175
87.589018920000001,174
87.591735529999994,191
87.594452140000001,146
87.597168749999994,192
87.599885360000002,182
87.602601969999995,187
87.605318580000002,216
87.608035189999995,183
87.610751800000003,186
87.613468409999996,182
87.616185020000003,181
87.618901629999996,182
87.621618240000004,182
87.624334849999997,211
87.627051460000004,169
87.629768069999997,173
87.632484680000005,170
87.635201289999998,162
87.637917900000005,170
87.640634509999998,185
87.643351120000005,170
87.646067729999999,179
87.648784340000006,157
87.651500949999999,176
87.654217559999992,199
87.65693417,182
87.659650779999993,177
87.66236739,195
87.665083999999993,178
87.66780061,156
87.670517219999994,177
87.673233830000001,202
87.675950439999994,168
87.678667050000001,174
87.681383659999995,163
87.684100270000002,187
87.686816879999995,174
87.689533490000002,184
87.692250099999995,186
87.694966710000003,192
87.697683319999996,177
87.700399930000003,196
87.703116539999996,194
87.705833150000004,172
87.708549759999997,183
87.711266370000004,183
87.713982979999997,197
87.716699590000005,185
87.719416199999998,169
87.722132810000005,146
87.724849419999998,181
87.727566030000006,170
87.730282639999999,169
87.732999249999992,152
87.735715859999999,173
87.738432469999992,184
87.74114908,178
87.743865689999993,175
87.7465823,182
87.749298909999993,211
87.75201552,166
87.754732129999994,176
87.757448740000001,175
87.760165349999994,169
87.762881960000001,185
87.765598569999995,172
87.768315180000002,150
87.771031789999995,175
87.773748400000002,179
87.776465009999995,172
87.779181620000003,184
87.781898229999996,183
87.784614840000003,172
87.787331449999996,179
87.790048060000004,170
87.792764669999997,197
87.795481280000004,176
87.798197889999997,209
87.800914500000005,198
87.803631109999998,189
87.806347720000005,172
87.809064329999998,177
87.811780940000006,180
87.814497549999999,181
87.817214159999992,189
87.819930769999999,165
87.822647379999992,188
87.82536399,156
87.828080599999993,176
87.83079721,169
87.833513819999993,182
87.836230430000001,161
87.838947039999994,206
87.841663650000001,153
87.844380259999994,181
87.847096870000001,203
87.849813479999995,179
87.852530090000002,181
87.855246699999995,169
87.857963310000002,180
87.860679919999995,190
87.863396530000003,182
87.866113139999996,193
87.868829750000003,193
87.871546359999996,175
87.874262970000004,156
87.876979579999997,177
87.879696190000004,169
87.882412799999997,183
87.885129410000005,146
87.887846019999998,152
87.890562630000005,201
87.893279239999998,166
87.895995850000006,167
87.898712459999999,183
87.901429069999992,185
87.904145679999999,188
87.906862289999992,177
87.9095789,165
87.912295509999993,135
87.91501212,171
87.917728729999993,202
87.920445340000001,174
87.923161949999994,181
87.925878560000001,195
87.928595169999994,173
87.931311780000001,191
87.934028389999995,159
87.936745000000002,181
87.939461609999995,179
87.942178220000002,188
87.944894829999996,194
87.947611440000003,181
87.950328049999996,188
87.953044660000003,169
87.955761269999996,201
87.958477880000004,173
87.961194489999997,171
87.963911100000004,222
87.966627709999997,190
87.969344320000005,198
87.972060929999998,174
87.974777540000005,148
87.977494149999998,179
87.980210760000006,176
87.982927369999999,200
87.985643979999992,196
87.988360589999999,174
87.991077199999992,178
87.99379381,168
87.996510419999993,163
87.99922703,177
88.001943639999993,187
88.004660250000001,162
88.007376859999994,170
88.010093470000001,183
88.012810079999994,185
88.015526690000002,156
88.018243299999995,191
88.020959910000002,186
88.023676519999995,173
88.026393130000002,191
88.029109739999996,167
88.031826350000003,186
88.034542959999996,176
88.037259570000003,158
88.039976179999996,188
88.042692790000004,201
88.045409399999997,145
88.048126010000004,161
88.050842619999997,165
88.053559230000005,179
88.056275839999998,169
88.058992450000005,180
88.061709059999998,173
88.064425670000006,162
88.067142279999999,163
88.069858889999992,171
88.072575499999999,181
88.075292109999992,197
88.07800872,180
88.080725329999993,185
88.08344194,161
88.086158549999993,171
88.088875160000001,152
88.091591769999994,178
88.094308380000001,174
88.097024989999994,195
88.099741600000002,204
88.102458209999995,156
88.105174820000002,176
88.107891429999995,183
88.110608040000002,189
88.113324649999996,185
88.116041260000003,182
88.118757869999996,187
88.121474480000003,170
88.124191089999997,187
88.126907700000004,187
88.129624309999997,181
88.132340920000004,171
88.135057529999997,194
88.137774140000005,177
88.140490749999998,176
88.143207360000005,154
88.145923969999998,175
88.148640580000006,192
88.151357189999999,179
88.154073799999992,205
88.156790409999999,171
88.159507019999992,173
88.16222363,166
88.164940239999993,156
88.16765685,164
88.170373459999993,182
88.173090070000001,194
88.175806679999994,181
88.178523290000001,172
88.181239899999994,185
88.183956510000002,166
88.186673119999995,191
88.189389730000002,170
88.192106339999995,178
88.194822950000002,155
88.197539559999996,203
88.200256170000003,178
88.202972779999996,180
88.205689390000003,196
88.208405999999997,182
88.211122610000004,182
88.213839219999997,177
88.216555830000004,155
88.219272439999997,183
88.221989050000005,167
88.224705659999998,158
88.227422270000005,191
88.230138879999998,166
88.232855490000006,183
88.235572099999999,163
88.238288709999992,170
88.241005319999999,179
88.243721929999992,173
88.24643854,176
88.249155149999993,184
88.25187176,184
88.254588369999993,175
88.257304980000001,154
88.260021589999994,185
88.262738200000001,173
88.265454809999994,173
88.268171420000002,159
88.270888029999995,157
88.273604640000002,186
88.276321249999995,173
88.279037860000003,167
88.281754469999996,178
88.284471080000003,170
88.287187689999996,170
88.289904300000003,170
88.292620909999997,187
88.295337520000004,187
88.298054129999997,162
88.300770740000004,184
88.303487349999997,159
88.306203960000005,200
88.308920569999998,177
88.311637180000005,162
88.314353789999998,181
88.317070400000006,177
88.319787009999999,163
88.322503619999992,173
88.325220229999999,207
88.327936839999992,187
88.33065345,165
88.333370059999993,185
88.33608667,188
88.338803279999993,168
88.341519890000001,169
88.344236499999994,159
88.346953110000001,161
88.349669719999994,204
88.352386330000002,184
88.355102939999995,193
88.357819550000002,178
88.360536159999995,150
88.363252770000003,170
88.365969379999996,182
88.368685990000003,171
88.371402599999996,182
88.374119210000003,176
88.376835819999997,172
88.379552430000004,172
88.382269039999997,197
88.384985650000004,185
88.387702259999998,186
88.390418870000005,186
88.393135479999998,169
88.395852090000005,167
88.398568699999998,171
88.401285310000006,206
88.404001919999999,185
88.406718529999992,173
88.409435139999999,181
88.412151749999992,206
88.41486836,189
88.417584969999993,193
88.42030158,172
88.423018189999993,171
88.425734800000001,189
88.428451409999994,198
88.431168020000001,166
88.433884629999994,207
88.436601240000002,171
88.439317849999995,173
88.442034460000002,174
88.444751069999995,168
88.447467680000003,189
88.450184289999996,201
88.452900900000003,157
88.455617509999996,169
88.458334120000004,171
88.461050729999997,199
88.463767340000004,200
88.466483949999997,174
88.469200560000004,195
88.471917169999998,173
88.474633780000005,173
88.477350389999998,184
88.480067000000005,170
88.482783609999998,191
88.485500220000006,170
88.488216829999999,138
88.490933439999992,148
88.493650049999999,186
88.496366659999993,187
88.49908327,201
88.501799879999993,180
88.50451649,182
88.507233099999993,172
88.509949710000001,181
88.512666319999994,162
88.515382930000001,160
88.518099539999994,180
88.520816150000002,166
88.523532759999995,175
88.526249370000002,187
88.528965979999995,199
88.531682590000003,205
88.534399199999996,194
88.537115810000003,187
88.539832419999996,170
88.542549030000004,178
88.545265639999997,187
88.547982250000004,189
88.550698859999997,178
88.553415470000004,182
88.556132079999998,171
88.558848690000005,172
88.561565299999998,181
88.564281910000005,213
88.566998519999999,178
88.569715130000006,146
88.572431739999999,151
88.575148349999992,173
88.577864959999999,169
88.580581569999993,172
88.58329818,173
88.586014789999993,182
88.5887314,173
88.591448009999993,159
88.594164620000001,186
88.596881229999994,182
88.599597840000001,163
88.602314449999994,173
88.605031060000002,186
88.607747669999995,188
88.610464280000002,187
88.613180889999995,187
88.615897500000003,178
88.618614109999996,186
88.621330720000003,180
88.624047329999996,202
88.626763940000004,160
88.629480549999997,154
88.632197160000004,157
88.634913769999997,175
88.637630380000004,157
88.640346989999998,179
88.643063600000005,201
88.645780209999998,193
88.648496820000005,172
88.651213429999999,170
88.653930040000006,167
88.656646649999999,169
88.659363259999992,173
88.662079869999999,182
88.664796479999993,190
88.66751309,168
88.670229699999993,166
88.67294631,176
88.675662919999994,162
88.678379530000001,193
88.681096139999994,173
88.683812750000001,202
88.686529359999994,187
88.689245970000002,174
88.691962579999995,180
88.694679190000002,167
88.697395799999995,198
88.700112410000003,178
88.702829019999996,160
88.705545630000003,187
88.708262239999996,170
88.710978850000004,161
88.713695459999997,170
88.716412070000004,173
88.719128679999997,185
88.721845290000005,176
88.724561899999998,198
88.727278510000005,182
88.729995119999998,162
88.732711730000005,190
88.735428339999999,204
88.738144950000006,174
88.740861559999999,180
88.743578169999992,195
88.746294779999999,168
88.749011389999993,155
88.751728,163
88.754444609999993,160
88.75716122,181
88.759877829999994,144
88.762594440000001,169
88.765311049999994,164
88.768027660000001,166
88.770744269999994,168
88.773460880000002,186
88.776177489999995,158
88.778894100000002,173
88.781610709999995,181
88.784327320000003,179
88.787043929999996,171
88.789760540000003,181
88.792477149999996,170
88.795193760000004,175
88.797910369999997,184
88.800626980000004,188
88.803343589999997,154
88.806060200000005,176
88.808776809999998,187
88.811493420000005,169
88.814210029999998,205
88.816926640000005,203
88.819643249999999,170
88.822359859999992,162
88.825076469999999,148
88.827793079999992,196
88.83050969,183
88.833226299999993,171
88.83594291,189
88.838659519999993,193
88.84137613,187
88.844092739999994,183
88.846809350000001,175
88.849525959999994,178
88.852242570000001,166
88.854959179999994,179
88.857675790000002,203
88.860392399999995,198
88.863109010000002,166
88.865825619999995,172
88.868542230000003,182
88.871258839999996,184
88.873975450000003,154
88.876692059999996,188
88.879408670000004,170
88.882125279999997,189
88.884841890000004,166
88.887558499999997,197
88.890275110000005,186
88.892991719999998,176
88.895708330000005,177
88.898424939999998,187
88.901141550000006,199
88.903858159999999,175
88.906574769999992,179
88.909291379999999,186
88.912007989999992,162
88.9147246,156
88.917441209999993,178
88.92015782,188
88.922874429999993,176
88.92559104,186
88.928307649999994,166
88.931024260000001,183
88.933740869999994,152
88.936457480000001,164
88.939174089999995,185
88.941890700000002,186
88.944607309999995,186
88.947323920000002,184
88.950040529999995,187
88.952757140000003,167
88.955473749999996,173
88.958190360000003,192
88.960906969999996,202
88.963623580000004,177
88.966340189999997,149
88.969056800000004,171
88.971773409999997,157
88.974490020000005,169
88.977206629999998,196
88.979923240000005,193
88.982639849999998,170
88.985356460000006,164
88.988073069999999,162
88.990789679999992,200
88.993506289999999,187
88.996222899999992,182
88.99893951,160
89.001656119999993,162
89.00437273,183
89.007089339999993,164
89.009805950000001,184
89.012522559999994,192
89.015239170000001,160
89.017955779999994,190
89.020672390000001,185
89.023388999999995,158
89.026105610000002,181
89.028822219999995,172
89.031538830000002,179
89.034255439999995,191
89.036972050000003,172
89.039688659999996,172
89.042405270000003,166
89.045121879999996,160
89.047838490000004,178
89.050555099999997,186
89.053271710000004,165
89.055988319999997,173
89.058704930000005,166
89.061421539999998,191
89.064138150000005,177
89.066854759999998,172
89.069571370000006,193
89.072287979999999,192
89.075004589999992,210
89.077721199999999,168
89.080437809999992,170
89.08315442,177
89.085871029999993,196
89.08858764,183
89.091304249999993,163
89.094020860000001,191
89.096737469999994,177
89.099454080000001,166
89.102170689999994,162
89.104887300000001,144
89.107603909999995,161
89.110320520000002,174
89.113037129999995,180
89.115753740000002,162
89.118470349999996,180
89.121186960000003,170
89.123903569999996,176
89.126620180000003,161
89.129336789999996,166
89.132053400000004,168
89.134770009999997,179
89.137486620000004,176
89.140203229999997,191
89.142919840000005,163
89.145636449999998,169
89.148353060000005,169
89.151069669999998,143
89.153786280000006,164
89.156502889999999,182
89.159219499999992,145
89.161936109999999,161
89.164652719999992,153
89.16736933,155
89.170085939999993,195
89.17280255,152
89.175519159999993,155
89.178235770000001,186
89.180952379999994,183
89.183668990000001,151
89.186385599999994,184
89.189102210000001,196
89.191818819999995,212
89.194535430000002,181
89.197252039999995,158
89.199968650000002,181
89.202685259999996,172
89.205401870000003,177
89.208118479999996,176
89.210835090000003,179
89.213551699999996,175
89.216268310000004,164
89.218984919999997,167
89.221701530000004,177
89.224418139999997,187
89.227134750000005,152
89.229851359999998,170
89.232567970000005,178
89.235284579999998,167
89.238001190000006,153
89.240717799999999,167
89.243434409999992,188
89.246151019999999,165
89.248867629999992,187
89.25158424,195
89.254300849999993,152
89.25701746,189
89.259734069999993,196
89.262450680000001,170
89.265167289999994,165
89.267883900000001,205
89.270600509999994,184
89.273317120000002,176
89.276033729999995,167
89.278750340000002,181
89.281466949999995,148
89.284183560000002,180
89.286900169999996,172
89.289616780000003,194
89.292333389999996,168
89.295050000000003,155
89.297766609999996,160
89.300483220000004,181
89.303199829999997,152
89.305916440000004,187
89.308633049999997,188
89.311349660000005,160
89.314066269999998,171
89.316782880000005,160
89.319499489999998,193
89.322216100000006,161
89.324932709999999,188
89.327649319999992,153
89.330365929999999,177
89.333082539999992,153
89.33579915,159
89.338515759999993,175
89.34123237,172
89.343948979999993,177
89.346665590000001,183
89.349382199999994,145
89.352098810000001,189
89.354815419999994,160
89.357532030000002,181
89.360248639999995,174
89.362965250000002,181
89.365681859999995,183
89.368398470000002,152
89.371115079999996,185
89.373831690000003,182
89.376548299999996,157
89.379264910000003,162
89.381981519999997,161
89.384698130000004,188
89.387414739999997,201
89.390131350000004,178
89.392847959999997,166
89.395564570000005,173
89.398281179999998,162
89.400997790000005,166
89.403714399999998,156
89.406431010000006,178
89.409147619999999,176
89.411864229999992,159
89.414580839999999,181
89.417297449999992,171
89.42001406,177
89.422730669999993,184
89.42544728,175
89.428163889999993,165
89.430880500000001,170
89.433597109999994,148
89.436313720000001,192
89.439030329999994,165
89.441746940000002,214
89.444463549999995,148
89.447180160000002,157
89.449896769999995,173
89.452613380000003,169
89.455329989999996,199
89.458046600000003,155
89.460763209999996,172
89.463479820000003,172
89.466196429999997,166
89.468913040000004,202
89.471629649999997,165
89.474346260000004,173
89.477062869999997,185
89.479779480000005,203
89.482496089999998,173
89.485212700000005,172
89.487929309999998,172
89.490645920000006,193
89.493362529999999,179
89.496079139999992,173
89.498795749999999,166
89.501512359999992,173
89.50422897,170
89.506945579999993,178
89.50966219,173
89.512378799999993,129
89.515095410000001,160
89.517812019999994,171
89.520528630000001,170
89.523245239999994,172
89.525961850000002,192
89.528678459999995,203
89.531395070000002,172
89.534111679999995,187
89.536828290000003,172
89.539544899999996,169
89.542261510000003,198
89.544978119999996,151
89.547694730000003,175
89.550411339999997,152
89.553127950000004,171
89.555844559999997,176
89.558561170000004,179
89.561277779999998,165
89.563994390000005,194
89.566710999999998,184
89.569427610000005,182
89.572144219999998,153
89.574860830000006,181
89.577577439999999,169
89.580294049999992,197
89.583010659999999,167
89.585727269999992,169
89.58844388,183
89.591160489999993,174
89.5938771,180
89.596593709999993,184
89.599310320000001,191
89.602026929999994,161
89.604743540000001,185
89.607460149999994,194
89.610176760000002,165
89.612893369999995,154
89.615609980000002,179
89.618326589999995,165
89.621043200000003,178
89.623759809999996,143
89.626476420000003,158
89.629193029999996,157
89.631909640000003,148
89.634626249999997,157
89.637342860000004,169
89.640059469999997,175
89.642776080000004,173
89.645492689999998,177
89.648209300000005,180
89.650925909999998,170
89.653642520000005,159
89.656359129999998,187
89.659075740000006,157
89.661792349999999,177
89.664508959999992,183
89.667225569999999,173
89.669942179999993,169
89.67265879,184
89.675375399999993,180
89.67809201,145
89.680808619999993,153
89.683525230000001,168
89.686241839999994,174
89.688958450000001,151
89.691675059999994,190
89.694391670000002,177
89.697108279999995,157
89.699824890000002,147
89.702541499999995,158
89.705258110000003,159
89.707974719999996,198
89.710691330000003,163
89.713407939999996,175
89.716124550000004,173
89.718841159999997,178
89.721557770000004,172
89.724274379999997,172
89.726990990000004,187
89.729707599999998,184
89.732424210000005,186
89.735140819999998,158
89.737857430000005,170
89.740574039999998,166
89.743290650000006,170
89.746007259999999,181
89.748723869999992,197
89.751440479999999,153
89.754157089999993,171
89.7568737,163
89.759590309999993,208
89.76230692,145
89.765023529999993,174
89.767740140000001,180
89.770456749999994,168
89.773173360000001,189
89.775889969999994,182
89.778606580000002,186
89.781323189999995,183
89.784039800000002,207
89.786756409999995,198
89.789473020000003,173
89.792189629999996,178
89.794906240000003,154
89.797622849999996,172
89.800339460000004,174
89.803056069999997,175
89.805772680000004,173
89.808489289999997,155
89.811205900000004,185
89.813922509999998,171
89.816639120000005,173
89.819355729999998,164
89.822072340000005,156
89.824788949999999,178
89.827505560000006,177
89.830222169999999,187
89.832938779999992,182
89.835655389999999,165
89.838371999999993,150
89.84108861,163
89.843805219999993,172
89.84652183,184
89.849238439999993,203
89.851955050000001,163
89.854671659999994,159
89.857388270000001,171
89.860104879999994,181
89.862821490000002,168
89.865538099999995,167
89.868254710000002,178
89.870971319999995,178
89.873687930000003,170
89.876404539999996,166
89.879121150000003,169
89.881837759999996,158
89.884554370000004,159
89.887270979999997,177
89.889987590000004,154
89.892704199999997,182
89.895420810000005,169
89.898137419999998,173
89.900854030000005,176
89.903570639999998,170
89.906287250000005,171
89.909003859999999,172
89.911720470000006,169
89.914437079999999,168
89.917153689999992,174
89.919870299999999,168
89.922586909999993,178
89.92530352,172
89.928020129999993,181
89.93073674,164
89.933453349999994,172
89.936169960000001,204
89.938886569999994,204
89.941603180000001,187
89.944319789999994,172
89.947036400000002,175
89.949753009999995,179
89.952469620000002,176
89.955186229999995,191
89.957902840000003,162
89.960619449999996,170
89.963336060000003,153
89.966052669999996,199
89.968769280000004,174
89.971485889999997,158
89.974202500000004,167
89.976919109999997,175
89.979635720000005,169
89.982352329999998,162
89.985068940000005,171
89.987785549999998,164
89.990502160000005,183
89.993218769999999,200
89.995935379999992,167
89.998651989999999,172
